# Blender 4.5.4 LTS
# www.blender.org
mtllib B1.mtl
o B1FINAL
v 0.007500 0.058276 0.018462
v 0.007500 0.007157 -0.002242
v 0.007500 0.006450 -0.003827
v 0.007500 0.008656 -0.013456
v 0.007500 0.007481 -0.000538
v 0.007500 0.010454 0.003157
v 0.007500 -0.008656 0.013456
v 0.007500 -0.002499 0.007071
v 0.007500 -0.000808 0.007456
v 0.007500 0.005398 -0.005207
v 0.007500 0.007404 0.001196
v 0.007500 0.055501 0.022778
v 0.007500 0.016753 0.029801
v 0.007500 0.007208 0.008204
v 0.007500 0.002613 0.007030
v 0.007500 0.004158 0.006242
v 0.007500 0.000927 0.007442
v 0.007500 -0.004057 0.006308
v 0.007500 0.004057 -0.006308
v -0.007500 -0.008656 0.013456
v -0.007500 0.016753 0.029801
v -0.007500 -0.000808 0.007456
v -0.007500 0.000927 0.007442
v -0.007500 0.002613 0.007030
v -0.007500 0.007208 0.008204
v -0.007500 0.007481 -0.000538
v -0.007500 0.007404 0.001196
v -0.007500 0.010454 0.003157
v -0.007500 0.058276 0.018462
v -0.007500 0.008656 -0.013456
v -0.007500 0.006450 -0.003827
v -0.007500 -0.002499 0.007071
v -0.007500 0.004158 0.006242
v -0.007500 0.055501 0.022778
v -0.007500 0.007157 -0.002242
v -0.007500 0.005398 -0.005207
v -0.007500 0.004057 -0.006308
v -0.007500 -0.004057 0.006308
v -0.007500 0.005398 -0.005207
v -0.007500 0.004057 -0.006308
v 0.007500 0.004057 -0.006308
v -0.007500 0.006450 -0.003827
v 0.007500 0.005398 -0.005207
v -0.007500 0.007157 -0.002242
v 0.007500 0.006450 -0.003827
v -0.007500 0.007481 -0.000538
v 0.007500 0.007157 -0.002242
v -0.007500 0.007404 0.001196
v 0.007500 0.007481 -0.000538
v 0.007500 0.007404 0.001196
v -0.007500 0.002613 0.007030
v -0.007500 0.004158 0.006242
v 0.007500 0.004158 0.006242
v -0.007500 0.000927 0.007442
v 0.007500 0.002613 0.007030
v -0.007500 -0.000808 0.007456
v 0.007500 0.000927 0.007442
v -0.007500 -0.002499 0.007071
v 0.007500 -0.000808 0.007456
v -0.007500 -0.004057 0.006308
v 0.007500 -0.002499 0.007071
v 0.007500 -0.004057 0.006308
v -0.005000 0.055862 0.057336
v 0.005000 0.055862 0.057336
v 0.005000 0.058486 0.058733
v -0.005000 0.058486 0.058733
v 0.005000 0.061305 0.059678
v -0.005000 0.061305 0.059678
v 0.005000 0.064241 0.060146
v -0.005000 0.064241 0.060146
v 0.005000 0.067213 0.060125
v -0.005000 0.067213 0.060125
v 0.005000 0.070142 0.059615
v -0.005000 0.070142 0.059615
v 0.005000 0.072947 0.058630
v -0.005000 0.072947 0.058630
v 0.005000 0.075552 0.057197
v -0.005000 0.075552 0.057197
v 0.005000 0.077885 0.055354
v -0.005000 0.077885 0.055354
v 0.005000 0.079882 0.053153
v -0.005000 0.079882 0.053153
v 0.005000 0.081491 0.050652
v -0.005000 0.081491 0.050652
v 0.005000 0.082666 0.047922
v -0.005000 0.082666 0.047922
v 0.005000 0.083375 0.045035
v -0.005000 0.083375 0.045035
v 0.005000 0.083599 0.042070
v -0.005000 0.083599 0.042070
v 0.005000 0.083333 0.039109
v -0.005000 0.083333 0.039109
v 0.005000 0.082583 0.036233
v -0.005000 0.082583 0.036233
v 0.005000 0.081369 0.033519
v -0.005000 0.081369 0.033519
v 0.005000 0.079726 0.031042
v -0.005000 0.079726 0.031042
v 0.005000 0.077697 0.028869
v -0.005000 0.077697 0.028869
v 0.005000 0.075338 0.027059
v -0.005000 0.075338 0.027059
v -0.005000 0.056569 0.051549
v -0.005000 0.058567 0.053131
v 0.005000 0.058567 0.053131
v -0.005000 0.054918 0.049608
v 0.005000 0.056569 0.051549
v -0.005000 0.053678 0.047381
v 0.005000 0.054918 0.049608
v -0.005000 0.052896 0.044956
v 0.005000 0.053678 0.047381
v -0.005000 0.052602 0.042424
v 0.005000 0.052896 0.044956
v -0.005000 0.052807 0.039884
v 0.005000 0.052602 0.042424
v -0.005000 0.053505 0.037433
v 0.005000 0.052807 0.039884
v -0.005000 0.054667 0.035165
v 0.005000 0.053505 0.037433
v -0.005000 0.056249 0.033167
v 0.005000 0.054667 0.035165
v -0.005000 0.058190 0.031516
v 0.005000 0.056249 0.033167
v -0.005000 0.060416 0.030276
v 0.005000 0.058190 0.031516
v -0.005000 0.062842 0.029494
v 0.005000 0.060416 0.030276
v -0.005000 0.065373 0.029200
v 0.005000 0.062842 0.029494
v -0.005000 0.067914 0.029405
v 0.005000 0.065373 0.029200
v -0.005000 0.070365 0.030103
v 0.005000 0.067914 0.029405
v -0.005000 0.072633 0.031265
v 0.005000 0.070365 0.030103
v -0.005000 0.074631 0.032847
v 0.005000 0.072633 0.031265
v -0.005000 0.076281 0.034788
v 0.005000 0.074631 0.032847
v -0.005000 0.077522 0.037014
v 0.005000 0.076281 0.034788
v -0.005000 0.078304 0.039440
v 0.005000 0.077522 0.037014
v -0.005000 0.078598 0.041971
v 0.005000 0.078304 0.039440
v -0.005000 0.078392 0.044511
v 0.005000 0.078598 0.041971
v -0.005000 0.077695 0.046963
v 0.005000 0.078392 0.044511
v -0.005000 0.076533 0.049231
v 0.005000 0.077695 0.046963
v -0.005000 0.074951 0.051229
v 0.005000 0.076533 0.049231
v -0.005000 0.073010 0.052879
v 0.005000 0.074951 0.051229
v -0.005000 0.070783 0.054120
v 0.005000 0.073010 0.052879
v -0.005000 0.068358 0.054902
v 0.005000 0.070783 0.054120
v -0.005000 0.065826 0.055196
v 0.005000 0.068358 0.054902
v -0.005000 0.063286 0.054990
v 0.005000 0.065826 0.055196
v -0.005000 0.060835 0.054293
v 0.005000 0.063286 0.054990
v 0.005000 0.060835 0.054293
v 0.001728 0.006867 -0.010675
v 0.000976 0.007227 -0.011236
v 0.005500 0.009738 -0.015138
v 0.006265 0.009656 -0.015010
v 0.006914 0.009421 -0.014646
v 0.007500 0.004057 -0.006308
v 0.001964 0.005819 -0.009045
v 0.002085 0.006358 -0.009885
v -0.001728 0.006867 -0.010675
v -0.006265 0.009656 -0.015010
v -0.005500 0.009738 -0.015138
v 0.007348 0.009070 -0.014100
v 0.007500 0.008656 -0.013456
v 0.001393 0.005371 -0.008350
v -0.007500 0.004057 -0.006308
v -0.007500 0.008656 -0.013456
v -0.002085 0.006358 -0.009885
v -0.006914 0.009421 -0.014646
v 0.000503 0.005118 -0.007957
v -0.000503 0.005118 -0.007957
v -0.001964 0.005819 -0.009045
v -0.001393 0.005371 -0.008350
v -0.007348 0.009070 -0.014100
v -0.000976 0.007227 -0.011236
v 0.000000 0.007358 -0.011438
v 0.005500 0.009738 -0.015138
v -0.005000 0.061040 0.017862
v 0.005000 0.061040 0.017862
v 0.005000 0.075338 0.027059
v -0.005000 0.075338 0.027059
v -0.005500 0.009738 -0.015138
v -0.005500 0.061040 0.017862
v 0.005500 0.061040 0.017862
v -0.005500 -0.009738 0.015138
v 0.005000 0.016334 0.031909
v -0.005000 0.016334 0.031909
v -0.005000 0.055862 0.057336
v 0.005000 0.055862 0.057336
v 0.005500 -0.009738 0.015138
v 0.005500 0.016334 0.031909
v -0.005500 0.016334 0.031909
v 0.001964 -0.006624 0.010298
v 0.006265 -0.009656 0.015010
v 0.005500 -0.009738 0.015138
v 0.006914 -0.009421 0.014646
v 0.007500 -0.008656 0.013456
v 0.007348 -0.009070 0.014100
v -0.001393 -0.007072 0.010994
v -0.005500 -0.009738 0.015138
v -0.006265 -0.009656 0.015010
v 0.002085 -0.006085 0.009459
v -0.007348 -0.009070 0.014100
v -0.007500 -0.008656 0.013456
v -0.006914 -0.009421 0.014646
v 0.007500 -0.004057 0.006308
v 0.001728 -0.005576 0.008668
v 0.000976 -0.005216 0.008108
v 0.001393 -0.007072 0.010994
v -0.007500 -0.004057 0.006308
v -0.002085 -0.006085 0.009459
v 0.000503 -0.007325 0.011387
v -0.000503 -0.007325 0.011387
v -0.001964 -0.006624 0.010298
v -0.001728 -0.005576 0.008668
v -0.000976 -0.005216 0.008108
v 0.000000 -0.005085 0.007906
v 0.000000 0.013342 0.022256
v -0.000976 0.013287 0.020010
v 0.000000 0.013417 0.019808
v 0.000000 0.013342 0.022256
v -0.001728 0.012926 0.020570
v 0.000000 0.013342 0.022256
v -0.002085 0.012418 0.021361
v 0.000000 0.013342 0.022256
v -0.001964 0.011878 0.022200
v 0.000000 0.013342 0.022256
v -0.001393 0.011431 0.022896
v 0.000000 0.013342 0.022256
v -0.000503 0.011178 0.023289
v 0.000000 0.013342 0.022256
v 0.000503 0.011178 0.023289
v 0.000000 0.013342 0.022256
v 0.001393 0.011431 0.022896
v 0.000000 0.013342 0.022256
v 0.001964 0.011878 0.022200
v 0.000000 0.013342 0.022256
v 0.002085 0.012418 0.021361
v 0.000000 0.013342 0.022256
v 0.001728 0.012926 0.020570
v 0.000000 0.013342 0.022256
v 0.000976 0.013287 0.020010
v 0.000000 0.013342 0.022256
v -0.000976 -0.005216 0.008108
v 0.000000 -0.005085 0.007906
v 0.000000 0.013417 0.019808
v -0.001728 -0.005576 0.008668
v -0.000976 0.013287 0.020010
v -0.002085 -0.006085 0.009459
v -0.001728 0.012926 0.020570
v -0.001964 -0.006624 0.010298
v -0.002085 0.012418 0.021361
v -0.001393 -0.007072 0.010994
v -0.001964 0.011878 0.022200
v -0.000503 -0.007325 0.011387
v -0.001393 0.011431 0.022896
v 0.000503 -0.007325 0.011387
v -0.000503 0.011178 0.023289
v 0.001393 -0.007072 0.010994
v 0.000503 0.011178 0.023289
v 0.001964 -0.006624 0.010298
v 0.001393 0.011431 0.022896
v 0.002085 -0.006085 0.009459
v 0.001964 0.011878 0.022200
v 0.001728 -0.005576 0.008668
v 0.002085 0.012418 0.021361
v 0.000976 -0.005216 0.008108
v 0.001728 0.012926 0.020570
v 0.000976 0.013287 0.020010
v 0.000000 0.025785 0.002913
v -0.000976 0.025730 0.000666
v 0.000000 0.025860 0.000464
v 0.000000 0.025785 0.002913
v -0.001728 0.025369 0.001227
v 0.000000 0.025785 0.002913
v -0.002085 0.024861 0.002017
v 0.000000 0.025785 0.002913
v -0.001964 0.024321 0.002856
v 0.000000 0.025785 0.002913
v -0.001393 0.023874 0.003552
v 0.000000 0.025785 0.002913
v -0.000503 0.023621 0.003945
v 0.000000 0.025785 0.002913
v 0.000503 0.023621 0.003945
v 0.000000 0.025785 0.002913
v 0.001393 0.023874 0.003552
v 0.000000 0.025785 0.002913
v 0.001964 0.024321 0.002856
v 0.000000 0.025785 0.002913
v 0.002085 0.024861 0.002017
v 0.000000 0.025785 0.002913
v 0.001728 0.025369 0.001227
v 0.000000 0.025785 0.002913
v 0.000976 0.025730 0.000666
v 0.000000 0.025785 0.002913
v -0.000976 0.007227 -0.011236
v 0.000000 0.007358 -0.011438
v 0.000000 0.025860 0.000464
v -0.001728 0.006867 -0.010675
v -0.000976 0.025730 0.000666
v -0.002085 0.006358 -0.009885
v -0.001728 0.025369 0.001227
v -0.001964 0.005819 -0.009045
v -0.002085 0.024861 0.002017
v -0.001393 0.005371 -0.008350
v -0.001964 0.024321 0.002856
v -0.000503 0.005118 -0.007957
v -0.001393 0.023874 0.003552
v 0.000503 0.005118 -0.007957
v -0.000503 0.023621 0.003945
v 0.001393 0.005371 -0.008350
v 0.000503 0.023621 0.003945
v 0.001964 0.005819 -0.009045
v 0.001393 0.023874 0.003552
v 0.002085 0.006358 -0.009885
v 0.001964 0.024321 0.002856
v 0.001728 0.006867 -0.010675
v 0.002085 0.024861 0.002017
v 0.000976 0.007227 -0.011236
v 0.001728 0.025369 0.001227
v 0.000976 0.025730 0.000666
v 0.005500 0.016334 0.031909
v 0.005500 0.056712 0.024591
v 0.005000 0.056712 0.024591
v 0.005000 0.016334 0.031909
v 0.005500 0.056712 0.024591
v 0.005500 0.061040 0.017862
v 0.005000 0.061040 0.017862
v 0.005000 0.056712 0.024591
v 0.005000 0.064241 0.060146
v 0.005000 0.061305 0.059678
v 0.005000 0.063286 0.054990
v 0.005000 0.058486 0.058733
v 0.005000 0.060835 0.054293
v 0.005000 0.055862 0.057336
v 0.005000 0.058567 0.053131
v 0.005000 0.065826 0.055196
v 0.005000 0.067213 0.060125
v 0.005000 0.070142 0.059615
v 0.005000 0.068358 0.054902
v 0.005000 0.070783 0.054120
v 0.005000 0.056569 0.051549
v 0.005000 0.016334 0.031909
v 0.005000 0.054918 0.049608
v 0.005000 0.053678 0.047381
v 0.005000 0.052602 0.042424
v 0.005000 0.052896 0.044956
v 0.005000 0.053505 0.037433
v 0.005000 0.052807 0.039884
v 0.005000 0.081491 0.050652
v 0.005000 0.076533 0.049231
v 0.005000 0.077695 0.046963
v 0.005000 0.077885 0.055354
v 0.005000 0.075552 0.057197
v 0.005000 0.073010 0.052879
v 0.005000 0.072947 0.058630
v 0.005000 0.056249 0.033167
v 0.005000 0.054667 0.035165
v 0.005000 0.082666 0.047922
v 0.005000 0.079882 0.053153
v 0.005000 0.074951 0.051229
v 0.005000 0.056712 0.024591
v 0.005000 0.065373 0.029200
v 0.005000 0.062842 0.029494
v 0.005000 0.077697 0.028869
v 0.005000 0.074631 0.032847
v 0.005000 0.072633 0.031265
v 0.005000 0.079726 0.031042
v 0.005000 0.076281 0.034788
v 0.005000 0.081369 0.033519
v 0.005000 0.077522 0.037014
v 0.005000 0.083375 0.045035
v 0.005000 0.078392 0.044511
v 0.005000 0.078598 0.041971
v 0.005000 0.058190 0.031516
v 0.005000 0.067914 0.029405
v 0.005000 0.082583 0.036233
v 0.005000 0.083333 0.039109
v 0.005000 0.078304 0.039440
v 0.005000 0.083599 0.042070
v 0.005000 0.060416 0.030276
v 0.005000 0.070365 0.030103
v 0.005000 0.061040 0.017862
v 0.005000 0.075338 0.027059
v -0.005000 0.016334 0.031909
v -0.005000 0.056712 0.024591
v -0.005500 0.056712 0.024591
v -0.005500 0.016334 0.031909
v -0.005000 0.056712 0.024591
v -0.005000 0.061040 0.017862
v -0.005500 0.061040 0.017862
v -0.005500 0.056712 0.024591
v -0.005000 0.079726 0.031042
v -0.005000 0.077697 0.028869
v -0.005000 0.074631 0.032847
v -0.005000 0.075338 0.027059
v -0.005000 0.072633 0.031265
v -0.005000 0.058486 0.058733
v -0.005000 0.060835 0.054293
v -0.005000 0.058567 0.053131
v -0.005000 0.061305 0.059678
v -0.005000 0.063286 0.054990
v -0.005000 0.064241 0.060146
v -0.005000 0.065826 0.055196
v -0.005000 0.083333 0.039109
v -0.005000 0.078304 0.039440
v -0.005000 0.078598 0.041971
v -0.005000 0.082583 0.036233
v -0.005000 0.077522 0.037014
v -0.005000 0.081369 0.033519
v -0.005000 0.076281 0.034788
v -0.005000 0.067213 0.060125
v -0.005000 0.070142 0.059615
v -0.005000 0.068358 0.054902
v -0.005000 0.072947 0.058630
v -0.005000 0.070783 0.054120
v -0.005000 0.070365 0.030103
v -0.005000 0.061040 0.017862
v -0.005000 0.067914 0.029405
v -0.005000 0.075552 0.057197
v -0.005000 0.073010 0.052879
v -0.005000 0.077885 0.055354
v -0.005000 0.074951 0.051229
v -0.005000 0.081491 0.050652
v -0.005000 0.082666 0.047922
v -0.005000 0.077695 0.046963
v -0.005000 0.062842 0.029494
v -0.005000 0.065373 0.029200
v -0.005000 0.056712 0.024591
v -0.005000 0.079882 0.053153
v -0.005000 0.076533 0.049231
v -0.005000 0.060416 0.030276
v -0.005000 0.055862 0.057336
v -0.005000 0.056569 0.051549
v -0.005000 0.054918 0.049608
v -0.005000 0.083375 0.045035
v -0.005000 0.078392 0.044511
v -0.005000 0.083599 0.042070
v -0.005000 0.056249 0.033167
v -0.005000 0.058190 0.031516
v -0.005000 0.053505 0.037433
v -0.005000 0.054667 0.035165
v -0.005000 0.016334 0.031909
v -0.005000 0.052602 0.042424
v -0.005000 0.052807 0.039884
v -0.005000 0.053678 0.047381
v -0.005000 0.052896 0.044956
v -0.007500 0.058276 0.018462
v -0.007163 0.059161 0.017710
v -0.007348 0.058818 0.017901
v -0.006914 0.059534 0.017590
v -0.006611 0.059924 0.017545
v -0.005500 0.061040 0.017862
v -0.006265 0.060314 0.017576
v -0.005500 0.056712 0.024591
v -0.007462 0.058520 0.018155
v -0.007500 0.055501 0.022778
v -0.007348 0.015837 0.030122
v -0.007163 0.015566 0.030359
v -0.006914 0.015435 0.030635
v -0.006611 0.015450 0.030940
v -0.007462 0.016237 0.029933
v -0.006265 0.015610 0.031263
v -0.007500 0.016753 0.029801
v -0.005890 0.015908 0.031590
v -0.005500 0.016334 0.031909
v -0.005500 0.056712 0.024591
v -0.007500 0.055501 0.022778
v 0.007500 0.058276 0.018462
v 0.007462 0.058520 0.018155
v 0.007348 0.058818 0.017901
v 0.007163 0.059161 0.017710
v 0.006611 0.059924 0.017545
v 0.006265 0.060314 0.017576
v 0.006914 0.059534 0.017590
v 0.005500 0.056712 0.024591
v 0.007500 0.055501 0.022778
v 0.005500 0.061040 0.017862
v 0.007348 0.015837 0.030122
v 0.006611 0.015450 0.030940
v 0.006914 0.015435 0.030635
v 0.007163 0.015566 0.030359
v 0.007462 0.016237 0.029933
v 0.006265 0.015610 0.031263
v 0.007500 0.016753 0.029801
v 0.005890 0.015908 0.031590
v 0.005500 0.016334 0.031909
v 0.007500 0.055501 0.022778
v 0.005500 0.056712 0.024591
v 0.007500 -0.008656 0.013456
v 0.007462 0.016237 0.029933
v 0.007348 0.015837 0.030122
v 0.007500 0.016753 0.029801
v 0.006914 -0.009421 0.014646
v 0.007348 -0.009070 0.014100
v 0.007163 0.015566 0.030359
v 0.006265 -0.009656 0.015010
v 0.006914 0.015435 0.030635
v 0.006611 0.015450 0.030940
v 0.005500 -0.009738 0.015138
v 0.006265 0.015610 0.031263
v 0.005890 0.015908 0.031590
v 0.005500 0.016334 0.031909
v -0.005500 -0.009738 0.015138
v -0.005890 0.015908 0.031590
v -0.006265 0.015610 0.031263
v -0.005500 0.016334 0.031909
v -0.006265 -0.009656 0.015010
v -0.006611 0.015450 0.030940
v -0.006914 0.015435 0.030635
v -0.006914 -0.009421 0.014646
v -0.007163 0.015566 0.030359
v -0.007348 -0.009070 0.014100
v -0.007500 -0.008656 0.013456
v -0.007348 0.015837 0.030122
v -0.007462 0.016237 0.029933
v -0.007500 0.016753 0.029801
v -0.007348 0.009070 -0.014100
v -0.007500 0.008656 -0.013456
v -0.007500 0.058276 0.018462
v -0.007462 0.058520 0.018155
v -0.006914 0.009421 -0.014646
v -0.007348 0.058818 0.017901
v -0.007163 0.059161 0.017710
v -0.006265 0.009656 -0.015010
v -0.006914 0.059534 0.017590
v -0.006611 0.059924 0.017545
v -0.005500 0.009738 -0.015138
v -0.006265 0.060314 0.017576
v -0.005500 0.061040 0.017862
v 0.005500 0.009738 -0.015138
v 0.005500 0.061040 0.017862
v 0.006265 0.060314 0.017576
v 0.006265 0.009656 -0.015010
v 0.006611 0.059924 0.017545
v 0.006914 0.059534 0.017590
v 0.006914 0.009421 -0.014646
v 0.007163 0.059161 0.017710
v 0.007348 0.058818 0.017901
v 0.007348 0.009070 -0.014100
v 0.007462 0.058520 0.018155
v 0.007500 0.058276 0.018462
v 0.007500 0.008656 -0.013456
v 0.007500 0.007208 0.008204
v -0.007500 0.007208 0.008204
v -0.007500 0.010454 0.003157
v 0.007500 0.010454 0.003157
v 0.007500 0.010454 0.003157
v -0.007500 0.010454 0.003157
v -0.007500 0.007404 0.001196
v 0.007500 0.007404 0.001196
v 0.007500 0.004158 0.006242
v -0.007500 0.004158 0.006242
v -0.007500 0.007208 0.008204
v 0.007500 0.007208 0.008204
v -0.001945 0.007273 -0.011307
v -0.007402 0.008990 -0.013976
v -0.007500 0.008656 -0.013456
v 0.001945 0.007273 -0.011307
v 0.002382 0.006965 -0.010828
v 0.007500 0.008656 -0.013456
v -0.007118 0.009292 -0.014445
v -0.006118 0.009685 -0.015056
v -0.006676 0.009531 -0.014817
v 0.002656 0.006607 -0.010270
v 0.002750 0.006221 -0.009672
v 0.007118 0.009292 -0.014445
v 0.006676 0.009531 -0.014817
v 0.007402 0.008990 -0.013976
v -0.005500 0.009738 -0.015138
v -0.000712 0.007659 -0.011906
v 0.000000 0.007709 -0.011985
v -0.001375 0.007510 -0.011675
v -0.007500 0.004057 -0.006308
v -0.002750 0.006221 -0.009672
v 0.007500 0.004057 -0.006308
v 0.002656 0.005836 -0.009073
v 0.002382 0.005478 -0.008515
v -0.002382 0.006965 -0.010828
v -0.002656 0.006607 -0.010270
v -0.002382 0.005478 -0.008515
v -0.002656 0.005836 -0.009073
v -0.000712 0.004784 -0.007438
v -0.001375 0.004933 -0.007669
v 0.006118 0.009685 -0.015056
v 0.005500 0.009738 -0.015138
v 0.000712 0.007659 -0.011906
v 0.000000 0.004734 -0.007359
v 0.000712 0.004784 -0.007438
v 0.001945 0.005169 -0.008036
v 0.001375 0.004933 -0.007669
v 0.001375 0.007510 -0.011675
v -0.001945 0.005169 -0.008036
v -0.005500 0.003010 -0.019466
v -0.005500 0.009738 -0.015138
v 0.005500 0.009738 -0.015138
v 0.005500 0.003010 -0.019466
v -0.005500 -0.017066 0.008046
v -0.005000 -0.014632 0.004262
v -0.004904 -0.015159 0.005082
v -0.004619 -0.013597 0.002653
v -0.004619 -0.003224 -0.013473
v -0.001625 -0.008255 -0.005651
v -0.005500 0.000246 -0.018866
v -0.003536 -0.000276 -0.018055
v -0.004157 -0.000686 -0.017418
v -0.002179 0.000246 -0.018866
v -0.002778 0.000060 -0.018578
v 0.004619 -0.003224 -0.013473
v 0.004619 -0.013597 0.002653
v 0.001625 -0.008565 -0.005169
v -0.004619 -0.015667 0.005871
v -0.004904 -0.002716 -0.014261
v -0.004904 -0.014104 0.003441
v -0.001625 -0.008565 -0.005169
v -0.005000 -0.002189 -0.015082
v 0.004904 -0.014104 0.003441
v -0.004904 -0.001661 -0.015902
v -0.004619 -0.001154 -0.016691
v 0.005500 0.000246 -0.018866
v 0.003536 -0.000276 -0.018055
v 0.002778 0.000060 -0.018578
v 0.004619 -0.001154 -0.016691
v 0.004157 -0.000686 -0.017418
v 0.004904 -0.002716 -0.014261
v 0.005000 -0.002189 -0.015082
v 0.001625 -0.008255 -0.005651
v 0.005500 -0.017066 0.008046
v 0.005000 -0.014632 0.004262
v -0.003536 -0.016544 0.007235
v -0.002778 -0.016881 0.007758
v 0.004904 -0.001661 -0.015902
v 0.004904 -0.015159 0.005082
v 0.003536 -0.016544 0.007235
v 0.004157 -0.016135 0.006598
v -0.001061 -0.009094 -0.004347
v -0.003536 -0.012719 0.001288
v -0.004157 -0.013129 0.001926
v -0.000564 -0.009249 -0.004106
v -0.002778 -0.012383 0.000765
v -0.004157 -0.016135 0.006598
v -0.001061 -0.007726 -0.006473
v -0.003536 -0.004101 -0.012108
v -0.002778 -0.004438 -0.011585
v 0.004619 -0.015667 0.005871
v 0.002179 -0.017066 0.008046
v 0.002778 -0.016881 0.007758
v -0.001429 -0.008857 -0.004716
v -0.004157 -0.003692 -0.012746
v 0.000975 -0.004842 -0.010957
v 0.000564 -0.007571 -0.006714
v 0.000000 -0.007518 -0.006798
v -0.001429 -0.007964 -0.006104
v -0.000975 -0.004842 -0.010957
v 0.000000 -0.004894 -0.010877
v -0.000564 -0.007571 -0.006714
v -0.001913 -0.004688 -0.011197
v -0.000975 -0.011979 0.000137
v -0.001913 -0.012133 0.000377
v 0.000000 -0.009303 -0.004022
v -0.002179 -0.017066 0.008046
v 0.001913 -0.004688 -0.011197
v 0.001061 -0.007726 -0.006473
v 0.003536 -0.004101 -0.012108
v 0.004157 -0.003692 -0.012746
v 0.002778 -0.004438 -0.011585
v 0.001429 -0.008857 -0.004716
v 0.001061 -0.009094 -0.004347
v 0.003536 -0.012719 0.001288
v 0.002778 -0.012383 0.000765
v 0.004157 -0.013129 0.001926
v 0.000975 -0.011979 0.000137
v 0.000000 -0.011927 0.000057
v 0.000564 -0.009249 -0.004106
v 0.001913 -0.012133 0.000377
v 0.001429 -0.007964 -0.006104
v 0.002179 0.000246 -0.018866
v 0.005500 -0.009738 0.015138
v -0.005500 -0.009738 0.015138
v -0.005500 -0.016466 0.010810
v 0.005500 -0.016466 0.010810
v -0.001945 -0.007273 0.011307
v -0.002382 -0.006965 0.010828
v -0.007500 -0.008656 0.013456
v -0.007118 -0.009292 0.014445
v -0.006676 -0.009531 0.014817
v -0.007402 -0.008990 0.013976
v -0.005500 -0.009738 0.015138
v 0.005500 -0.009738 0.015138
v 0.000000 -0.007709 0.011985
v 0.001945 -0.007273 0.011307
v 0.007402 -0.008990 0.013976
v 0.007500 -0.008656 0.013456
v -0.002656 -0.006607 0.010270
v -0.002750 -0.006221 0.009672
v -0.006118 -0.009685 0.015056
v -0.000712 -0.007659 0.011906
v 0.007118 -0.009292 0.014445
v 0.006118 -0.009685 0.015056
v 0.006676 -0.009531 0.014817
v -0.001375 -0.007510 0.011675
v 0.007500 -0.004057 0.006308
v 0.001945 -0.005169 0.008036
v 0.002382 -0.005478 0.008515
v -0.007500 -0.004057 0.006308
v 0.000000 -0.004734 0.007359
v 0.001375 -0.007510 0.011675
v 0.000712 -0.007659 0.011906
v 0.002656 -0.006607 0.010270
v 0.002382 -0.006965 0.010828
v 0.002750 -0.006221 0.009672
v 0.001375 -0.004933 0.007669
v 0.000712 -0.004784 0.007438
v -0.001945 -0.005169 0.008036
v -0.001375 -0.004933 0.007669
v -0.002656 -0.005836 0.009073
v -0.002382 -0.005478 0.008515
v 0.002656 -0.005836 0.009073
v -0.000712 -0.004784 0.007438
v 0.007500 0.003021 -0.006865
v 0.007500 0.004057 -0.006308
v -0.007500 0.004057 -0.006308
v 0.007500 0.001910 -0.007253
v -0.007500 0.003021 -0.006865
v 0.007500 0.000752 -0.007462
v -0.007500 0.001910 -0.007253
v 0.007500 -0.000425 -0.007488
v -0.007500 0.000752 -0.007462
v 0.007500 -0.001591 -0.007329
v -0.007500 -0.000425 -0.007488
v 0.007500 -0.002718 -0.006990
v -0.007500 -0.001591 -0.007329
v 0.007500 -0.003778 -0.006479
v -0.007500 -0.002718 -0.006990
v 0.007500 -0.004745 -0.005808
v -0.007500 -0.003778 -0.006479
v 0.007500 -0.007462 -0.000752
v 0.007500 -0.007253 -0.001910
v -0.007500 -0.007253 -0.001910
v 0.007500 -0.007488 0.000425
v -0.007500 -0.007462 -0.000752
v 0.007500 -0.007329 0.001591
v -0.007500 -0.007488 0.000425
v 0.007500 -0.006990 0.002718
v -0.007500 -0.007329 0.001591
v 0.007500 -0.006479 0.003778
v -0.007500 -0.006990 0.002718
v 0.007500 -0.005808 0.004745
v -0.007500 -0.006479 0.003778
v 0.007500 -0.004994 0.005595
v -0.007500 -0.005808 0.004745
v 0.007500 -0.004057 0.006308
v -0.007500 -0.004994 0.005595
v -0.007500 -0.006865 -0.003021
v -0.001625 -0.006458 -0.003814
v -0.001650 -0.006308 -0.004057
v -0.001429 -0.006716 -0.003339
v -0.001550 -0.006596 -0.003571
v -0.001160 -0.006865 -0.003021
v -0.007500 -0.005595 -0.004994
v -0.001625 -0.006148 -0.004295
v -0.001551 -0.005985 -0.004521
v -0.007500 -0.006308 -0.004057
v -0.001429 -0.005823 -0.004727
v 0.000826 -0.005419 -0.005185
v 0.001160 -0.005595 -0.004994
v 0.000288 -0.005279 -0.005328
v 0.000564 -0.005333 -0.005274
v 0.000000 -0.005260 -0.005346
v -0.007500 -0.004745 -0.005808
v -0.000286 -0.005279 -0.005328
v -0.000825 -0.005419 -0.005185
v -0.000564 -0.005333 -0.005274
v -0.001160 -0.005595 -0.004994
v 0.007500 -0.005595 -0.004994
v 0.001625 -0.006148 -0.004295
v 0.001650 -0.006308 -0.004057
v 0.001429 -0.005823 -0.004727
v 0.001551 -0.005985 -0.004520
v 0.007500 -0.006865 -0.003021
v 0.001625 -0.006458 -0.003814
v 0.001550 -0.006596 -0.003570
v 0.007500 -0.006308 -0.004057
v 0.001429 -0.006716 -0.003339
v -0.000824 -0.006965 -0.002781
v -0.000287 -0.007037 -0.002595
v -0.000564 -0.007010 -0.002666
v 0.000000 -0.007046 -0.002570
v 0.000287 -0.007037 -0.002595
v 0.000825 -0.006965 -0.002781
v 0.000564 -0.007010 -0.002666
v 0.001160 -0.006865 -0.003021
v -0.007500 -0.004057 0.006308
v -0.007500 0.001928 -0.017784
v -0.007500 -0.005595 -0.004994
v -0.007500 -0.004745 -0.005808
v -0.007500 -0.015384 0.009128
v -0.007500 -0.006308 -0.004057
v -0.007500 -0.000425 -0.007488
v -0.007500 0.000752 -0.007462
v -0.007500 -0.007253 -0.001910
v -0.007500 -0.006865 -0.003021
v -0.007500 -0.007329 0.001591
v -0.007500 -0.007488 0.000425
v -0.007500 0.001910 -0.007253
v -0.007500 0.003021 -0.006865
v -0.007500 -0.001591 -0.007329
v -0.007500 -0.003778 -0.006479
v -0.007500 -0.002718 -0.006990
v -0.007500 -0.007462 -0.000752
v -0.007500 0.008656 -0.013456
v -0.007500 -0.006990 0.002718
v -0.007500 -0.005808 0.004745
v -0.007500 -0.006479 0.003778
v -0.007500 -0.008656 0.013456
v -0.007500 -0.004994 0.005595
v -0.007500 -0.004057 0.006308
v -0.007500 0.004057 -0.006308
v 0.007500 -0.015384 0.009128
v 0.007500 -0.007462 -0.000752
v 0.007500 -0.007488 0.000425
v 0.007500 -0.006308 -0.004057
v 0.007500 -0.006865 -0.003021
v 0.007500 0.001928 -0.017784
v 0.007500 -0.005595 -0.004994
v 0.007500 -0.001591 -0.007329
v 0.007500 -0.002718 -0.006990
v 0.007500 -0.007253 -0.001910
v 0.007500 -0.003778 -0.006479
v 0.007500 -0.004745 -0.005808
v 0.007500 -0.000425 -0.007488
v 0.007500 -0.005808 0.004745
v 0.007500 -0.004994 0.005595
v 0.007500 -0.006990 0.002718
v 0.007500 -0.006479 0.003778
v 0.007500 -0.007329 0.001591
v 0.007500 0.000752 -0.007462
v 0.007500 0.008656 -0.013456
v 0.007500 0.003021 -0.006865
v 0.007500 0.001910 -0.007253
v 0.007500 0.004057 -0.006308
v 0.007500 -0.008656 0.013456
v 0.007500 -0.004057 0.006308
v 0.005500 0.001218 -0.019615
v 0.005500 0.000788 -0.019428
v -0.005500 0.000788 -0.019428
v -0.005500 0.000680 -0.019316
v 0.005500 0.000680 -0.019316
v 0.005500 0.001815 -0.019744
v 0.005500 0.001503 -0.019739
v -0.005500 0.001503 -0.019739
v -0.005500 0.001218 -0.019615
v 0.005500 0.002428 -0.019696
v 0.005500 0.002284 -0.019752
v -0.005500 0.002284 -0.019752
v -0.005500 0.001815 -0.019744
v -0.005500 0.002428 -0.019696
v -0.005500 0.003010 -0.019466
v -0.000975 0.000499 -0.019184
v -0.002179 0.000246 -0.018866
v 0.000975 0.000499 -0.019184
v 0.000000 0.000570 -0.019253
v 0.005500 0.000246 -0.018866
v 0.002179 0.000246 -0.018866
v -0.005500 0.000246 -0.018866
v 0.005500 0.003010 -0.019466
v 0.005500 -0.016466 0.010810
v -0.005500 -0.016466 0.010810
v -0.005500 -0.016916 0.010376
v 0.005500 -0.017214 0.009839
v 0.005500 -0.017027 0.010268
v -0.005500 -0.017027 0.010268
v 0.005500 -0.016916 0.010376
v 0.005500 -0.017344 0.009241
v 0.005500 -0.017339 0.009553
v -0.005500 -0.017339 0.009553
v -0.005500 -0.017214 0.009839
v 0.005500 -0.017295 0.008628
v 0.005500 -0.017352 0.008772
v -0.005500 -0.017352 0.008772
v -0.005500 -0.017344 0.009241
v 0.000975 -0.017250 0.008408
v 0.002179 -0.017066 0.008046
v -0.005500 -0.017295 0.008628
v 0.000000 -0.017283 0.008501
v -0.000975 -0.017250 0.008408
v -0.005500 -0.017066 0.008046
v -0.002179 -0.017066 0.008046
v 0.005500 -0.017066 0.008046
v 0.000000 -0.009303 -0.004022
v 0.000287 -0.007037 -0.002595
v 0.000564 -0.007010 -0.002666
v 0.000000 -0.007046 -0.002570
v 0.000564 -0.009249 -0.004106
v 0.000825 -0.006965 -0.002781
v 0.001053 -0.006897 -0.002945
v 0.001061 -0.009094 -0.004347
v 0.001160 -0.006865 -0.003021
v 0.001429 -0.006716 -0.003339
v 0.001625 -0.008565 -0.005169
v 0.001429 -0.008857 -0.004716
v 0.001550 -0.006596 -0.003570
v 0.001625 -0.008255 -0.005651
v 0.001650 -0.006308 -0.004057
v 0.001625 -0.006458 -0.003814
v 0.001625 -0.006148 -0.004295
v 0.001551 -0.005985 -0.004520
v 0.001429 -0.007964 -0.006104
v 0.001061 -0.007726 -0.006473
v 0.001429 -0.005823 -0.004727
v 0.001160 -0.005595 -0.004994
v 0.000564 -0.007571 -0.006714
v 0.001054 -0.005539 -0.005055
v 0.000826 -0.005419 -0.005185
v 0.000000 -0.007518 -0.006798
v 0.000564 -0.005333 -0.005274
v 0.000288 -0.005279 -0.005328
v -0.000286 -0.005279 -0.005328
v -0.000564 -0.005333 -0.005274
v 0.000000 -0.005260 -0.005346
v -0.000564 -0.007571 -0.006714
v -0.000825 -0.005419 -0.005185
v -0.001053 -0.005539 -0.005055
v -0.001061 -0.007726 -0.006473
v -0.001160 -0.005595 -0.004994
v -0.001429 -0.005823 -0.004727
v -0.001625 -0.008255 -0.005651
v -0.001429 -0.007964 -0.006104
v -0.001551 -0.005985 -0.004521
v -0.001625 -0.008565 -0.005169
v -0.001650 -0.006308 -0.004057
v -0.001625 -0.006148 -0.004295
v -0.001625 -0.006458 -0.003814
v -0.001550 -0.006596 -0.003571
v -0.001429 -0.008857 -0.004716
v -0.001061 -0.009094 -0.004347
v -0.001429 -0.006716 -0.003339
v -0.001160 -0.006865 -0.003021
v -0.000564 -0.009249 -0.004106
v -0.001053 -0.006897 -0.002945
v -0.000824 -0.006965 -0.002781
v -0.000564 -0.007010 -0.002666
v -0.000287 -0.007037 -0.002595
v 0.000712 0.000916 -0.009926
v 0.000000 0.000865 -0.009848
v 0.000000 0.004734 -0.007359
v 0.001375 0.001064 -0.010157
v 0.000712 0.004784 -0.007438
v 0.001945 0.001301 -0.010525
v 0.001375 0.004933 -0.007669
v 0.002382 0.001609 -0.011004
v 0.001945 0.005169 -0.008036
v 0.002656 0.001968 -0.011562
v 0.002382 0.005478 -0.008515
v 0.002750 0.002353 -0.012160
v 0.002656 0.005836 -0.009073
v 0.002656 0.002738 -0.012759
v 0.002750 0.006221 -0.009672
v 0.002382 0.003097 -0.013317
v 0.002656 0.006607 -0.010270
v 0.001945 0.003405 -0.013796
v 0.002382 0.006965 -0.010828
v 0.001375 0.003641 -0.014163
v 0.001945 0.007273 -0.011307
v 0.000712 0.003790 -0.014394
v 0.001375 0.007510 -0.011675
v 0.000000 0.003841 -0.014473
v 0.000712 0.007659 -0.011906
v -0.000712 0.003790 -0.014394
v 0.000000 0.007709 -0.011985
v -0.001375 0.003641 -0.014163
v -0.000712 0.007659 -0.011906
v -0.001945 0.003405 -0.013796
v -0.001375 0.007510 -0.011675
v -0.002382 0.003097 -0.013317
v -0.001945 0.007273 -0.011307
v -0.002656 0.002738 -0.012759
v -0.002382 0.006965 -0.010828
v -0.002750 0.002353 -0.012160
v -0.002656 0.006607 -0.010270
v -0.002656 0.001968 -0.011562
v -0.002750 0.006221 -0.009672
v -0.002382 0.001609 -0.011004
v -0.002656 0.005836 -0.009073
v -0.001945 0.001301 -0.010525
v -0.002382 0.005478 -0.008515
v -0.001375 0.001064 -0.010157
v -0.001945 0.005169 -0.008036
v -0.000712 0.000916 -0.009926
v -0.001375 0.004933 -0.007669
v -0.000712 0.004784 -0.007438
v 0.001913 0.004852 -0.016045
v 0.002778 0.004602 -0.015657
v 0.001375 0.003641 -0.014163
v 0.004619 0.003388 -0.013770
v 0.002656 0.002738 -0.012759
v 0.002382 0.003097 -0.013317
v 0.004619 0.001318 -0.010551
v 0.004157 0.000850 -0.009824
v 0.002382 0.001609 -0.011004
v -0.001913 -0.000146 -0.008275
v -0.001375 0.001064 -0.010157
v -0.000712 0.000916 -0.009926
v -0.004619 0.001318 -0.010551
v -0.002656 0.001968 -0.011562
v -0.002382 0.001609 -0.011004
v -0.004619 0.003388 -0.013770
v -0.004157 0.003856 -0.014497
v -0.002382 0.003097 -0.013317
v -0.001913 0.004852 -0.016045
v -0.000712 0.003790 -0.014394
v -0.001375 0.003641 -0.014163
v 0.000975 0.005006 -0.016285
v 0.000712 0.003790 -0.014394
v 0.000000 0.003841 -0.014473
v 0.004157 0.003856 -0.014497
v 0.004904 0.002880 -0.012981
v 0.005000 0.002353 -0.012160
v 0.002750 0.002353 -0.012160
v 0.004904 0.001825 -0.011340
v 0.002656 0.001968 -0.011562
v 0.001913 -0.000146 -0.008275
v 0.000975 -0.000300 -0.008036
v 0.000712 0.000916 -0.009926
v -0.000975 -0.000300 -0.008036
v -0.002778 0.000104 -0.008664
v -0.003536 0.000440 -0.009187
v -0.001945 0.001301 -0.010525
v -0.004157 0.000850 -0.009824
v -0.004904 0.001825 -0.011340
v -0.005000 0.002353 -0.012160
v -0.002750 0.002353 -0.012160
v -0.004904 0.002880 -0.012981
v -0.002656 0.002738 -0.012759
v -0.003536 0.004265 -0.015134
v -0.001945 0.003405 -0.013796
v -0.002778 0.004602 -0.015657
v -0.000975 0.005006 -0.016285
v 0.000000 0.005058 -0.016365
v 0.003536 0.004265 -0.015134
v 0.001945 0.003405 -0.013796
v 0.003536 0.000440 -0.009187
v 0.001945 0.001301 -0.010525
v 0.002778 0.000104 -0.008664
v 0.001375 0.001064 -0.010157
v 0.000000 0.000865 -0.009848
v 0.000000 -0.000352 -0.007955
v 0.000975 -0.004842 -0.010957
v 0.000000 -0.004894 -0.010877
v 0.000000 -0.000352 -0.007955
v 0.001913 -0.004688 -0.011197
v 0.000975 -0.000300 -0.008036
v 0.002778 -0.004438 -0.011585
v 0.001913 -0.000146 -0.008275
v 0.003536 -0.004101 -0.012108
v 0.002778 0.000104 -0.008664
v 0.004157 -0.003692 -0.012746
v 0.003536 0.000440 -0.009187
v 0.004619 -0.003224 -0.013473
v 0.004157 0.000850 -0.009824
v 0.004904 -0.002716 -0.014261
v 0.004619 0.001318 -0.010551
v 0.005000 -0.002189 -0.015082
v 0.004904 0.001825 -0.011340
v 0.004904 -0.001661 -0.015902
v 0.005000 0.002353 -0.012160
v 0.004619 -0.001154 -0.016691
v 0.004904 0.002880 -0.012981
v 0.004157 -0.000686 -0.017418
v 0.004619 0.003388 -0.013770
v 0.003536 -0.000276 -0.018055
v 0.004157 0.003856 -0.014497
v 0.002778 0.000060 -0.018578
v 0.003536 0.004265 -0.015134
v -0.003536 -0.000276 -0.018055
v -0.002778 0.000060 -0.018578
v -0.002778 0.004602 -0.015657
v -0.004157 -0.000686 -0.017418
v -0.003536 0.004265 -0.015134
v -0.004619 -0.001154 -0.016691
v -0.004157 0.003856 -0.014497
v -0.004904 -0.001661 -0.015902
v -0.004619 0.003388 -0.013770
v -0.005000 -0.002189 -0.015082
v -0.004904 0.002880 -0.012981
v -0.004904 -0.002716 -0.014261
v -0.005000 0.002353 -0.012160
v -0.004619 -0.003224 -0.013473
v -0.004904 0.001825 -0.011340
v -0.004157 -0.003692 -0.012746
v -0.004619 0.001318 -0.010551
v -0.003536 -0.004101 -0.012108
v -0.004157 0.000850 -0.009824
v -0.002778 -0.004438 -0.011585
v -0.003536 0.000440 -0.009187
v -0.001913 -0.004688 -0.011197
v -0.002778 0.000104 -0.008664
v -0.000975 -0.004842 -0.010957
v -0.001913 -0.000146 -0.008275
v -0.000975 -0.000300 -0.008036
v -0.002179 0.000246 -0.018866
v -0.001913 0.004852 -0.016045
v -0.001904 0.000304 -0.018939
v -0.000975 0.000499 -0.019184
v -0.000975 0.005006 -0.016285
v 0.000000 0.000570 -0.019253
v 0.000975 0.005006 -0.016285
v 0.000000 0.005058 -0.016365
v 0.001913 0.004852 -0.016045
v 0.000975 0.000499 -0.019184
v 0.002778 0.004602 -0.015657
v 0.002179 0.000246 -0.018866
v 0.001904 0.000304 -0.018939
v 0.000712 -0.011527 0.009417
v 0.000000 -0.011578 0.009496
v 0.000000 -0.007709 0.011985
v 0.001375 -0.011379 0.009186
v 0.000712 -0.007659 0.011906
v 0.001945 -0.011142 0.008819
v 0.001375 -0.007510 0.011675
v 0.002382 -0.010834 0.008340
v 0.001945 -0.007273 0.011307
v 0.002656 -0.010475 0.007782
v 0.002382 -0.006965 0.010828
v 0.002750 -0.010090 0.007183
v 0.002656 -0.006607 0.010270
v 0.002656 -0.009705 0.006585
v 0.002750 -0.006221 0.009672
v 0.002382 -0.009346 0.006027
v 0.002656 -0.005836 0.009073
v 0.001945 -0.009038 0.005548
v 0.002382 -0.005478 0.008515
v 0.001375 -0.008802 0.005180
v 0.001945 -0.005169 0.008036
v 0.000712 -0.008653 0.004949
v 0.001375 -0.004933 0.007669
v 0.000000 -0.008602 0.004870
v 0.000712 -0.004784 0.007438
v -0.000712 -0.008653 0.004949
v 0.000000 -0.004734 0.007359
v -0.001375 -0.008802 0.005180
v -0.000712 -0.004784 0.007438
v -0.001945 -0.009038 0.005548
v -0.001375 -0.004933 0.007669
v -0.002382 -0.009346 0.006027
v -0.001945 -0.005169 0.008036
v -0.002656 -0.009705 0.006585
v -0.002382 -0.005478 0.008515
v -0.002750 -0.010090 0.007183
v -0.002656 -0.005836 0.009073
v -0.002656 -0.010475 0.007782
v -0.002750 -0.006221 0.009672
v -0.002382 -0.010834 0.008340
v -0.002656 -0.006607 0.010270
v -0.001945 -0.011142 0.008819
v -0.002382 -0.006965 0.010828
v -0.001375 -0.011379 0.009186
v -0.001945 -0.007273 0.011307
v -0.000712 -0.011527 0.009417
v -0.001375 -0.007510 0.011675
v -0.000712 -0.007659 0.011906
v -0.001913 -0.012589 0.011068
v -0.002778 -0.012339 0.010680
v -0.001375 -0.011379 0.009186
v -0.004619 -0.011125 0.008792
v -0.002656 -0.010475 0.007782
v -0.002382 -0.010834 0.008340
v -0.000975 -0.012743 0.011308
v -0.000712 -0.011527 0.009417
v 0.000000 -0.011578 0.009496
v -0.004157 -0.011593 0.009519
v -0.001945 -0.011142 0.008819
v -0.004619 -0.009055 0.005574
v -0.004157 -0.008587 0.004847
v -0.002382 -0.009346 0.006027
v -0.001913 -0.007591 0.003298
v -0.000975 -0.007437 0.003059
v -0.000712 -0.008653 0.004949
v 0.002778 -0.007841 0.003687
v 0.003536 -0.008177 0.004210
v 0.001945 -0.009038 0.005548
v 0.004157 -0.008587 0.004847
v 0.002382 -0.009346 0.006027
v 0.004619 -0.009055 0.005574
v 0.002656 -0.009705 0.006585
v -0.003536 -0.012003 0.010157
v -0.004904 -0.010618 0.008004
v -0.005000 -0.010090 0.007183
v -0.002750 -0.010090 0.007183
v -0.002656 -0.009705 0.006585
v -0.004904 -0.009562 0.006363
v -0.003536 -0.008177 0.004210
v -0.001945 -0.009038 0.005548
v -0.002778 -0.007841 0.003687
v -0.001375 -0.008802 0.005180
v 0.001913 -0.007591 0.003298
v 0.001375 -0.008802 0.005180
v 0.000712 -0.008653 0.004949
v 0.004904 -0.009562 0.006363
v 0.005000 -0.010090 0.007183
v 0.002750 -0.010090 0.007183
v 0.004904 -0.010618 0.008004
v 0.002656 -0.010475 0.007782
v 0.004619 -0.011125 0.008792
v 0.002382 -0.010834 0.008340
v 0.004157 -0.011593 0.009519
v 0.003536 -0.012003 0.010157
v 0.001945 -0.011142 0.008819
v 0.002778 -0.012339 0.010680
v 0.001375 -0.011379 0.009186
v 0.000000 -0.007385 0.002978
v 0.000000 -0.008602 0.004870
v 0.000975 -0.007437 0.003059
v 0.001913 -0.012589 0.011068
v 0.000712 -0.011527 0.009417
v 0.000975 -0.012743 0.011308
v 0.000000 -0.012795 0.011388
v 0.003536 -0.016544 0.007235
v 0.002778 -0.016881 0.007758
v 0.002778 -0.012339 0.010680
v 0.004157 -0.016135 0.006598
v 0.003536 -0.012003 0.010157
v 0.004619 -0.015667 0.005871
v 0.004157 -0.011593 0.009519
v 0.004904 -0.015159 0.005082
v 0.004619 -0.011125 0.008792
v 0.005000 -0.014632 0.004262
v 0.004904 -0.010618 0.008004
v 0.004904 -0.014104 0.003441
v 0.005000 -0.010090 0.007183
v 0.004619 -0.013597 0.002653
v 0.004904 -0.009562 0.006363
v 0.004157 -0.013129 0.001926
v 0.004619 -0.009055 0.005574
v 0.003536 -0.012719 0.001288
v 0.004157 -0.008587 0.004847
v 0.002778 -0.012383 0.000765
v 0.003536 -0.008177 0.004210
v 0.001913 -0.012133 0.000377
v 0.002778 -0.007841 0.003687
v 0.000975 -0.011979 0.000137
v 0.001913 -0.007591 0.003298
v 0.000000 -0.011927 0.000057
v 0.000975 -0.007437 0.003059
v -0.000975 -0.011979 0.000137
v 0.000000 -0.007385 0.002978
v -0.001913 -0.012133 0.000377
v -0.000975 -0.007437 0.003059
v -0.002778 -0.012383 0.000765
v -0.001913 -0.007591 0.003298
v -0.003536 -0.012719 0.001288
v -0.002778 -0.007841 0.003687
v -0.004157 -0.013129 0.001926
v -0.003536 -0.008177 0.004210
v -0.004619 -0.013597 0.002653
v -0.004157 -0.008587 0.004847
v -0.004904 -0.014104 0.003441
v -0.004619 -0.009055 0.005574
v -0.005000 -0.014632 0.004262
v -0.004904 -0.009562 0.006363
v -0.004904 -0.015159 0.005082
v -0.005000 -0.010090 0.007183
v -0.004619 -0.015667 0.005871
v -0.004904 -0.010618 0.008004
v -0.004157 -0.016135 0.006598
v -0.004619 -0.011125 0.008792
v -0.003536 -0.016544 0.007235
v -0.004157 -0.011593 0.009519
v -0.002778 -0.016881 0.007758
v -0.003536 -0.012003 0.010157
v 0.002179 -0.017066 0.008046
v 0.001913 -0.012589 0.011068
v 0.001904 -0.017108 0.008129
v 0.000975 -0.017250 0.008408
v 0.000975 -0.012743 0.011308
v 0.000000 -0.017283 0.008501
v -0.000975 -0.012743 0.011308
v 0.000000 -0.012795 0.011388
v -0.001913 -0.012589 0.011068
v -0.000975 -0.017250 0.008408
v -0.002778 -0.012339 0.010680
v -0.002179 -0.017066 0.008046
v -0.001904 -0.017108 0.008129
v -0.005500 -0.016466 0.010810
v -0.005500 -0.009738 0.015138
v -0.006118 -0.009685 0.015056
v -0.006676 -0.009531 0.014817
v -0.006646 -0.016239 0.010458
v -0.006368 -0.016359 0.010644
v -0.007118 -0.009292 0.014445
v -0.007064 -0.016059 0.010177
v -0.007102 -0.016016 0.010111
v -0.007402 -0.008990 0.013976
v -0.007500 -0.008656 0.013456
v -0.007500 -0.015384 0.009128
v -0.007450 -0.015625 0.009503
v -0.007373 -0.015711 0.009636
v -0.006109 -0.016391 0.010694
v -0.006368 -0.016900 0.008154
v -0.005500 -0.017066 0.008046
v -0.005500 -0.017352 0.008772
v -0.006368 -0.017157 0.008808
v -0.005500 -0.017339 0.009553
v -0.006368 -0.017145 0.009511
v -0.005500 -0.017027 0.010268
v -0.006368 -0.016865 0.010155
v -0.005500 -0.016466 0.010810
v -0.007064 -0.016433 0.008454
v -0.007064 -0.016611 0.008906
v -0.007064 -0.016603 0.009393
v -0.007064 -0.016409 0.009839
v -0.006368 -0.016359 0.010644
v -0.007450 -0.015758 0.008888
v -0.007450 -0.015822 0.009049
v -0.007450 -0.015819 0.009223
v -0.007450 -0.015750 0.009382
v -0.007064 -0.016059 0.010177
v -0.007500 -0.015384 0.009128
v -0.007450 -0.015625 0.009503
v -0.007500 -0.015384 0.009128
v -0.007500 -0.015384 0.009128
v -0.007500 -0.015384 0.009128
v -0.005500 0.000246 -0.018866
v -0.005500 -0.017066 0.008046
v -0.006109 -0.016949 0.008122
v -0.006646 0.000599 -0.018639
v -0.006368 0.000412 -0.018759
v -0.006368 -0.016900 0.008154
v -0.006109 0.000363 -0.018791
v -0.007102 0.000946 -0.018416
v -0.007064 0.000879 -0.018459
v -0.007064 -0.016433 0.008454
v -0.006646 -0.016713 0.008273
v -0.007102 -0.016366 0.008497
v -0.007373 -0.015892 0.008802
v -0.007450 -0.015758 0.008888
v -0.007500 -0.015384 0.009128
v -0.007500 0.001928 -0.017784
v -0.007373 0.001420 -0.018111
v -0.007450 0.001553 -0.018025
v -0.006368 0.002903 -0.019300
v -0.005500 0.003010 -0.019466
v -0.005500 0.002284 -0.019752
v -0.006368 0.002248 -0.019558
v -0.005500 0.001503 -0.019739
v -0.006368 0.001546 -0.019545
v -0.005500 0.000788 -0.019428
v -0.006368 0.000901 -0.019265
v -0.005500 0.000246 -0.018866
v -0.007064 0.002602 -0.018833
v -0.007064 0.002150 -0.019011
v -0.007064 0.001663 -0.019003
v -0.007064 0.001217 -0.018809
v -0.006368 0.000412 -0.018759
v -0.007450 0.002169 -0.018159
v -0.007450 0.002007 -0.018222
v -0.007450 0.001833 -0.018219
v -0.007450 0.001674 -0.018150
v -0.007064 0.000879 -0.018459
v -0.007500 0.001928 -0.017784
v -0.007450 0.001553 -0.018025
v -0.007500 0.001928 -0.017784
v -0.007500 0.001928 -0.017784
v -0.007500 0.001928 -0.017784
v -0.005500 0.009738 -0.015138
v -0.005500 0.003010 -0.019466
v -0.006109 0.002935 -0.019350
v -0.006676 0.009531 -0.014817
v -0.006118 0.009685 -0.015056
v -0.006368 0.002903 -0.019300
v -0.006646 0.002783 -0.019114
v -0.007064 0.002602 -0.018833
v -0.007118 0.009292 -0.014445
v -0.007102 0.002560 -0.018766
v -0.007373 0.002255 -0.018292
v -0.007500 0.008656 -0.013456
v -0.007402 0.008990 -0.013976
v -0.007450 0.002169 -0.018159
v -0.007500 0.001928 -0.017784
v 0.005500 -0.009738 0.015138
v 0.005500 -0.016466 0.010810
v 0.005945 -0.016439 0.010768
v 0.006118 -0.009685 0.015056
v 0.006104 -0.016398 0.010704
v 0.006668 -0.016251 0.010476
v 0.007118 -0.009292 0.014445
v 0.006676 -0.009531 0.014817
v 0.006747 -0.016230 0.010443
v 0.007080 -0.016004 0.010092
v 0.007302 -0.015854 0.009858
v 0.007402 -0.008990 0.013976
v 0.007361 -0.015713 0.009640
v 0.007500 -0.015384 0.009128
v 0.007500 -0.008656 0.013456
v 0.006747 -0.016699 0.008282
v 0.007302 -0.016114 0.008659
v 0.007302 -0.016238 0.008974
v 0.006747 -0.016923 0.008850
v 0.007302 -0.016232 0.009312
v 0.006747 -0.016912 0.009460
v 0.007302 -0.016097 0.009623
v 0.006747 -0.016669 0.010020
v 0.007302 -0.015854 0.009858
v 0.005945 -0.017024 0.008074
v 0.005945 -0.017303 0.008781
v 0.005945 -0.017290 0.009542
v 0.005945 -0.016986 0.010240
v 0.006747 -0.016230 0.010443
v 0.005500 -0.017066 0.008046
v 0.005500 -0.017352 0.008772
v 0.005500 -0.017339 0.009553
v 0.005500 -0.017027 0.010268
v 0.005945 -0.016439 0.010768
v 0.005500 -0.016466 0.010810
v 0.007500 -0.015384 0.009128
v 0.007500 -0.015384 0.009128
v 0.007500 -0.015384 0.009128
v 0.007500 -0.015384 0.009128
v 0.006104 -0.016960 0.008115
v 0.005945 -0.017024 0.008074
v 0.005945 0.000288 -0.018839
v 0.005500 -0.017066 0.008046
v 0.005500 0.000246 -0.018866
v 0.006104 0.000352 -0.018798
v 0.006668 0.000581 -0.018651
v 0.007080 -0.016348 0.008509
v 0.006747 -0.016699 0.008282
v 0.006747 0.000613 -0.018630
v 0.006668 -0.016731 0.008262
v 0.007361 -0.015896 0.008799
v 0.007302 -0.016114 0.008659
v 0.007302 0.001198 -0.018254
v 0.007080 0.000964 -0.018404
v 0.007361 0.001416 -0.018114
v 0.007500 0.001928 -0.017784
v 0.007500 -0.015384 0.009128
v 0.006747 0.002774 -0.019099
v 0.007302 0.002397 -0.018514
v 0.007302 0.002082 -0.018638
v 0.006747 0.002206 -0.019323
v 0.007302 0.001744 -0.018632
v 0.006747 0.001596 -0.019312
v 0.007302 0.001433 -0.018497
v 0.006747 0.001037 -0.019069
v 0.007302 0.001198 -0.018254
v 0.005945 0.002983 -0.019424
v 0.005945 0.002275 -0.019703
v 0.005945 0.001514 -0.019690
v 0.005945 0.000816 -0.019386
v 0.006747 0.000613 -0.018630
v 0.005500 0.003010 -0.019466
v 0.005500 0.002284 -0.019752
v 0.005500 0.001503 -0.019739
v 0.005500 0.000788 -0.019428
v 0.005945 0.000288 -0.018839
v 0.005500 0.000246 -0.018866
v 0.007500 0.001928 -0.017784
v 0.007500 0.001928 -0.017784
v 0.007500 0.001928 -0.017784
v 0.007500 0.001928 -0.017784
v 0.005500 0.009738 -0.015138
v 0.006118 0.009685 -0.015056
v 0.005945 0.002983 -0.019424
v 0.006104 0.002941 -0.019360
v 0.006676 0.009531 -0.014817
v 0.007118 0.009292 -0.014445
v 0.007080 0.002548 -0.018748
v 0.006747 0.002774 -0.019099
v 0.007402 0.008990 -0.013976
v 0.007302 0.002397 -0.018514
v 0.007361 0.002257 -0.018296
v 0.007500 0.008656 -0.013456
v 0.007500 0.001928 -0.017784
v 0.006668 0.002794 -0.019132
v 0.005500 0.003010 -0.019466
v 0.000251 -0.010110 0.004441
v 0.001182 -0.010479 0.005015
v 0.000762 -0.010351 0.004816
v -0.000185 -0.010274 0.004697
v -0.000806 -0.010361 0.004832
v -0.001863 -0.010613 0.005223
v -0.000806 -0.010361 0.004832
v -0.001089 -0.010444 0.004961
v -0.001744 -0.010822 0.005548
v -0.001988 -0.011234 0.006189
v -0.002114 -0.011855 0.007154
v -0.001988 -0.011234 0.006189
v -0.001999 -0.011321 0.006324
v -0.001797 -0.011827 0.007111
v -0.001182 -0.012224 0.007728
v -0.000251 -0.012594 0.008302
v -0.000297 -0.012422 0.008035
v 0.000656 -0.012374 0.007961
v -0.001182 -0.012224 0.007728
v 0.000806 -0.012342 0.007911
v 0.001863 -0.012090 0.007520
v 0.001459 -0.012092 0.007522
v 0.001928 -0.011640 0.006820
v 0.000806 -0.012342 0.007911
v 0.001988 -0.011469 0.006555
v -0.001863 -0.012295 0.004141
v -0.001879 -0.011278 0.002560
v -0.001320 -0.011135 0.002338
v 0.001863 -0.013772 0.006438
v 0.002114 -0.012530 0.004507
v 0.003745 -0.013143 0.005459
v -0.003476 -0.012273 0.004107
v -0.003197 -0.011974 0.003642
v 0.000251 -0.011792 0.003359
v 0.003660 -0.013475 0.005975
v 0.003607 -0.012479 0.004427
v 0.003727 -0.012808 0.004939
v 0.001879 -0.014789 0.008019
v 0.001320 -0.014933 0.008242
v -0.002114 -0.013537 0.006072
v -0.000251 -0.014276 0.007220
v -0.002217 -0.014670 0.007833
v -0.003660 -0.012593 0.004604
v -0.003745 -0.012925 0.005120
v -0.003607 -0.013588 0.006152
v -0.003727 -0.013260 0.005641
v -0.002388 -0.011469 0.002858
v 0.001689 -0.011222 0.002474
v 0.002217 -0.011397 0.002746
v 0.000724 -0.015024 0.008384
v 0.000108 -0.015062 0.008442
v 0.002388 -0.014598 0.007722
v -0.002684 -0.014450 0.007492
v -0.003389 -0.013902 0.006639
v -0.000724 -0.011043 0.002195
v -0.000108 -0.011006 0.002137
v -0.002831 -0.011703 0.003222
v 0.002684 -0.011617 0.003088
v 0.001115 -0.011097 0.002278
v 0.003476 -0.013795 0.006473
v 0.003197 -0.014094 0.006938
v 0.003389 -0.012166 0.003940
v 0.002831 -0.014364 0.007358
v -0.001689 -0.014845 0.008106
v -0.000510 -0.015044 0.008414
v -0.001115 -0.014971 0.008301
v 0.003079 -0.011876 0.003489
v 0.000510 -0.011024 0.002165
v -0.003079 -0.014192 0.007090
v -0.002512 -0.011945 0.010066
v -0.003489 -0.011403 0.009224
v -0.003042 -0.014219 0.008056
v -0.003489 -0.013926 0.007601
v -0.004088 -0.010719 0.008160
v -0.003841 -0.013597 0.007090
v -0.004088 -0.013242 0.006537
v -0.004244 -0.009967 0.006991
v -0.004224 -0.012869 0.005958
v -0.004244 -0.012490 0.005368
v -0.003940 -0.009228 0.005843
v -0.004148 -0.012113 0.004783
v -0.003940 -0.011751 0.004220
v -0.003209 -0.008582 0.004839
v -0.003624 -0.011412 0.003692
v -0.003209 -0.011106 0.003216
v -0.002130 -0.008101 0.004090
v -0.002130 -0.010624 0.002467
v -0.002706 -0.010840 0.002804
v -0.000820 -0.007834 0.003676
v -0.001495 -0.010461 0.002214
v -0.000820 -0.010357 0.002053
v 0.000578 -0.007812 0.003642
v -0.000123 -0.010315 0.001987
v 0.000578 -0.010335 0.002019
v 0.001914 -0.008037 0.003992
v 0.001263 -0.010418 0.002147
v 0.001914 -0.010560 0.002369
v 0.003042 -0.008485 0.004687
v 0.003042 -0.011008 0.003064
v 0.002512 -0.010759 0.002677
v 0.003841 -0.009106 0.005653
v 0.003841 -0.011629 0.004030
v 0.003489 -0.011301 0.003520
v 0.004224 -0.009834 0.006785
v 0.004224 -0.012357 0.005162
v 0.004088 -0.011985 0.004583
v 0.004148 -0.010590 0.007960
v 0.004148 -0.013113 0.006337
v 0.004244 -0.012737 0.005752
v 0.003624 -0.011292 0.009051
v 0.003940 -0.013476 0.006901
v 0.003624 -0.013815 0.007428
v 0.002706 -0.011863 0.009939
v 0.002706 -0.014386 0.008316
v 0.003209 -0.014121 0.007904
v 0.001495 -0.012242 0.010529
v 0.002130 -0.014603 0.008653
v 0.001495 -0.014765 0.008906
v 0.000123 -0.012388 0.010756
v 0.000123 -0.014912 0.009133
v 0.000820 -0.014869 0.009067
v -0.001263 -0.012285 0.010596
v -0.000578 -0.014891 0.009101
v -0.001263 -0.014809 0.008973
v -0.002512 -0.014468 0.008443
v -0.001914 -0.014666 0.008752
v 0.001914 -0.008037 0.003992
v 0.000578 -0.007812 0.003642
v 0.000702 -0.008680 0.004990
v -0.002512 -0.011945 0.010066
v -0.001169 -0.011407 0.009230
v -0.001969 -0.011090 0.008737
v 0.001596 -0.008912 0.005352
v 0.003042 -0.008485 0.004687
v -0.000820 -0.007834 0.003676
v -0.000288 -0.008638 0.004925
v -0.003489 -0.011403 0.009224
v -0.002503 -0.010637 0.008034
v -0.002130 -0.008101 0.004090
v -0.001238 -0.008792 0.005165
v -0.003209 -0.008582 0.004839
v -0.002021 -0.009122 0.005678
v -0.003940 -0.009228 0.005843
v -0.002531 -0.009582 0.006393
v -0.001263 -0.012285 0.010596
v 0.000123 -0.012388 0.010756
v -0.000211 -0.011546 0.009447
v -0.004244 -0.009967 0.006991
v -0.002700 -0.010111 0.007216
v -0.004088 -0.010719 0.008160
v 0.001495 -0.012242 0.010529
v 0.000776 -0.011489 0.009358
v 0.002706 -0.011863 0.009939
v 0.001658 -0.011243 0.008976
v 0.003624 -0.011292 0.009051
v 0.002316 -0.010841 0.008351
v 0.004148 -0.010590 0.007960
v 0.002661 -0.010338 0.007568
v 0.004224 -0.009834 0.006785
v 0.002647 -0.009801 0.006734
v 0.003841 -0.009106 0.005653
v 0.002275 -0.009304 0.005960
v -0.002170 0.009890 0.021511
v -0.002137 -0.010582 0.008317
v -0.001823 -0.010847 0.008730
v -0.001478 0.009470 0.022163
v -0.002487 0.010425 0.020678
v -0.002458 -0.010054 0.007497
v -0.002318 -0.010429 0.008079
v -0.002374 0.010984 0.019809
v -0.002359 -0.009500 0.006635
v -0.002500 -0.009941 0.007321
v -0.001871 -0.009025 0.005897
v -0.002344 -0.009451 0.006560
v -0.001851 0.011470 0.019054
v -0.001847 -0.009015 0.005882
v -0.001007 0.011799 0.018543
v -0.001146 -0.008720 0.005423
v -0.001000 -0.008696 0.005386
v 0.000010 0.011914 0.018365
v -0.000266 -0.008577 0.005201
v 0.000008 -0.008589 0.005219
v 0.001026 0.011794 0.018550
v 0.000650 -0.008616 0.005261
v 0.001008 -0.008709 0.005406
v 0.001865 0.011462 0.019067
v 0.001478 -0.008831 0.005596
v 0.001834 -0.009037 0.005915
v 0.002381 0.010974 0.019826
v 0.002348 -0.009517 0.006661
v 0.002107 -0.009194 0.006159
v 0.002485 0.010414 0.020696
v 0.002462 -0.010069 0.007520
v 0.002451 -0.009654 0.006876
v 0.002160 0.009880 0.021526
v 0.002155 -0.010602 0.008349
v 0.002464 -0.010151 0.007648
v 0.001535 -0.010990 0.008951
v 0.002144 -0.010617 0.008373
v 0.001461 0.009464 0.022174
v 0.001454 -0.011012 0.008986
v 0.000510 0.009237 0.022526
v 0.000718 -0.011217 0.009305
v 0.000506 -0.011230 0.009324
v -0.000530 0.009239 0.022522
v -0.000195 -0.011270 0.009388
v -0.000520 -0.011223 0.009314
v -0.001082 -0.011141 0.009187
v -0.001453 -0.010994 0.008958
v -0.001478 0.009470 0.022163
v -0.001215 0.010039 0.022102
v -0.001784 0.010384 0.021566
v -0.002170 0.009890 0.021511
v -0.002045 0.010824 0.020882
v -0.002487 0.010425 0.020678
v -0.001952 0.011283 0.020167
v -0.002374 0.010984 0.019809
v -0.001521 0.011683 0.019546
v -0.001851 0.011470 0.019054
v -0.000828 0.011953 0.019126
v -0.001007 0.011799 0.018543
v 0.000009 0.012047 0.018980
v 0.000010 0.011914 0.018365
v 0.000844 0.011949 0.019132
v 0.001026 0.011794 0.018550
v 0.001533 0.011676 0.019557
v 0.001865 0.011462 0.019067
v 0.001957 0.011275 0.020181
v 0.002381 0.010974 0.019826
v 0.002043 0.010815 0.020896
v 0.002485 0.010414 0.020696
v 0.001775 0.010376 0.021579
v 0.002160 0.009880 0.021526
v 0.001201 0.010033 0.022111
v 0.001461 0.009464 0.022174
v 0.000419 0.009847 0.022400
v 0.000510 0.009237 0.022526
v -0.000436 0.009849 0.022397
v -0.000530 0.009239 0.022522
v 0.000000 0.010935 0.020708
v -0.001215 0.010039 0.022102
v -0.000436 0.009849 0.022397
v 0.000419 0.009847 0.022400
v 0.001201 0.010033 0.022111
v 0.001775 0.010376 0.021579
v 0.002043 0.010815 0.020896
v 0.001957 0.011275 0.020181
v 0.001533 0.011676 0.019557
v 0.000844 0.011949 0.019132
v 0.000009 0.012047 0.018980
v -0.000828 0.011953 0.019126
v -0.001521 0.011683 0.019546
v -0.001952 0.011283 0.020167
v -0.002045 0.010824 0.020882
v -0.001784 0.010384 0.021566
v 0.001596 -0.008912 0.005352
v 0.000702 -0.008680 0.004990
v 0.000650 -0.008616 0.005261
v -0.000288 -0.008638 0.004925
v -0.000266 -0.008577 0.005201
v -0.001238 -0.008792 0.005165
v -0.001146 -0.008720 0.005423
v -0.002021 -0.009122 0.005678
v -0.001871 -0.009025 0.005897
v -0.002531 -0.009582 0.006393
v -0.002344 -0.009451 0.006560
v -0.002700 -0.010111 0.007216
v -0.002500 -0.009941 0.007321
v -0.002503 -0.010637 0.008034
v -0.002318 -0.010429 0.008079
v -0.001969 -0.011090 0.008737
v -0.001823 -0.010847 0.008730
v -0.001169 -0.011407 0.009230
v -0.001082 -0.011141 0.009187
v -0.000211 -0.011546 0.009447
v -0.000195 -0.011270 0.009388
v 0.000776 -0.011489 0.009358
v 0.000718 -0.011217 0.009305
v 0.001658 -0.011243 0.008976
v 0.001535 -0.010990 0.008951
v 0.002316 -0.010841 0.008351
v 0.002144 -0.010617 0.008373
v 0.002661 -0.010338 0.007568
v 0.002464 -0.010151 0.007648
v 0.002647 -0.009801 0.006734
v 0.002451 -0.009654 0.006876
v 0.002275 -0.009304 0.005960
v 0.002107 -0.009194 0.006159
v 0.001478 -0.008831 0.005596
v -0.002217 -0.014670 0.007833
v -0.002512 -0.014468 0.008443
v -0.003042 -0.014219 0.008056
v -0.002684 -0.014450 0.007492
v -0.003489 -0.013926 0.007601
v -0.003079 -0.014192 0.007090
v -0.003841 -0.013597 0.007090
v -0.003389 -0.013902 0.006639
v -0.004088 -0.013242 0.006537
v -0.003607 -0.013588 0.006152
v -0.004224 -0.012869 0.005958
v -0.003727 -0.013260 0.005641
v -0.004244 -0.012490 0.005368
v -0.003745 -0.012925 0.005120
v -0.004148 -0.012113 0.004783
v -0.003660 -0.012593 0.004604
v -0.003940 -0.011751 0.004220
v -0.003476 -0.012273 0.004107
v -0.003624 -0.011412 0.003692
v -0.003197 -0.011974 0.003642
v -0.003209 -0.011106 0.003216
v -0.002831 -0.011703 0.003222
v -0.002706 -0.010840 0.002804
v -0.002388 -0.011469 0.002858
v -0.002130 -0.010624 0.002467
v -0.001879 -0.011278 0.002560
v -0.001495 -0.010461 0.002214
v -0.001320 -0.011135 0.002338
v -0.000820 -0.010357 0.002053
v -0.000724 -0.011043 0.002195
v -0.000123 -0.010315 0.001987
v -0.000108 -0.011006 0.002137
v 0.000578 -0.010335 0.002019
v 0.000510 -0.011024 0.002165
v 0.001263 -0.010418 0.002147
v 0.001115 -0.011097 0.002278
v 0.001914 -0.010560 0.002369
v 0.001689 -0.011222 0.002474
v 0.002512 -0.010759 0.002677
v 0.002217 -0.011397 0.002746
v 0.003042 -0.011008 0.003064
v 0.002684 -0.011617 0.003088
v 0.003489 -0.011301 0.003520
v 0.003079 -0.011876 0.003489
v 0.003841 -0.011629 0.004030
v 0.003389 -0.012166 0.003940
v 0.004088 -0.011985 0.004583
v 0.003607 -0.012479 0.004427
v 0.004224 -0.012357 0.005162
v 0.003727 -0.012808 0.004939
v 0.004244 -0.012737 0.005752
v 0.003745 -0.013143 0.005459
v 0.004148 -0.013113 0.006337
v 0.003660 -0.013475 0.005975
v 0.003940 -0.013476 0.006901
v 0.003476 -0.013795 0.006473
v 0.003624 -0.013815 0.007428
v 0.003197 -0.014094 0.006938
v 0.003209 -0.014121 0.007904
v 0.002831 -0.014364 0.007358
v 0.002706 -0.014386 0.008316
v 0.002388 -0.014598 0.007722
v 0.002130 -0.014603 0.008653
v 0.001879 -0.014789 0.008019
v 0.001495 -0.014765 0.008906
v 0.001320 -0.014933 0.008242
v 0.000820 -0.014869 0.009067
v 0.000724 -0.015024 0.008384
v 0.000123 -0.014912 0.009133
v 0.000108 -0.015062 0.008442
v -0.000578 -0.014891 0.009101
v -0.000510 -0.015044 0.008414
v -0.001263 -0.014809 0.008973
v -0.001115 -0.014971 0.008301
v -0.001914 -0.014666 0.008752
v -0.001689 -0.014845 0.008106
v -0.001863 -0.012295 0.004141
v -0.001863 -0.010613 0.005223
v -0.001988 -0.011234 0.006189
v -0.002114 -0.013537 0.006072
v -0.002114 -0.011855 0.007154
v -0.002114 -0.013537 0.006072
v -0.002114 -0.011855 0.007154
v -0.001182 -0.012224 0.007728
v -0.000251 -0.014276 0.007220
v -0.000251 -0.012594 0.008302
v 0.001863 -0.013772 0.006438
v -0.000251 -0.014276 0.007220
v 0.000806 -0.012342 0.007911
v -0.000251 -0.012594 0.008302
v 0.001863 -0.012090 0.007520
v 0.002114 -0.012530 0.004507
v 0.001863 -0.013772 0.006438
v 0.001988 -0.011469 0.006555
v 0.001863 -0.012090 0.007520
v 0.002114 -0.010848 0.005589
v 0.000251 -0.011792 0.003359
v 0.002114 -0.012530 0.004507
v 0.001182 -0.010479 0.005015
v 0.002114 -0.010848 0.005589
v 0.000251 -0.010110 0.004441
v 0.000251 -0.011792 0.003359
v 0.000251 -0.010110 0.004441
v -0.000806 -0.010361 0.004832
v -0.001863 -0.012295 0.004141
v -0.001863 -0.010613 0.005223
v 0.002114 -0.010848 0.005589
v 0.001955 -0.011123 0.006016
v 0.001534 -0.010657 0.005292
v 0.001988 -0.011469 0.006555
v 0.001182 -0.010479 0.005015
v -0.001182 -0.012224 0.007728
v -0.001797 -0.011827 0.007111
v -0.001123 -0.011285 0.007068
v -0.001999 -0.011321 0.006324
v -0.001249 -0.010968 0.006576
v -0.001988 -0.011234 0.006189
v -0.001744 -0.010822 0.005548
v -0.001090 -0.010656 0.006091
v -0.001089 -0.010444 0.004961
v -0.000681 -0.010420 0.005724
v -0.000806 -0.010361 0.004832
v -0.000185 -0.010274 0.004697
v -0.000115 -0.010314 0.005559
v 0.000762 -0.010351 0.004816
v 0.000476 -0.010362 0.005634
v 0.001182 -0.010479 0.005015
v 0.000959 -0.010554 0.005931
v 0.001534 -0.010657 0.005292
v 0.001955 -0.011123 0.006016
v 0.001222 -0.010844 0.006383
v 0.001988 -0.011469 0.006555
v 0.001205 -0.011168 0.006886
v 0.001928 -0.011640 0.006820
v 0.001459 -0.012092 0.007522
v 0.000912 -0.011450 0.007325
v 0.000806 -0.012342 0.007911
v 0.000410 -0.011626 0.007599
v 0.000656 -0.012374 0.007961
v -0.000297 -0.012422 0.008035
v -0.000186 -0.011656 0.007646
v -0.000739 -0.011533 0.007454
v -0.000739 -0.010215 0.008302
v -0.000116 -0.010298 0.008430
v -0.000186 -0.011656 0.007646
v -0.000137 -0.011654 0.007642
v 0.000460 -0.010250 0.008355
v 0.000493 -0.011597 0.007554
v 0.000410 -0.011626 0.007599
v 0.000190 -0.010338 0.008493
v 0.001008 -0.010069 0.008075
v 0.000912 -0.011450 0.007325
v 0.000984 -0.011380 0.007216
v 0.001161 -0.009732 0.007551
v 0.001205 -0.011168 0.006886
v 0.001210 -0.011061 0.006719
v 0.001072 -0.009421 0.007067
v 0.001112 -0.010723 0.006195
v 0.001222 -0.010844 0.006383
v 0.001235 -0.009567 0.007294
v 0.000739 -0.009124 0.006606
v 0.000959 -0.010554 0.005931
v 0.000717 -0.010458 0.005783
v 0.000116 -0.009042 0.006478
v 0.000131 -0.010334 0.005590
v 0.000476 -0.010362 0.005634
v -0.000493 -0.010385 0.005669
v -0.000115 -0.010314 0.005559
v -0.000190 -0.009001 0.006415
v -0.001008 -0.009270 0.006832
v -0.000988 -0.010598 0.006000
v -0.000681 -0.010420 0.005724
v -0.000460 -0.009090 0.006552
v -0.001161 -0.009607 0.007356
v -0.001223 -0.010917 0.006496
v -0.001090 -0.010656 0.006091
v -0.001133 -0.011259 0.007028
v -0.001249 -0.010968 0.006576
v -0.001235 -0.009773 0.007614
v -0.000739 -0.011533 0.007454
v -0.001123 -0.011285 0.007068
v -0.001072 -0.009918 0.007840
v 0.000000 -0.009063 0.007844
v 0.000190 -0.010338 0.008493
v -0.000739 -0.010215 0.008302
v 0.000000 -0.009063 0.007844
v 0.001008 -0.010069 0.008075
v 0.000000 -0.009063 0.007844
v 0.001235 -0.009567 0.007294
v 0.000000 -0.009063 0.007844
v 0.000739 -0.009124 0.006606
v 0.000000 -0.009063 0.007844
v -0.000190 -0.009001 0.006415
v 0.000000 -0.009063 0.007844
v -0.001008 -0.009270 0.006832
v 0.000000 -0.009063 0.007844
v -0.001235 -0.009773 0.007614
v 0.000000 -0.009063 0.007844
v 0.000251 0.002333 -0.014903
v 0.001182 0.001964 -0.014329
v 0.000762 0.002092 -0.014527
v -0.000185 0.002169 -0.014647
v -0.000806 0.002082 -0.014511
v -0.001863 0.001830 -0.014120
v -0.000806 0.002082 -0.014511
v -0.001089 0.001999 -0.014383
v -0.001744 0.001621 -0.013795
v -0.001988 0.001209 -0.013155
v -0.002114 0.000588 -0.012189
v -0.001988 0.001209 -0.013155
v -0.001999 0.001122 -0.013020
v -0.001797 0.000616 -0.012233
v -0.001182 0.000219 -0.011615
v -0.000251 -0.000151 -0.011041
v -0.000297 0.000021 -0.011308
v 0.000656 0.000069 -0.011383
v -0.001182 0.000219 -0.011615
v 0.000806 0.000101 -0.011432
v 0.001863 0.000353 -0.011824
v 0.001459 0.000351 -0.011821
v 0.001928 0.000803 -0.012523
v 0.000806 0.000101 -0.011432
v 0.001988 0.000974 -0.012789
v -0.001863 0.000148 -0.015202
v -0.001879 0.001165 -0.016783
v -0.001320 0.001308 -0.017006
v 0.001863 -0.001329 -0.012906
v 0.002114 -0.000087 -0.014836
v 0.003745 -0.000700 -0.013884
v -0.003476 0.000170 -0.015237
v -0.003197 0.000469 -0.015702
v 0.000251 0.000651 -0.015985
v 0.003660 -0.001032 -0.013368
v 0.003607 -0.000036 -0.014916
v 0.003727 -0.000365 -0.014405
v 0.001879 -0.002346 -0.011325
v 0.001320 -0.002490 -0.011102
v -0.002114 -0.001094 -0.013271
v -0.000251 -0.001833 -0.012123
v -0.002217 -0.002227 -0.011510
v -0.003660 -0.000150 -0.014739
v -0.003745 -0.000482 -0.014223
v -0.003607 -0.001145 -0.013192
v -0.003727 -0.000817 -0.013703
v -0.002388 0.000973 -0.016486
v 0.001689 0.001221 -0.016870
v 0.002217 0.001045 -0.016598
v 0.000724 -0.002581 -0.010959
v 0.000108 -0.002619 -0.010901
v 0.002388 -0.002155 -0.011622
v -0.002684 -0.002007 -0.011852
v -0.003389 -0.001459 -0.012704
v -0.000724 0.001400 -0.017148
v -0.000108 0.001437 -0.017206
v -0.002831 0.000740 -0.016122
v 0.002684 0.000826 -0.016256
v 0.001115 0.001346 -0.017065
v 0.003476 -0.001352 -0.012871
v 0.003197 -0.001651 -0.012406
v 0.003389 0.000277 -0.015404
v 0.002831 -0.001921 -0.011986
v -0.001689 -0.002402 -0.011238
v -0.000510 -0.002601 -0.010929
v -0.001115 -0.002528 -0.011043
v 0.003079 0.000567 -0.015854
v 0.000510 0.001419 -0.017178
v -0.003079 -0.001749 -0.012253
v -0.002512 0.000498 -0.009277
v -0.003489 0.001040 -0.010120
v -0.003042 -0.001776 -0.011288
v -0.003489 -0.001483 -0.011743
v -0.004088 0.001724 -0.011183
v -0.003841 -0.001154 -0.012254
v -0.004088 -0.000799 -0.012806
v -0.004244 0.002476 -0.012353
v -0.004224 -0.000426 -0.013385
v -0.004244 -0.000047 -0.013976
v -0.003940 0.003215 -0.013501
v -0.004148 0.000330 -0.014560
v -0.003940 0.000692 -0.015124
v -0.003209 0.003861 -0.014504
v -0.003624 0.001031 -0.015651
v -0.003209 0.001337 -0.016127
v -0.002130 0.004342 -0.015253
v -0.002130 0.001819 -0.016876
v -0.002706 0.001603 -0.016539
v -0.000820 0.004609 -0.015667
v -0.001495 0.001982 -0.017129
v -0.000820 0.002086 -0.017291
v 0.000578 0.004631 -0.015701
v -0.000123 0.002128 -0.017356
v 0.000578 0.002108 -0.017324
v 0.001914 0.004406 -0.015352
v 0.001263 0.002025 -0.017196
v 0.001914 0.001883 -0.016975
v 0.003042 0.003958 -0.014656
v 0.003042 0.001435 -0.016279
v 0.002512 0.001684 -0.016666
v 0.003841 0.003337 -0.013690
v 0.003841 0.000814 -0.015313
v 0.003489 0.001142 -0.015824
v 0.004224 0.002609 -0.012558
v 0.004224 0.000086 -0.014181
v 0.004088 0.000458 -0.014761
v 0.004148 0.001853 -0.011383
v 0.004148 -0.000670 -0.013006
v 0.004244 -0.000294 -0.013591
v 0.003624 0.001151 -0.010293
v 0.003940 -0.001033 -0.012443
v 0.003624 -0.001372 -0.011916
v 0.002706 0.000580 -0.009404
v 0.002706 -0.001943 -0.011027
v 0.003209 -0.001678 -0.011439
v 0.001495 0.000201 -0.008815
v 0.002130 -0.002160 -0.010690
v 0.001495 -0.002322 -0.010438
v 0.000123 0.000054 -0.008587
v 0.000123 -0.002469 -0.010210
v 0.000820 -0.002426 -0.010276
v -0.001263 0.000157 -0.008748
v -0.000578 -0.002448 -0.010242
v -0.001263 -0.002366 -0.010371
v -0.002512 -0.002025 -0.010900
v -0.001914 -0.002223 -0.010592
v 0.001914 0.004406 -0.015352
v 0.000578 0.004631 -0.015701
v 0.000702 0.003763 -0.014353
v -0.002512 0.000498 -0.009277
v -0.001169 0.001036 -0.010113
v -0.001969 0.001353 -0.010607
v 0.001596 0.003531 -0.013992
v 0.003042 0.003958 -0.014656
v -0.000820 0.004609 -0.015667
v -0.000288 0.003805 -0.014418
v -0.003489 0.001040 -0.010120
v -0.002503 0.001806 -0.011310
v -0.002130 0.004342 -0.015253
v -0.001238 0.003651 -0.014178
v -0.003209 0.003861 -0.014504
v -0.002021 0.003321 -0.013666
v -0.003940 0.003215 -0.013501
v -0.002531 0.002861 -0.012950
v -0.001263 0.000157 -0.008748
v 0.000123 0.000054 -0.008587
v -0.000211 0.000897 -0.009897
v -0.004244 0.002476 -0.012353
v -0.002700 0.002332 -0.012128
v -0.004088 0.001724 -0.011183
v 0.001495 0.000201 -0.008815
v 0.000776 0.000954 -0.009985
v 0.002706 0.000580 -0.009404
v 0.001658 0.001200 -0.010368
v 0.003624 0.001151 -0.010293
v 0.002316 0.001602 -0.010993
v 0.004148 0.001853 -0.011383
v 0.002661 0.002105 -0.011775
v 0.004224 0.002609 -0.012558
v 0.002647 0.002642 -0.012609
v 0.003841 0.003337 -0.013690
v 0.002275 0.003139 -0.013383
v -0.002170 0.022333 0.002167
v -0.002137 0.001861 -0.011026
v -0.001823 0.001596 -0.010614
v -0.001478 0.021913 0.002820
v -0.002487 0.022868 0.001335
v -0.002458 0.002388 -0.011846
v -0.002318 0.002014 -0.011265
v -0.002374 0.023427 0.000466
v -0.002359 0.002943 -0.012708
v -0.002500 0.002502 -0.012022
v -0.001871 0.003418 -0.013446
v -0.002344 0.002991 -0.012784
v -0.001851 0.023913 -0.000290
v -0.001847 0.003428 -0.013462
v -0.001007 0.024242 -0.000801
v -0.001146 0.003723 -0.013921
v -0.001000 0.003747 -0.013957
v 0.000010 0.024357 -0.000979
v -0.000266 0.003866 -0.014143
v 0.000008 0.003854 -0.014125
v 0.001026 0.024237 -0.000793
v 0.000650 0.003827 -0.014082
v 0.001008 0.003734 -0.013938
v 0.001865 0.023905 -0.000276
v 0.001478 0.003612 -0.013748
v 0.001834 0.003406 -0.013428
v 0.002381 0.023417 0.000482
v 0.002348 0.002926 -0.012682
v 0.002107 0.003249 -0.013184
v 0.002485 0.022857 0.001352
v 0.002462 0.002374 -0.011823
v 0.002451 0.002788 -0.012468
v 0.002160 0.022323 0.002183
v 0.002155 0.001841 -0.010995
v 0.002464 0.002291 -0.011695
v 0.001535 0.001453 -0.010393
v 0.002144 0.001825 -0.010971
v 0.001461 0.021907 0.002830
v 0.001454 0.001431 -0.010357
v 0.000510 0.021680 0.003182
v 0.000718 0.001226 -0.010038
v 0.000506 0.001213 -0.010019
v -0.000530 0.021682 0.003179
v -0.000195 0.001173 -0.009956
v -0.000520 0.001220 -0.010029
v -0.001082 0.001302 -0.010157
v -0.001453 0.001449 -0.010385
v -0.001478 0.021913 0.002820
v -0.001215 0.022482 0.002759
v -0.001784 0.022827 0.002222
v -0.002170 0.022333 0.002167
v -0.002045 0.023267 0.001538
v -0.002487 0.022868 0.001335
v -0.001952 0.023726 0.000824
v -0.002374 0.023427 0.000466
v -0.001521 0.024126 0.000203
v -0.001851 0.023913 -0.000290
v -0.000828 0.024396 -0.000217
v -0.001007 0.024242 -0.000801
v 0.000009 0.024490 -0.000364
v 0.000010 0.024357 -0.000979
v 0.000844 0.024392 -0.000211
v 0.001026 0.024237 -0.000793
v 0.001533 0.024119 0.000214
v 0.001865 0.023905 -0.000276
v 0.001957 0.023717 0.000837
v 0.002381 0.023417 0.000482
v 0.002043 0.023258 0.001552
v 0.002485 0.022857 0.001352
v 0.001775 0.022818 0.002235
v 0.002160 0.022323 0.002183
v 0.001201 0.022476 0.002767
v 0.001461 0.021907 0.002830
v 0.000419 0.022290 0.003057
v 0.000510 0.021680 0.003182
v -0.000436 0.022292 0.003054
v -0.000530 0.021682 0.003179
v 0.000000 0.023378 0.001365
v -0.001215 0.022482 0.002759
v -0.000436 0.022292 0.003054
v 0.000419 0.022290 0.003057
v 0.001201 0.022476 0.002767
v 0.001775 0.022818 0.002235
v 0.002043 0.023258 0.001552
v 0.001957 0.023717 0.000837
v 0.001533 0.024119 0.000214
v 0.000844 0.024392 -0.000211
v 0.000009 0.024490 -0.000364
v -0.000828 0.024396 -0.000217
v -0.001521 0.024126 0.000203
v -0.001952 0.023726 0.000824
v -0.002045 0.023267 0.001538
v -0.001784 0.022827 0.002222
v 0.001596 0.003531 -0.013992
v 0.000702 0.003763 -0.014353
v 0.000650 0.003827 -0.014082
v -0.000288 0.003805 -0.014418
v -0.000266 0.003866 -0.014143
v -0.001238 0.003651 -0.014178
v -0.001146 0.003723 -0.013921
v -0.002021 0.003321 -0.013666
v -0.001871 0.003418 -0.013446
v -0.002531 0.002861 -0.012950
v -0.002344 0.002991 -0.012784
v -0.002700 0.002332 -0.012128
v -0.002500 0.002502 -0.012022
v -0.002503 0.001806 -0.011310
v -0.002318 0.002014 -0.011265
v -0.001969 0.001353 -0.010607
v -0.001823 0.001596 -0.010614
v -0.001169 0.001036 -0.010113
v -0.001082 0.001302 -0.010157
v -0.000211 0.000897 -0.009897
v -0.000195 0.001173 -0.009956
v 0.000776 0.000954 -0.009985
v 0.000718 0.001226 -0.010038
v 0.001658 0.001200 -0.010368
v 0.001535 0.001453 -0.010393
v 0.002316 0.001602 -0.010993
v 0.002144 0.001825 -0.010971
v 0.002661 0.002105 -0.011775
v 0.002464 0.002291 -0.011695
v 0.002647 0.002642 -0.012609
v 0.002451 0.002788 -0.012468
v 0.002275 0.003139 -0.013383
v 0.002107 0.003249 -0.013184
v 0.001478 0.003612 -0.013748
v -0.002217 -0.002227 -0.011510
v -0.002512 -0.002025 -0.010900
v -0.003042 -0.001776 -0.011288
v -0.002684 -0.002007 -0.011852
v -0.003489 -0.001483 -0.011743
v -0.003079 -0.001749 -0.012253
v -0.003841 -0.001154 -0.012254
v -0.003389 -0.001459 -0.012704
v -0.004088 -0.000799 -0.012806
v -0.003607 -0.001145 -0.013192
v -0.004224 -0.000426 -0.013385
v -0.003727 -0.000817 -0.013703
v -0.004244 -0.000047 -0.013976
v -0.003745 -0.000482 -0.014223
v -0.004148 0.000330 -0.014560
v -0.003660 -0.000150 -0.014739
v -0.003940 0.000692 -0.015124
v -0.003476 0.000170 -0.015237
v -0.003624 0.001031 -0.015651
v -0.003197 0.000469 -0.015702
v -0.003209 0.001337 -0.016127
v -0.002831 0.000740 -0.016122
v -0.002706 0.001603 -0.016539
v -0.002388 0.000973 -0.016486
v -0.002130 0.001819 -0.016876
v -0.001879 0.001165 -0.016783
v -0.001495 0.001982 -0.017129
v -0.001320 0.001308 -0.017006
v -0.000820 0.002086 -0.017291
v -0.000724 0.001400 -0.017148
v -0.000123 0.002128 -0.017356
v -0.000108 0.001437 -0.017206
v 0.000578 0.002108 -0.017324
v 0.000510 0.001419 -0.017178
v 0.001263 0.002025 -0.017196
v 0.001115 0.001346 -0.017065
v 0.001914 0.001883 -0.016975
v 0.001689 0.001221 -0.016870
v 0.002512 0.001684 -0.016666
v 0.002217 0.001045 -0.016598
v 0.003042 0.001435 -0.016279
v 0.002684 0.000826 -0.016256
v 0.003489 0.001142 -0.015824
v 0.003079 0.000567 -0.015854
v 0.003841 0.000814 -0.015313
v 0.003389 0.000277 -0.015404
v 0.004088 0.000458 -0.014761
v 0.003607 -0.000036 -0.014916
v 0.004224 0.000086 -0.014181
v 0.003727 -0.000365 -0.014405
v 0.004244 -0.000294 -0.013591
v 0.003745 -0.000700 -0.013884
v 0.004148 -0.000670 -0.013006
v 0.003660 -0.001032 -0.013368
v 0.003940 -0.001033 -0.012443
v 0.003476 -0.001352 -0.012871
v 0.003624 -0.001372 -0.011916
v 0.003197 -0.001651 -0.012406
v 0.003209 -0.001678 -0.011439
v 0.002831 -0.001921 -0.011986
v 0.002706 -0.001943 -0.011027
v 0.002388 -0.002155 -0.011622
v 0.002130 -0.002160 -0.010690
v 0.001879 -0.002346 -0.011325
v 0.001495 -0.002322 -0.010438
v 0.001320 -0.002490 -0.011102
v 0.000820 -0.002426 -0.010276
v 0.000724 -0.002581 -0.010959
v 0.000123 -0.002469 -0.010210
v 0.000108 -0.002619 -0.010901
v -0.000578 -0.002448 -0.010242
v -0.000510 -0.002601 -0.010929
v -0.001263 -0.002366 -0.010371
v -0.001115 -0.002528 -0.011043
v -0.001914 -0.002223 -0.010592
v -0.001689 -0.002402 -0.011238
v -0.001863 0.000148 -0.015202
v -0.001863 0.001830 -0.014120
v -0.001988 0.001209 -0.013155
v -0.002114 -0.001094 -0.013271
v -0.002114 0.000588 -0.012189
v -0.002114 -0.001094 -0.013271
v -0.002114 0.000588 -0.012189
v -0.001182 0.000219 -0.011615
v -0.000251 -0.001833 -0.012123
v -0.000251 -0.000151 -0.011041
v 0.001863 -0.001329 -0.012906
v -0.000251 -0.001833 -0.012123
v 0.000806 0.000101 -0.011432
v -0.000251 -0.000151 -0.011041
v 0.001863 0.000353 -0.011824
v 0.002114 -0.000087 -0.014836
v 0.001863 -0.001329 -0.012906
v 0.001988 0.000974 -0.012789
v 0.001863 0.000353 -0.011824
v 0.002114 0.001595 -0.013754
v 0.000251 0.000651 -0.015985
v 0.002114 -0.000087 -0.014836
v 0.001182 0.001964 -0.014329
v 0.002114 0.001595 -0.013754
v 0.000251 0.002333 -0.014903
v 0.000251 0.000651 -0.015985
v 0.000251 0.002333 -0.014903
v -0.000806 0.002082 -0.014511
v -0.001863 0.000148 -0.015202
v -0.001863 0.001830 -0.014120
v 0.002114 0.001595 -0.013754
v 0.001955 0.001320 -0.013328
v 0.001534 0.001785 -0.014051
v 0.001988 0.000974 -0.012789
v 0.001182 0.001964 -0.014329
v -0.001182 0.000219 -0.011615
v -0.001797 0.000616 -0.012233
v -0.001123 0.001158 -0.012276
v -0.001999 0.001122 -0.013020
v -0.001249 0.001475 -0.012767
v -0.001988 0.001209 -0.013155
v -0.001744 0.001621 -0.013795
v -0.001090 0.001787 -0.013252
v -0.001089 0.001999 -0.014383
v -0.000681 0.002023 -0.013619
v -0.000806 0.002082 -0.014511
v -0.000185 0.002169 -0.014647
v -0.000115 0.002129 -0.013784
v 0.000762 0.002092 -0.014527
v 0.000476 0.002081 -0.013710
v 0.001182 0.001964 -0.014329
v 0.000959 0.001889 -0.013412
v 0.001534 0.001785 -0.014051
v 0.001955 0.001320 -0.013328
v 0.001222 0.001599 -0.012960
v 0.001988 0.000974 -0.012789
v 0.001205 0.001275 -0.012457
v 0.001928 0.000803 -0.012523
v 0.001459 0.000351 -0.011821
v 0.000912 0.000993 -0.012018
v 0.000806 0.000101 -0.011432
v 0.000410 0.000817 -0.011744
v 0.000656 0.000069 -0.011383
v -0.000297 0.000021 -0.011308
v -0.000186 0.000787 -0.011698
v -0.000739 0.000910 -0.011890
v -0.000739 0.002228 -0.011042
v -0.000116 0.002145 -0.010914
v -0.000186 0.000787 -0.011698
v -0.000137 0.000789 -0.011702
v 0.000460 0.002193 -0.010988
v 0.000493 0.000846 -0.011790
v 0.000410 0.000817 -0.011744
v 0.000190 0.002105 -0.010851
v 0.001008 0.002374 -0.011268
v 0.000912 0.000993 -0.012018
v 0.000984 0.001063 -0.012127
v 0.001161 0.002711 -0.011792
v 0.001205 0.001275 -0.012457
v 0.001210 0.001382 -0.012624
v 0.001072 0.003022 -0.012277
v 0.001112 0.001719 -0.013148
v 0.001222 0.001599 -0.012960
v 0.001235 0.002876 -0.012050
v 0.000739 0.003319 -0.012738
v 0.000959 0.001889 -0.013412
v 0.000717 0.001985 -0.013561
v 0.000116 0.003401 -0.012866
v 0.000131 0.002109 -0.013753
v 0.000476 0.002081 -0.013710
v -0.000493 0.002058 -0.013674
v -0.000115 0.002129 -0.013784
v -0.000190 0.003442 -0.012929
v -0.001008 0.003173 -0.012511
v -0.000988 0.001845 -0.013343
v -0.000681 0.002023 -0.013619
v -0.000460 0.003353 -0.012791
v -0.001161 0.002836 -0.011987
v -0.001223 0.001526 -0.012847
v -0.001090 0.001787 -0.013252
v -0.001133 0.001184 -0.012316
v -0.001249 0.001475 -0.012767
v -0.001235 0.002670 -0.011730
v -0.000739 0.000910 -0.011890
v -0.001123 0.001158 -0.012276
v -0.001072 0.002525 -0.011503
v 0.000000 0.003380 -0.011499
v 0.000190 0.002105 -0.010851
v -0.000739 0.002228 -0.011042
v 0.000000 0.003380 -0.011499
v 0.001008 0.002374 -0.011268
v 0.000000 0.003380 -0.011499
v 0.001235 0.002876 -0.012050
v 0.000000 0.003380 -0.011499
v 0.000739 0.003319 -0.012738
v 0.000000 0.003380 -0.011499
v -0.000190 0.003442 -0.012929
v 0.000000 0.003380 -0.011499
v -0.001008 0.003173 -0.012511
v 0.000000 0.003380 -0.011499
v -0.001235 0.002670 -0.011730
v 0.000000 0.003380 -0.011499
v 0.001153 -0.009493 -0.006037
v 0.000627 -0.008937 -0.006901
v 0.001403 -0.009034 -0.006751
v 0.000526 -0.010018 -0.005222
v 0.001447 -0.009843 -0.005493
v -0.000627 -0.009986 -0.005271
v -0.001173 -0.010058 -0.005159
v -0.001551 -0.009695 -0.005723
v -0.000526 -0.008905 -0.006951
v -0.000615 -0.008657 -0.007337
v 0.000147 -0.008594 -0.007435
v 0.000875 -0.008730 -0.007223
v 0.001609 -0.009436 -0.006126
v 0.000241 -0.010323 -0.004747
v -0.001153 -0.009430 -0.006136
v -0.001574 -0.009278 -0.006371
v -0.001236 -0.008904 -0.006954
v 0.000954 -0.010163 -0.004995
v -0.000875 -0.010193 -0.004950
v -0.000526 -0.010285 -0.004806
v 0.000000 -0.006097 -0.003922
v -0.000679 -0.006665 -0.003040
v -0.000114 -0.006771 -0.002875
v 0.000478 -0.006722 -0.002951
v 0.000960 -0.006531 -0.003249
v 0.001222 -0.006240 -0.003701
v 0.001204 -0.005916 -0.004204
v 0.000911 -0.005634 -0.004642
v 0.000408 -0.005458 -0.004916
v -0.000187 -0.005429 -0.004962
v -0.000740 -0.005553 -0.004769
v -0.001124 -0.005801 -0.004383
v -0.001249 -0.006118 -0.003891
v -0.001089 -0.006429 -0.003406
v -0.001087 -0.007637 -0.002916
v -0.000679 -0.006665 -0.003040
v -0.001089 -0.006429 -0.003406
v -0.001743 -0.007259 -0.003502
v -0.001249 -0.006118 -0.003891
v -0.001999 -0.006760 -0.004278
v -0.001124 -0.005801 -0.004383
v -0.001798 -0.006254 -0.005065
v -0.000740 -0.005553 -0.004769
v -0.001185 -0.005856 -0.005683
v -0.000187 -0.005429 -0.004962
v -0.000300 -0.005658 -0.005991
v 0.000408 -0.005458 -0.004916
v 0.000653 -0.005706 -0.005918
v 0.000911 -0.005634 -0.004642
v 0.001457 -0.005987 -0.005480
v 0.001204 -0.005916 -0.004204
v 0.001927 -0.006438 -0.004779
v 0.001222 -0.006240 -0.003701
v 0.001955 -0.006956 -0.003974
v 0.000960 -0.006531 -0.003249
v 0.001536 -0.007421 -0.003250
v 0.000478 -0.006722 -0.002951
v 0.000764 -0.007728 -0.002774
v -0.000114 -0.006771 -0.002875
v -0.000182 -0.007806 -0.002653
v -0.001087 -0.007637 -0.002916
v -0.001696 -0.007286 -0.003461
v -0.001457 -0.010013 -0.004812
v -0.001658 -0.009820 -0.005112
v -0.001743 -0.007259 -0.003502
v -0.001963 -0.006831 -0.004169
v -0.001927 -0.009562 -0.005514
v -0.001937 -0.009378 -0.005800
v -0.001999 -0.006760 -0.004278
v -0.001841 -0.006362 -0.004898
v -0.001955 -0.009045 -0.006318
v -0.001836 -0.008912 -0.006524
v -0.001536 -0.008579 -0.007042
v -0.001798 -0.006254 -0.005065
v -0.001359 -0.005969 -0.005508
v -0.001372 -0.008514 -0.007143
v -0.000764 -0.008272 -0.007519
v -0.001185 -0.005856 -0.005683
v -0.000615 -0.005729 -0.005882
v -0.000631 -0.008261 -0.007536
v -0.000300 -0.005658 -0.005991
v -0.000189 -0.008225 -0.007592
v 0.000653 -0.005706 -0.005918
v 0.000667 -0.008285 -0.007498
v 0.000182 -0.008195 -0.007639
v -0.000199 -0.005663 -0.005983
v 0.000682 -0.005715 -0.005902
v 0.001429 -0.005977 -0.005496
v 0.001087 -0.008364 -0.007376
v 0.001391 -0.008539 -0.007104
v 0.001457 -0.005987 -0.005480
v 0.001877 -0.006390 -0.004853
v 0.001743 -0.008741 -0.006790
v 0.001843 -0.008937 -0.006486
v 0.001927 -0.006438 -0.004779
v 0.001950 -0.006864 -0.004116
v 0.001999 -0.009240 -0.006014
v 0.001935 -0.009402 -0.005763
v 0.001841 -0.009639 -0.005394
v 0.001955 -0.006956 -0.003974
v 0.001798 -0.009746 -0.005227
v 0.001836 -0.007088 -0.003769
v 0.001536 -0.007421 -0.003250
v 0.001359 -0.010031 -0.004785
v 0.000764 -0.007728 -0.002774
v 0.000615 -0.010271 -0.004411
v 0.001185 -0.010144 -0.004609
v 0.001372 -0.007486 -0.003149
v -0.000182 -0.007806 -0.002653
v -0.000245 -0.010315 -0.004343
v 0.000300 -0.010342 -0.004301
v 0.000631 -0.007739 -0.002757
v -0.001087 -0.010180 -0.004552
v -0.000653 -0.010295 -0.004375
v -0.000246 -0.007794 -0.002671
v 0.001087 -0.008364 -0.007376
v 0.000875 -0.008730 -0.007223
v 0.000147 -0.008594 -0.007435
v 0.000182 -0.008195 -0.007639
v -0.000615 -0.008657 -0.007337
v -0.000764 -0.008272 -0.007519
v -0.001236 -0.008904 -0.006954
v -0.001536 -0.008579 -0.007042
v -0.001574 -0.009278 -0.006371
v -0.001955 -0.009045 -0.006318
v -0.001551 -0.009695 -0.005723
v -0.001927 -0.009562 -0.005514
v -0.001173 -0.010058 -0.005159
v -0.001087 -0.010180 -0.004552
v -0.000875 -0.010193 -0.004950
v -0.000526 -0.010285 -0.004806
v -0.001457 -0.010013 -0.004812
v -0.000653 -0.010295 -0.004375
v 0.000241 -0.010323 -0.004747
v 0.000300 -0.010342 -0.004301
v 0.000954 -0.010163 -0.004995
v 0.001185 -0.010144 -0.004609
v 0.001447 -0.009843 -0.005493
v 0.001798 -0.009746 -0.005227
v 0.001609 -0.009436 -0.006126
v 0.001999 -0.009240 -0.006014
v 0.001403 -0.009034 -0.006751
v 0.001743 -0.008741 -0.006790
v -0.000627 -0.008724 -0.004459
v -0.000627 -0.009986 -0.005271
v -0.001153 -0.009430 -0.006136
v -0.001153 -0.008168 -0.005324
v -0.000627 -0.008724 -0.004459
v 0.000526 -0.008756 -0.004410
v 0.000526 -0.010018 -0.005222
v -0.000627 -0.009986 -0.005271
v 0.001153 -0.008232 -0.005225
v 0.001153 -0.009493 -0.006037
v 0.000526 -0.010018 -0.005222
v 0.000526 -0.008756 -0.004410
v 0.000627 -0.007676 -0.006090
v 0.000627 -0.008937 -0.006901
v 0.001153 -0.009493 -0.006037
v 0.001153 -0.008232 -0.005225
v 0.000627 -0.007676 -0.006090
v -0.000526 -0.007644 -0.006139
v -0.000526 -0.008905 -0.006951
v 0.000627 -0.008937 -0.006901
v -0.000526 -0.007644 -0.006139
v -0.001153 -0.008168 -0.005324
v -0.001153 -0.009430 -0.006136
v -0.000526 -0.008905 -0.006951
v 0.001153 -0.008232 -0.005225
v -0.001153 -0.008168 -0.005324
v -0.000526 -0.007644 -0.006139
v 0.000526 -0.008756 -0.004410
v -0.000627 -0.008724 -0.004459
v 0.000627 -0.007676 -0.006090
vn 1.0000 -0.0000 -0.0000
vn -1.0000 -0.0000 -0.0000
vn -0.0000 -0.5410 0.8410
vn -0.0000 -0.7198 0.6942
vn -0.0000 -0.8600 0.5102
vn -0.0000 -0.9543 0.2990
vn -0.0000 -0.9974 0.0717
vn -0.0000 -0.9872 -0.1594
vn -0.0000 -0.5544 -0.8323
vn -0.0000 -0.3483 -0.9374
vn -0.0000 -0.1236 -0.9923
vn -0.0000 0.1077 -0.9942
vn -0.0000 0.3333 -0.9428
vn -0.0000 0.5410 -0.8410
vn -0.0000 0.5529 0.8333
vn -0.0000 0.4082 0.9129
vn -0.0000 0.7935 0.6086
vn -0.0000 0.6825 0.7309
vn -0.0000 0.8828 0.4697
vn -0.0000 0.9481 0.3180
vn -0.0000 0.9875 0.1576
vn -0.0000 0.2524 0.9676
vn -0.0000 0.0896 0.9960
vn -0.0000 -0.0755 0.9971
vn -0.0000 -0.2386 0.9711
vn -0.0000 -0.3952 0.9186
vn -0.0000 1.0000 -0.0071
vn -0.0000 0.9852 -0.1716
vn -0.0000 0.9435 -0.3314
vn -0.0000 0.8761 -0.4822
vn -0.0000 0.7848 -0.6198
vn -0.0000 0.6720 -0.7405
vn -0.0000 0.8217 -0.5700
vn -0.0000 0.6947 -0.7193
vn -0.0000 0.9171 -0.3987
vn -0.0000 0.9772 -0.2121
vn -0.0000 0.9772 -0.2122
vn -0.0000 0.9998 -0.0174
vn -0.0000 0.9840 0.1780
vn -0.0000 0.9304 0.3665
vn -0.0000 0.8410 0.5410
vn -0.0000 0.7193 0.6947
vn -0.0000 0.5700 0.8217
vn -0.0000 0.3987 0.9171
vn -0.0000 0.2121 0.9772
vn -0.0000 0.2122 0.9772
vn -0.0000 0.0174 0.9998
vn -0.0000 -0.1780 0.9840
vn -0.0000 -0.3665 0.9304
vn -0.0000 -0.6947 0.7193
vn -0.0000 -0.8217 0.5700
vn -0.0000 -0.9171 0.3987
vn -0.0000 -0.9772 0.2121
vn -0.0000 -0.9772 0.2122
vn -0.0000 -0.9998 0.0174
vn -0.0000 -0.9840 -0.1780
vn -0.0000 -0.9304 -0.3665
vn -0.0000 -0.8410 -0.5410
vn -0.0000 -0.7193 -0.6947
vn -0.0000 -0.5700 -0.8217
vn -0.0000 -0.2122 -0.9772
vn -0.0000 -0.3987 -0.9171
vn -0.0000 -0.0174 -0.9998
vn -0.0000 0.1780 -0.9840
vn -0.0000 0.3665 -0.9304
vn -0.4238 -0.8792 -0.2176
vn -0.2394 -0.9676 -0.0802
vn -0.5113 -0.7545 -0.4115
vn -0.4239 -0.8792 -0.2177
vn -0.4816 -0.6221 -0.6173
vn -0.5113 -0.7545 -0.4116
vn -0.3416 -0.5123 -0.7879
vn -0.3416 -0.5124 -0.7879
vn -0.4816 -0.6221 -0.6174
vn -0.1233 -0.4504 -0.8843
vn -0.3415 -0.5123 -0.7880
vn 0.1232 -0.4503 -0.8843
vn -0.1232 -0.4503 -0.8843
vn 0.3415 -0.5123 -0.7880
vn 0.1233 -0.4504 -0.8843
vn 0.4816 -0.6221 -0.6174
vn 0.4815 -0.6221 -0.6174
vn 0.3416 -0.5123 -0.7879
vn 0.5113 -0.7545 -0.4116
vn 0.4816 -0.6221 -0.6173
vn 0.4239 -0.8792 -0.2177
vn 0.5113 -0.7545 -0.4115
vn 0.2394 -0.9676 -0.0802
vn 0.4238 -0.8792 -0.2176
vn -0.0000 -0.9995 -0.0306
vn 0.2393 -0.9676 -0.0802
vn -0.2393 -0.9676 -0.0802
vn 0.4647 -0.4790 0.7447
vn 0.8230 -0.3073 0.4778
vn 0.9927 -0.0652 0.1014
vn 0.9350 0.1918 -0.2982
vn 0.6631 0.4049 -0.6295
vn 0.2393 0.5253 -0.8166
vn -0.6631 0.4049 -0.6295
vn -0.9350 0.1918 -0.2982
vn -0.2393 0.5253 -0.8166
vn -0.9927 -0.0652 0.1014
vn -0.8230 -0.3073 0.4778
vn -0.4647 -0.4790 0.7447
vn -0.3415 -0.5123 -0.7879
vn 0.3415 -0.5123 -0.7879
vn -0.0000 0.1783 0.9840
vn -0.7071 0.5947 0.3826
vn -0.7071 0.5947 0.3825
vn -0.7071 0.1261 0.6958
vn -0.7071 0.1258 0.6958
vn -0.7071 0.1261 0.6957
vn 0.7071 0.5947 0.3825
vn 0.7073 0.5947 0.3822
vn 0.7071 0.5947 0.3826
vn 0.7071 0.1261 0.6958
vn 0.7071 -0.3825 0.5947
vn 0.3827 -0.4998 0.7770
vn 0.5556 -0.4498 0.6993
vn 0.1951 -0.5306 0.8249
vn 0.8315 -0.3006 0.4672
vn 0.9239 -0.2071 0.3218
vn 0.9239 -0.2070 0.3218
vn 0.9808 -0.1055 0.1641
vn 1.0000 -0.0000 0.0001
vn -0.8315 -0.3006 0.4672
vn -0.7071 -0.3826 0.5947
vn -0.7071 -0.3825 0.5947
vn -0.9239 -0.2070 0.3219
vn -0.9239 -0.2071 0.3218
vn -0.9808 -0.1055 0.1641
vn -0.3827 -0.4998 0.7770
vn -0.5556 -0.4498 0.6993
vn -0.1951 -0.5306 0.8249
vn -0.3827 0.4998 -0.7770
vn -0.7071 0.3825 -0.5947
vn -0.5555 0.4498 -0.6993
vn -0.9239 0.2070 -0.3219
vn -0.9239 0.2070 -0.3218
vn -0.9808 0.1055 -0.1640
vn -0.8315 0.3006 -0.4673
vn -0.3826 0.4998 -0.7770
vn -0.0001 0.5410 -0.8410
vn 0.3826 0.4998 -0.7770
vn 0.0001 0.5410 -0.8410
vn 0.7071 0.3825 -0.5947
vn 0.3827 0.4998 -0.7770
vn 0.5556 0.4498 -0.6993
vn 0.9239 0.2070 -0.3218
vn 0.8315 0.3006 -0.4673
vn 0.9808 0.1055 -0.1641
vn 0.0001 -0.8410 -0.5410
vn -0.0000 -0.4028 0.9153
vn -0.0000 -0.2546 0.9670
vn -0.0000 -0.1002 0.9950
vn -0.0000 0.0567 0.9984
vn -0.0000 0.3624 0.9320
vn -0.0000 0.5038 0.8638
vn -0.0002 0.6327 0.7744
vn -0.0004 0.9670 0.2547
vn -0.0000 0.9950 0.1002
vn 0.0003 0.9670 0.2547
vn -0.0000 0.9984 -0.0567
vn -0.0000 0.9320 -0.3624
vn -0.0000 0.8638 -0.5038
vn -0.0000 0.7744 -0.6327
vn -0.0000 0.6659 -0.7460
vn 0.0003 0.9153 0.4027
vn -0.0000 0.8611 0.5085
vn -0.0000 0.8794 0.4760
vn -0.0000 0.8954 0.4452
vn -0.0000 0.9153 0.4028
vn -0.0000 0.7979 0.6028
vn 0.0003 0.7460 0.6659
vn -0.0000 0.8198 0.5727
vn -0.0000 0.7764 0.6302
vn -0.0000 0.7461 0.6659
vn -0.0000 0.7226 0.6913
vn -0.0000 0.7110 0.7032
vn -0.0000 0.7040 0.7102
vn -0.0000 0.7014 0.7128
vn 0.0002 0.6327 0.7744
vn -0.0000 0.7038 0.7104
vn -0.0000 0.7111 0.7030
vn -0.0000 0.7460 0.6660
vn -0.0003 0.7460 0.6659
vn -0.0000 0.7980 0.6027
vn -0.0000 0.7764 0.6303
vn -0.0003 0.9153 0.4027
vn -0.0000 0.9287 0.3708
vn -0.0000 0.9347 0.3555
vn -0.0000 0.9383 0.3458
vn -0.0000 0.9394 0.3427
vn -0.0000 0.9383 0.3459
vn -0.0005 -0.6315 -0.7753
vn -0.0000 -0.6316 -0.7753
vn -0.0000 -0.2121 -0.9772
vn -0.0000 -0.0574 -0.9984
vn -0.0000 -0.3617 -0.9323
vn -0.0000 0.2533 -0.9674
vn -0.0000 0.5409 -0.8411
vn -0.0000 0.2532 -0.9674
vn -0.0000 -0.7145 -0.6996
vn -0.0000 -0.6790 -0.7341
vn -0.0000 -0.7144 -0.6997
vn -0.0000 -0.9323 0.3617
vn -0.0000 -0.7753 0.6315
vn -0.0000 -0.7753 0.6316
vn -0.0000 -0.9984 0.0574
vn -0.0000 -0.9323 0.3618
vn 0.0005 -0.9674 -0.2532
vn -0.0000 -0.9329 -0.3600
vn -0.0000 -0.9496 -0.3136
vn -0.0000 -0.9674 -0.2532
vn -0.2588 0.5226 -0.8124
vn -0.5000 0.4685 -0.7283
vn -0.8660 0.2705 -0.4205
vn -0.9659 0.1400 -0.2177
vn -0.9659 -0.1400 0.2177
vn -0.8660 -0.2705 0.4205
vn -0.5000 -0.4685 0.7283
vn -0.2588 -0.5226 0.8124
vn 0.2588 -0.5226 0.8124
vn 0.5000 -0.4685 0.7283
vn 0.5000 -0.4685 0.7284
vn 0.8660 -0.2705 0.4205
vn 0.9659 -0.1400 0.2177
vn 0.9659 0.1400 -0.2177
vn 0.8660 0.2705 -0.4205
vn 0.5000 0.4685 -0.7283
vn 0.2588 0.5226 -0.8124
vn 0.8315 0.3006 -0.4672
vn -0.9239 -0.2070 0.3218
vn -0.9808 0.1055 -0.1641
vn -0.8315 0.3006 -0.4672
vn -0.5556 0.4498 -0.6993
vn -0.1951 0.5306 -0.8249
vn 0.1951 0.5306 -0.8249
vn 0.4359 -0.4869 0.7569
vn 0.3830 -0.4997 0.7769
vn -0.3831 -0.4997 0.7769
vn -0.4359 -0.4869 0.7569
vn 0.5000 0.4685 -0.7284
vn -0.4359 0.4869 -0.7569
vn -0.3830 0.4997 -0.7769
vn 0.3830 0.4997 -0.7769
vn 0.4359 0.4869 -0.7569
vn -0.3090 -0.5145 0.7999
vn -0.0001 -0.5410 0.8410
vn -0.4339 -0.4874 0.7577
vn -0.5878 -0.4376 0.6804
vn -0.5869 -0.4380 0.6809
vn -0.7818 -0.3373 0.5244
vn -0.8090 -0.3180 0.4943
vn -0.8081 -0.3187 0.4954
vn -0.9510 -0.1672 0.2599
vn -0.9749 -0.1204 0.1871
vn -1.0000 -0.0000 0.0001
vn -0.9517 -0.1661 0.2581
vn -0.3108 -0.5142 0.7994
vn -0.4339 -0.7578 -0.4874
vn -0.0001 -0.9772 0.2122
vn -0.4339 -0.8866 -0.1603
vn -0.0001 -0.8217 0.5700
vn -0.4339 -0.8805 0.1911
vn -0.4339 -0.7403 0.5135
vn -0.7818 -0.5244 -0.3373
vn -0.7818 -0.6135 -0.1110
vn -0.7818 -0.6093 0.1323
vn -0.4339 -0.4875 0.7577
vn -0.7818 -0.5123 0.3554
vn -0.9749 -0.1872 -0.1204
vn -0.9749 -0.2190 -0.0396
vn -0.9749 -0.2175 0.0472
vn -0.9749 -0.1829 0.1268
vn -1.0000 -0.0000 -0.0001
vn -0.3108 -0.7994 -0.5142
vn -0.0001 -0.8410 -0.5410
vn -0.4339 -0.7577 -0.4874
vn -0.5869 -0.6809 -0.4380
vn -0.8081 -0.4954 -0.3187
vn -0.9517 -0.2581 -0.1661
vn -0.9749 -0.1871 -0.1204
vn -0.9517 -0.2582 -0.1661
vn -0.4339 0.4874 -0.7578
vn -0.4339 0.1603 -0.8866
vn -0.4339 -0.1911 -0.8805
vn -0.4339 -0.5135 -0.7403
vn -0.7818 0.3373 -0.5244
vn -0.7818 0.1110 -0.6135
vn -0.7818 -0.1323 -0.6093
vn -0.4339 -0.7577 -0.4875
vn -0.7818 -0.3554 -0.5123
vn -0.9749 0.1204 -0.1871
vn -0.9749 0.0396 -0.2190
vn -0.9749 -0.0472 -0.2175
vn -0.9749 -0.1268 -0.1828
vn -0.3108 0.5142 -0.7994
vn -0.4339 0.4874 -0.7577
vn -0.5878 0.4377 -0.6804
vn -0.3090 0.5145 -0.7999
vn -0.5869 0.4380 -0.6809
vn -0.8090 0.3180 -0.4943
vn -0.9517 0.1661 -0.2582
vn -0.8081 0.3187 -0.4954
vn -0.9510 0.1672 -0.2599
vn 0.2225 -0.5274 0.8199
vn 0.0001 -0.5410 0.8410
vn 0.3090 -0.5145 0.7999
vn 0.5891 -0.4372 0.6796
vn 0.3070 -0.5149 0.8004
vn 0.6235 -0.4229 0.6576
vn 0.8090 -0.3180 0.4943
vn 0.5878 -0.4377 0.6804
vn 0.9010 -0.2347 0.3649
vn 0.8096 -0.3175 0.4936
vn 0.9511 -0.1672 0.2599
vn 0.9505 -0.1682 0.2614
vn 0.9010 -0.4269 -0.0772
vn 0.6235 -0.6575 -0.4230
vn 0.9010 -0.3649 -0.2347
vn 0.9010 -0.4240 0.0920
vn 0.6235 -0.7693 -0.1391
vn 0.9010 -0.3565 0.2473
vn 0.6235 -0.7640 0.1659
vn 0.6235 -0.6424 0.4456
vn 0.2225 -0.8200 -0.5274
vn 0.2225 -0.9594 -0.1735
vn 0.2225 -0.9527 0.2068
vn 0.6235 -0.4230 0.6575
vn 0.2225 -0.8011 0.5557
vn -0.0000 -0.8411 -0.5409
vn 0.2225 -0.5275 0.8199
vn 1.0000 -0.0001 -0.0000
vn 0.2225 -0.8199 -0.5274
vn 0.3070 -0.8004 -0.5149
vn 0.5891 -0.6796 -0.4372
vn 0.8097 -0.4936 -0.3175
vn 0.5891 -0.6797 -0.4371
vn 0.9505 -0.2614 -0.1682
vn 0.9010 0.0772 -0.4269
vn 0.6235 0.4229 -0.6576
vn 0.9010 0.2347 -0.3649
vn 0.9010 -0.0920 -0.4240
vn 0.6235 0.1391 -0.7693
vn 0.9010 -0.2473 -0.3565
vn 0.6235 -0.1659 -0.7640
vn 0.6235 -0.4456 -0.6424
vn 0.2225 0.5274 -0.8200
vn 0.2225 0.1735 -0.9594
vn 0.2225 -0.2068 -0.9527
vn 0.2225 -0.5557 -0.8011
vn 0.2225 -0.8199 -0.5275
vn 0.2225 0.5274 -0.8199
vn 0.3090 0.5145 -0.7999
vn 0.3070 0.5149 -0.8004
vn 0.5878 0.4377 -0.6804
vn 0.6235 0.4230 -0.6575
vn 0.8090 0.3180 -0.4943
vn 0.8097 0.3175 -0.4936
vn 0.9511 0.1672 -0.2599
vn 0.9505 0.1682 -0.2614
vn 0.5890 0.4372 -0.6796
vn 0.9848 0.0940 -0.1460
vn 0.9395 0.1853 -0.2881
vn -0.3420 0.5084 -0.7903
vn -0.6430 0.4143 -0.6441
vn -0.6428 0.4144 -0.6443
vn -0.9848 0.0940 -0.1460
vn -0.9394 0.1854 -0.2882
vn -0.9848 0.0940 -0.1461
vn -0.9848 -0.0939 0.1461
vn -1.0000 -0.0001 -0.0000
vn -0.9848 -0.0940 0.1460
vn -0.9398 -0.1848 0.2873
vn -0.6428 -0.4145 0.6443
vn -0.7031 -0.3847 0.5980
vn -0.6430 -0.4143 0.6441
vn -0.3420 -0.5084 0.7903
vn -0.5006 -0.4683 0.7281
vn -0.1743 -0.5327 0.8282
vn -0.0002 -0.5410 0.8410
vn 0.3420 -0.5084 0.7903
vn 0.6430 -0.4143 0.6441
vn 0.6428 -0.4145 0.6443
vn 0.9848 -0.0939 0.1461
vn 0.9397 -0.1850 0.2876
vn 0.9848 -0.0940 0.1461
vn 0.9848 0.0940 -0.1461
vn 0.6428 0.4144 -0.6443
vn 0.7031 0.3847 -0.5980
vn 0.6430 0.4143 -0.6441
vn 0.3420 0.5084 -0.7903
vn 0.4996 0.4687 -0.7285
vn 0.1737 0.5328 -0.8282
vn -0.1737 0.5328 -0.8282
vn -0.4999 0.4686 -0.7284
vn -0.7031 0.3847 -0.5980
vn 0.7031 -0.3847 0.5980
vn 0.1734 -0.5328 0.8283
vn -0.0000 -0.8414 -0.5404
vn -0.0002 -0.8419 -0.5396
vn -0.0002 -0.8420 -0.5394
vn -0.8210 -0.3089 0.4801
vn -0.9038 -0.2316 0.3599
vn -0.9619 -0.1479 0.2299
vn -0.9938 -0.0602 0.0937
vn -0.9986 0.0291 -0.0452
vn -0.9761 0.1176 -0.1828
vn -0.9270 0.2029 -0.3155
vn -0.8526 0.2827 -0.4395
vn -0.7550 0.3548 -0.5515
vn -0.6367 0.4171 -0.6485
vn -0.5012 0.4682 -0.7278
vn -0.3519 0.5064 -0.7872
vn -0.1930 0.5308 -0.8252
vn -0.0289 0.5408 -0.8406
vn 0.1360 0.5360 -0.8332
vn 0.2972 0.5165 -0.8030
vn 0.4503 0.4830 -0.7509
vn 0.5912 0.4363 -0.6783
vn 0.7159 0.3777 -0.5873
vn 0.8210 0.3089 -0.4801
vn 0.7159 0.3777 -0.5872
vn 0.0289 -0.5408 0.8407
vn 0.1930 -0.5308 0.8252
vn 0.3519 -0.5064 0.7872
vn 0.9038 0.2315 -0.3599
vn 0.9619 0.1479 -0.2299
vn 0.9938 0.0602 -0.0936
vn 0.9986 -0.0291 0.0452
vn 0.9761 -0.1176 0.1828
vn 0.9270 -0.2029 0.3155
vn 0.8526 -0.2827 0.4395
vn 0.7550 -0.3548 0.5515
vn 0.6367 -0.4172 0.6485
vn 0.5011 -0.4681 0.7278
vn 0.6368 -0.4171 0.6485
vn -0.1360 -0.5360 0.8332
vn -0.2972 -0.5166 0.8030
vn -0.4503 -0.4830 0.7509
vn -0.2972 -0.5165 0.8030
vn -0.5912 -0.4364 0.6783
vn -0.5912 -0.4363 0.6783
vn -0.7159 -0.3777 0.5873
vn -0.7293 -0.3702 0.5754
vn -0.8681 -0.2685 0.4175
vn -0.9272 -0.2027 0.3150
vn -0.8685 -0.2682 0.4169
vn -0.9950 -0.0543 0.0844
vn -0.9999 -0.0078 0.0120
vn -0.9951 -0.0537 0.0834
vn -0.7404 0.3638 -0.5653
vn -0.4585 0.4807 -0.7475
vn -0.7406 0.3633 -0.5652
vn -0.4029 0.4952 -0.7697
vn -0.1065 0.5378 -0.8363
vn -0.4040 0.4941 -0.7699
vn 0.0042 0.5410 -0.8410
vn 0.2599 0.5224 -0.8121
vn 0.0031 0.5410 -0.8410
vn 0.4106 0.4933 -0.7669
vn 0.4102 0.4934 -0.7670
vn 0.7459 0.3603 -0.5601
vn 0.8426 0.2913 -0.4529
vn 0.7462 0.3601 -0.5599
vn 0.9523 0.1651 -0.2565
vn 0.9802 0.1069 -0.1664
vn 0.9527 0.1645 -0.2557
vn 0.9941 -0.0588 0.0914
vn 0.9855 -0.0917 0.1428
vn 0.9940 -0.0594 0.0924
vn 0.5844 -0.4391 0.6824
vn 0.2874 -0.5182 0.8055
vn 0.5851 -0.4392 0.6817
vn 0.2038 -0.5296 0.8234
vn -0.0780 -0.5394 0.8384
vn 0.2050 -0.5306 0.8225
vn -0.2120 -0.5287 0.8219
vn -0.4329 -0.4877 0.7581
vn -0.2112 -0.5288 0.8220
vn 0.8639 -0.2724 0.4236
vn 0.8576 -0.2782 0.4326
vn 0.8638 -0.2726 0.4238
vn 0.6140 -0.4270 0.6638
vn -0.9497 0.1694 -0.2632
vn -0.9376 0.1881 -0.2925
vn -0.9495 0.1698 -0.2640
vn -0.7487 0.3588 -0.5573
vn -0.6138 0.4048 0.6777
vn -0.7035 0.5563 0.4422
vn -0.4180 0.2862 0.8622
vn -0.6716 0.7144 0.1964
vn -0.5235 0.8519 -0.0172
vn -0.2849 0.9448 -0.1617
vn 0.0030 0.9772 -0.2121
vn 0.2903 0.9435 -0.1597
vn 0.5275 0.8495 -0.0135
vn 0.6734 0.7114 0.2011
vn 0.7029 0.5531 0.4472
vn 0.6109 0.4020 0.6820
vn 0.4132 0.2843 0.8651
vn 0.1441 0.2202 0.9648
vn -0.1499 0.2209 0.9637
vn -0.1499 0.2208 0.9637
vn 0.5911 0.4363 -0.6784
vn -0.1064 0.5379 -0.8363
vn 0.0001 0.8410 0.5410
vn -0.4585 0.4808 -0.7474
vn -0.7485 0.3587 -0.5577
vn -0.9375 0.1882 -0.2926
vn -0.9999 -0.0077 0.0119
vn 0.0001 0.8411 0.5410
vn -0.9272 -0.2027 0.3149
vn -0.7293 -0.3701 0.5754
vn -0.0000 0.8411 0.5409
vn -0.0781 -0.5394 0.8384
vn -0.0000 0.8411 0.5410
vn 0.2873 -0.5182 0.8055
vn -0.0001 0.8410 0.5410
vn 0.6139 -0.4271 0.6638
vn 0.8576 -0.2783 0.4325
vn 0.9855 -0.0918 0.1426
vn 0.9803 0.1069 -0.1663
vn 0.0288 -0.5407 0.8407
vn -0.1361 -0.5359 0.8332
vn -0.0000 -0.8410 -0.5411
vn -0.2973 -0.5165 0.8030
vn -0.4504 -0.4830 0.7509
vn 0.3518 -0.5064 0.7873
vn 0.7159 0.3778 -0.5872
vn 0.5912 0.4364 -0.6783
vn 0.4504 0.4831 -0.7509
vn 0.2973 0.5165 -0.8030
vn -0.0000 -0.8411 -0.5410
vn 0.1361 0.5360 -0.8332
vn 0.6367 -0.4171 0.6485
vn 0.7549 -0.3547 0.5515
vn 0.9761 -0.1176 0.1829
vn 0.9986 -0.0291 0.0453
vn -0.0001 -0.8411 -0.5410
vn -0.0288 0.5408 -0.8407
vn -0.1930 0.5309 -0.8252
vn -0.3518 0.5064 -0.7872
vn -0.5011 0.4682 -0.7278
vn -0.6367 0.4172 -0.6485
vn -0.7549 0.3548 -0.5515
vn -0.8526 0.2828 -0.4395
vn -0.9270 0.2030 -0.3155
vn -0.9761 0.1177 -0.1828
vn -0.9938 -0.0602 0.0936
vn -0.9619 -0.1478 0.2299
vn -0.9038 -0.2315 0.3599
vn -0.8210 -0.3088 0.4801
vn -0.7159 -0.3777 0.5872
vn -0.4029 0.4951 -0.7697
vn -0.9941 0.0588 -0.0914
vn 0.4029 -0.4951 0.7697
vn -0.0001 -0.8411 -0.5409
vn 0.4491 -0.6095 -0.6533
vn 0.4998 -0.7360 -0.4566
vn 0.4970 -0.7577 -0.4228
vn 0.4359 -0.8608 -0.2626
vn 0.4360 -0.8608 -0.2626
vn 0.2722 -0.9552 -0.1158
vn 0.2956 -0.5102 -0.8077
vn 0.2015 -0.9759 -0.0836
vn 0.0461 -0.9977 -0.0498
vn 0.0462 -0.9977 -0.0498
vn -0.1905 -0.9785 -0.0797
vn -0.3835 -0.9019 -0.1987
vn -0.2956 -0.9465 -0.1294
vn -0.4886 -0.7856 -0.3795
vn -0.4819 -0.6562 -0.5807
vn -0.4970 -0.6989 -0.5142
vn -0.3647 -0.5433 -0.7562
vn -0.1640 -0.4728 -0.8658
vn -0.2014 -0.4808 -0.8534
vn 0.0743 -0.4609 -0.8844
vn -0.4887 -0.7856 -0.3795
vn -0.1905 -0.9784 -0.0797
vn -0.7294 0.3701 -0.5753
vn -0.3943 0.4971 -0.7729
vn -0.8065 0.3198 -0.4972
vn -0.9190 -0.2133 0.3316
vn -0.7670 -0.3471 0.5396
vn -0.9157 -0.2174 0.3379
vn -0.3810 -0.5002 0.7776
vn 0.1486 0.5350 -0.8317
vn -0.3280 0.5111 -0.7945
vn -0.1523 0.5347 -0.8312
vn -0.4006 0.4957 -0.7706
vn -0.9638 0.1443 -0.2243
vn -0.8050 0.3210 -0.4990
vn 0.4048 -0.4947 0.7690
vn 0.1523 -0.5347 0.8312
vn 0.3943 -0.4972 0.7729
vn 0.5445 -0.4538 0.7054
vn 0.8066 -0.3198 0.4972
vn 0.8719 -0.2649 0.4118
vn 0.8081 -0.3187 0.4954
vn 0.9145 0.2188 -0.3403
vn 0.9883 0.0824 -0.1281
vn 0.9190 0.2133 -0.3316
vn 0.8983 0.2377 -0.3697
vn 0.9951 -0.0538 0.0835
vn 0.9996 -0.0153 0.0238
vn 0.9944 -0.0574 0.0892
vn -0.0993 -0.5383 0.8369
vn 0.0924 -0.5387 0.8374
vn -0.1075 -0.5379 0.8361
vn -0.9938 0.0599 -0.0931
vn -0.9883 -0.0824 0.1281
vn -0.9773 -0.1145 0.1780
vn -0.9951 0.0537 -0.0835
vn 0.1104 0.5376 -0.8359
vn 0.0993 0.5383 -0.8369
vn 0.2956 -0.5101 -0.8077
vn -0.0761 -0.4610 -0.8841
vn -0.0762 -0.4610 -0.8841
vn -0.4032 -0.5684 -0.7172
vn -0.4033 -0.5685 -0.7171
vn -0.4942 -0.7695 -0.4045
vn -0.4942 -0.7696 -0.4044
vn -0.2955 -0.9465 -0.1293
vn 0.0761 -0.9957 -0.0529
vn 0.0762 -0.9957 -0.0529
vn 0.4032 -0.8883 -0.2199
vn 0.4033 -0.8882 -0.2200
vn 0.4942 -0.6872 -0.5325
vn 0.4942 -0.6871 -0.5326
vn 0.0009 -0.8411 -0.5408
vn 0.0010 -0.8411 -0.5408
vn 0.0001 -0.8409 -0.5412
vn 0.0001 -0.8408 -0.5414
vn -0.7550 0.3547 -0.5515
vn -0.5012 0.4681 -0.7278
vn -0.3519 0.5064 -0.7873
vn 0.2972 0.5166 -0.8030
vn 0.9938 0.0603 -0.0936
vn 0.5012 -0.4681 0.7278
vn -0.8681 -0.2686 0.4174
vn -0.9272 -0.2026 0.3150
vn -0.7404 0.3637 -0.5653
vn -0.1065 0.5379 -0.8363
vn 0.2599 0.5224 -0.8122
vn 0.9523 0.1650 -0.2565
vn 0.9802 0.1070 -0.1663
vn 0.9855 -0.0919 0.1427
vn 0.5844 -0.4390 0.6825
vn -0.0780 -0.5393 0.8385
vn 0.8639 -0.2725 0.4235
vn 0.8637 -0.2726 0.4238
vn 0.6142 -0.4271 0.6636
vn -0.9498 0.1693 -0.2632
vn 0.0001 0.8410 0.5411
vn -0.4584 0.4808 -0.7475
vn 0.6139 -0.4271 0.6639
vn 0.4504 0.4830 -0.7509
vn 0.2973 0.5166 -0.8030
vn 0.7549 -0.3547 0.5516
vn 0.0001 -0.8411 -0.5410
vn 0.4970 -0.7578 -0.4228
vn 0.2723 -0.9552 -0.1158
vn -0.1639 -0.4728 -0.8658
vn 0.1487 0.5349 -0.8317
vn -0.4005 0.4957 -0.7706
vn 0.9145 0.2188 -0.3402
vn 0.8983 0.2377 -0.3696
vn -0.9938 0.0599 -0.0932
vn 0.1105 0.5376 -0.8359
vn 0.2955 -0.5102 -0.8077
vn -0.4033 -0.5684 -0.7171
vn 0.4942 -0.6872 -0.5326
vn -0.6161 0.4069 0.6744
vn -0.7068 0.5833 0.4002
vn -0.6356 0.7623 0.1219
vn -0.4188 0.9029 -0.0966
vn -0.1060 0.9729 -0.2054
vn 0.2310 0.9562 -0.1795
vn 0.2310 0.9563 -0.1795
vn 0.5151 0.8568 -0.0249
vn 0.6812 0.6972 0.2231
vn 0.6913 0.5142 0.5076
vn 0.5430 0.3496 0.7635
vn 0.2703 0.2412 0.9321
vn -0.0643 0.2137 0.9748
vn -0.3842 0.2736 0.8818
vn 0.9776 -0.1138 0.1769
vn 0.9924 -0.0666 0.1035
vn 0.9918 -0.0692 0.1077
vn 0.9384 -0.1869 0.2906
vn 0.9634 0.1450 -0.2255
vn 0.9478 0.1726 -0.2683
vn 0.9489 0.1708 -0.2654
vn 0.7679 -0.3466 0.5387
vn 0.8989 -0.2371 0.3685
vn 0.9402 -0.1843 0.2864
vn 0.9996 0.0161 -0.0250
vn 0.7284 0.3706 -0.5762
vn 0.7162 0.3776 -0.5869
vn 0.7171 0.3770 -0.5862
vn 0.8713 0.2655 -0.4128
vn 0.6957 -0.3886 0.6041
vn 0.5922 -0.4359 0.6777
vn 0.3822 -0.4999 0.7771
vn 0.3158 -0.5133 0.7980
vn 0.6995 -0.3866 0.6010
vn 0.1500 -0.5349 0.8315
vn -0.0910 -0.5388 0.8375
vn -0.1263 -0.5367 0.8343
vn 0.3199 -0.5125 0.7969
vn -0.3266 -0.5113 0.7949
vn -0.5434 -0.4542 0.7060
vn -0.1238 -0.5369 0.8345
vn 0.3422 0.5084 -0.7902
vn 0.5434 0.4542 -0.7060
vn 0.3434 0.5081 -0.7899
vn 0.3267 0.5113 -0.7949
vn -0.0971 0.5384 -0.8370
vn -0.1500 0.5349 -0.8315
vn -0.1007 0.5382 -0.8368
vn -0.3822 0.4999 -0.7772
vn -0.5923 0.4359 -0.6776
vn -0.3158 0.5133 -0.7980
vn -0.7679 0.3466 -0.5388
vn -0.8989 0.2371 -0.3685
vn -0.6958 0.3886 -0.6041
vn -0.9996 -0.0161 0.0250
vn -0.9776 0.1138 -0.1770
vn -0.9949 -0.0544 0.0845
vn -0.8713 -0.2655 0.4128
vn -0.9634 -0.1450 0.2255
vn -0.8533 -0.2821 0.4385
vn -0.7285 -0.3706 0.5761
vn -0.8546 -0.2796 0.4375
vn -0.9954 -0.0520 0.0808
vn -0.9384 0.1869 -0.2905
vn -0.9402 0.1843 -0.2865
vn -0.6995 0.3866 -0.6010
vn -0.3199 0.5126 -0.7968
vn 0.0910 0.5387 -0.8375
vn 0.0455 -0.4590 -0.8873
vn 0.2717 -0.5013 -0.8215
vn -0.1911 -0.4784 -0.8571
vn -0.3840 -0.5551 -0.7379
vn -0.4888 -0.6714 -0.5570
vn -0.4817 -0.8009 -0.3558
vn -0.3643 -0.9136 -0.1805
vn -0.1633 -0.9840 -0.0711
vn -0.2717 -0.9554 -0.1155
vn -0.3642 -0.9137 -0.1804
vn 0.0750 -0.9958 -0.0528
vn 0.2961 -0.9463 -0.1297
vn 0.4494 -0.8469 -0.2842
vn 0.4998 -0.7203 -0.4810
vn 0.4356 -0.5956 -0.6749
vn 0.8903 0.2463 -0.3830
vn 0.0508 0.5403 -0.8399
vn -0.8395 0.2940 -0.4570
vn -0.8903 -0.2463 0.3830
vn -0.8903 -0.2463 0.3829
vn -0.0508 -0.5403 0.8399
vn 0.8395 -0.2940 0.4570
vt 0.016000 -0.000000
vt 0.007299 0.001723
vt 0.007500 -0.000000
vt -0.004499 0.006001
vt -0.003000 0.010500
vt -0.016000 0.030212
vt -0.006708 0.003355
vt -0.005758 0.004806
vt 0.010869 0.059000
vt 0.003000 0.010500
vt -0.007299 0.001723
vt -0.016000 -0.000000
vt -0.007500 0.000000
vt 0.016000 0.059000
vt 0.004499 0.006001
vt 0.005758 0.004806
vt -0.003000 0.006874
vt 0.003000 0.006874
vt 0.006708 0.003355
vt 0.007500 0.000000
vt -0.007500 -0.000000
vt 3.141593 0.000000
vt 2.909737 0.015000
vt 3.141593 0.015000
vt 2.909737 0.000000
vt 2.677881 0.015000
vt 2.677881 0.000000
vt 2.446025 0.015000
vt 2.446025 0.000000
vt 2.214169 0.015000
vt 2.214169 0.000000
vt 1.982313 0.015000
vt 1.982313 0.000000
vt 1.159279 0.000000
vt 0.927424 0.015000
vt 1.159279 0.015000
vt 0.927424 0.000000
vt 0.695568 0.015000
vt 0.695568 0.000000
vt 0.463712 0.015000
vt 0.463712 0.000000
vt 0.231856 0.015000
vt 0.231856 0.000000
vt 0.000000 0.015000
vt 0.000000 0.000000
vt 1.157429 0.002500
vt 0.992082 0.012500
vt 0.992082 0.002500
vt 1.488123 0.002500
vt 1.322776 0.012500
vt 1.322776 0.002500
vt 1.653470 0.002500
vt 1.488123 0.012500
vt 1.818817 0.002500
vt 1.653470 0.012500
vt 1.984164 0.002500
vt 1.818817 0.012500
vt 0.826735 0.012500
vt 0.826735 0.002500
vt 0.661388 0.012500
vt 0.661388 0.002500
vt 0.496041 0.012500
vt 0.496041 0.002500
vt 0.330694 0.012500
vt 0.330694 0.002500
vt 0.165347 0.012500
vt 0.165347 0.002500
vt 0.000000 0.012500
vt 0.000000 0.002500
vt 1.157429 0.012500
vt 2.149511 0.002500
vt 1.984164 0.012500
vt 2.314858 0.002500
vt 2.149511 0.012500
vt 2.480205 0.002500
vt 2.314858 0.012500
vt 2.645552 0.002500
vt 2.480205 0.012500
vt 2.645552 0.012500
vt 2.810899 0.002500
vt 2.976246 0.002500
vt 2.810899 0.012500
vt 2.976246 0.012500
vt 3.141593 0.002500
vt 3.141593 0.012500
vt 5.890486 0.012500
vt -0.196350 0.002500
vt 5.890486 0.002500
vt 5.694137 0.012500
vt 5.694137 0.002500
vt 5.497787 0.012500
vt 5.497787 0.002500
vt 5.301437 0.012500
vt 5.301437 0.002500
vt 5.105088 0.012500
vt 5.105088 0.002500
vt 4.908739 0.012500
vt 4.908739 0.002500
vt 4.712389 0.012500
vt 4.712389 0.002500
vt 4.516039 0.012500
vt 4.516039 0.002500
vt 4.319690 0.012500
vt 4.319690 0.002500
vt 4.123340 0.012500
vt 4.123340 0.002500
vt 3.926991 0.012500
vt 3.926991 0.002500
vt 3.730641 0.012500
vt 3.730641 0.002500
vt 3.534292 0.012500
vt 3.534292 0.002500
vt 3.337942 0.012500
vt 3.337942 0.002500
vt 2.945243 0.012500
vt 2.945243 0.002500
vt 2.748893 0.012500
vt 2.748893 0.002500
vt 2.552544 0.012500
vt 2.552544 0.002500
vt 2.356194 0.012500
vt 2.356194 0.002500
vt 2.159845 0.012500
vt 2.159845 0.002500
vt 1.963495 0.012500
vt 1.963495 0.002500
vt 1.767146 0.012500
vt 1.767146 0.002500
vt 1.570796 0.012500
vt 1.570796 0.002500
vt 1.374447 0.012500
vt 1.374447 0.002500
vt 1.178097 0.012500
vt 1.178097 0.002500
vt -0.196350 0.012500
vt 0.785398 0.012500
vt 0.981748 0.002500
vt 0.785398 0.002500
vt 0.589049 0.012500
vt 0.589049 0.002500
vt 0.392699 0.012500
vt 0.392699 0.002500
vt 0.196350 0.012500
vt 0.196350 0.002500
vt 0.981748 0.012500
vt -0.010500 -0.002000
vt -0.005859 -0.006524
vt -0.006100 -0.007500
vt 0.000000 -0.015000
vt -0.004253 -0.009585
vt -0.003255 -0.009464
vt -0.010500 -0.013000
vt -0.005859 -0.008476
vt -0.001961 -0.008003
vt -0.001961 -0.006997
vt -0.005193 -0.009228
vt -0.002428 -0.008893
vt -0.004253 -0.005415
vt -0.008500 0.000000
vt -0.009914 -0.014414
vt -0.009265 -0.014848
vt -0.008500 -0.015000
vt -0.002428 -0.006107
vt -0.005193 -0.005772
vt -0.010348 -0.001235
vt -0.009914 -0.000586
vt -0.003255 -0.005536
vt -0.010348 -0.013765
vt -0.009265 -0.000152
vt -0.013000 0.000000
vt -0.012500 0.061000
vt -0.002000 0.000000
vt -0.013000 0.061000
vt -0.002500 0.078000
vt -0.012500 0.078000
vt -0.002500 0.061000
vt -0.002000 0.061000
vt 0.013000 0.000000
vt 0.012500 0.031000
vt 0.013000 0.031000
vt 0.002000 0.000000
vt 0.002500 0.031000
vt 0.002000 0.031000
vt 0.012500 0.078000
vt 0.002500 0.078000
vt -0.006753 -0.005415
vt -0.010500 0.000000
vt 0.000000 -0.013000
vt -0.004928 -0.008893
vt -0.004461 -0.008003
vt -0.007693 -0.009228
vt -0.010500 -0.015000
vt -0.008359 -0.008476
vt -0.008600 -0.007500
vt -0.006753 -0.009585
vt -0.002000 -0.015000
vt -0.005755 -0.009464
vt -0.008359 -0.006524
vt 0.000000 -0.002000
vt -0.004928 -0.006107
vt -0.004461 -0.006997
vt -0.000586 -0.014414
vt -0.001235 -0.014848
vt -0.007693 -0.005772
vt -0.005755 -0.005536
vt -0.000152 -0.001235
vt -0.000586 -0.000586
vt -0.001235 -0.000152
vt -0.000152 -0.013765
vt 0.966644 -0.000000
vt 0.966644 -0.001262
vt 0.483322 -0.000000
vt 1.449966 -0.000000
vt 1.449966 -0.001262
vt 1.933288 -0.000000
vt 1.933288 -0.001262
vt 2.416610 -0.000000
vt 2.416610 -0.001262
vt 2.899932 -0.000000
vt 2.899932 -0.001262
vt 3.383254 -0.000000
vt 3.383254 -0.001262
vt 3.866575 -0.000000
vt 3.866575 -0.001262
vt 4.349897 -0.000000
vt 4.349897 -0.001262
vt 4.833220 -0.000000
vt 4.833220 -0.001262
vt 5.316541 -0.000000
vt 5.316541 -0.001262
vt -0.483322 -0.000000
vt -0.483322 -0.001262
vt 0.000000 -0.000000
vt 0.000000 -0.001262
vt 0.483322 -0.001262
vt -0.483322 0.000000
vt 0.000000 -0.022000
vt -0.483322 -0.022000
vt -0.966644 0.000000
vt -0.966644 -0.022000
vt 4.833220 0.000000
vt 4.833220 -0.022000
vt 4.349897 0.000000
vt 4.349897 -0.022000
vt 3.866575 0.000000
vt 3.866575 -0.022000
vt 3.383254 0.000000
vt 3.383254 -0.022000
vt 2.416610 -0.022000
vt 1.933288 0.000000
vt 2.416610 0.000000
vt 2.899932 -0.022000
vt 1.933288 -0.022000
vt 1.449966 0.000000
vt 1.449966 -0.022000
vt 0.966644 0.000000
vt 0.966644 -0.022000
vt 0.483322 0.000000
vt 0.483322 -0.022000
vt 0.000000 0.000000
vt 2.899932 0.000000
vt 0.000000 0.000500
vt 0.041037 0.000000
vt 0.041037 0.000500
vt -0.008000 0.000500
vt -0.008000 0.000000
vt 0.018000 -0.017000
vt 0.012750 -0.002536
vt 0.010000 -0.017000
vt -0.012010 0.004975
vt -0.015831 0.008567
vt -0.017025 0.005845
vt -0.012750 0.002536
vt -0.017755 0.002963
vt -0.018000 0.000000
vt -0.010809 0.007222
vt -0.014205 0.011056
vt -0.007222 0.010809
vt -0.012191 0.013243
vt -0.009192 0.009192
vt -0.012750 -0.002536
vt -0.012010 -0.004975
vt -0.018000 -0.047000
vt -0.010809 -0.007222
vt -0.009192 -0.009192
vt -0.007222 -0.010809
vt -0.004975 -0.012010
vt -0.002536 -0.012750
vt 0.002536 0.012750
vt 0.001486 0.017939
vt -0.000000 0.013000
vt -0.004975 0.012010
vt -0.004419 0.017449
vt -0.007231 0.016484
vt -0.009845 0.015069
vt 0.000000 -0.013000
vt 0.002536 -0.012750
vt 0.004419 0.017449
vt -0.002536 0.012750
vt -0.001486 0.017939
vt 0.009192 -0.009192
vt 0.010809 -0.007222
vt 0.017755 0.002963
vt 0.012750 0.002536
vt 0.017025 0.005845
vt 0.012010 0.004975
vt 0.015831 0.008567
vt 0.010809 0.007222
vt 0.007222 0.010809
vt 0.007231 0.016484
vt 0.004975 0.012010
vt 0.004975 -0.012010
vt 0.012010 -0.004975
vt 0.009192 0.009192
vt 0.014205 0.011056
vt 0.012191 0.013243
vt 0.009845 0.015069
vt 0.007222 -0.010809
vt 0.018000 0.000000
vt 0.041037 0.002000
vt 0.000000 0.002000
vt 0.041037 0.002500
vt -0.008000 0.002500
vt -0.008000 0.002000
vt 0.017414 0.000828
vt 0.016000 0.000000
vt 0.017663 0.001257
vt 0.017848 0.001746
vt 0.018000 0.002828
vt 0.010000 0.002828
vt 0.010869 0.000000
vt 0.016765 0.000215
vt 0.016390 0.000054
vt 0.017111 0.000477
vt 0.010211 0.000215
vt 0.009724 0.000828
vt 0.009684 0.001257
vt 0.010639 0.000054
vt 0.050548 0.000000
vt 0.010381 0.002828
vt 0.051418 0.002828
vt 0.011169 0.000000
vt 0.009784 0.001746
vt 0.010019 0.002277
vt 0.009902 0.000477
vt 0.002000 0.002828
vt 0.000586 0.002000
vt 0.000337 0.001571
vt 0.008000 0.000000
vt 0.007131 0.002828
vt 0.000000 0.000000
vt 0.000152 0.001082
vt 0.001235 0.002613
vt 0.001610 0.002774
vt 0.000889 0.002352
vt 0.000657 0.002000
vt 0.000170 0.002613
vt 0.000697 0.001571
vt 0.000479 0.002352
vt -0.000258 0.002774
vt 0.000597 0.001082
vt -0.000788 0.002828
vt 0.000362 0.000552
vt -0.040167 0.002828
vt 0.000000 0.000000
vt -0.041037 0.000000
vt 0.785398 0.029555
vt 0.392699 -0.000000
vt 0.785398 -0.000000
vt 0.589049 0.029733
vt 0.392699 0.030041
vt 0.000000 -0.000000
vt 0.196350 0.030469
vt 0.000000 0.031000
vt 0.981748 0.029515
vt 1.178097 -0.000000
vt 1.178097 0.029615
vt 1.374447 0.029850
vt 1.570796 -0.000000
vt 1.570796 0.030212
vt 4.123340 -0.029515
vt 3.926991 0.000000
vt 3.926991 -0.029555
vt 4.319690 -0.029615
vt 4.712389 0.000000
vt 4.319690 0.000000
vt 4.516039 -0.029850
vt 4.712389 -0.030212
vt 3.534292 0.000000
vt 3.730641 -0.029733
vt 3.534292 -0.030041
vt 3.337942 -0.030469
vt 3.141593 -0.031000
vt 3.926991 0.059586
vt 3.730641 0.059889
vt 4.319690 0.059152
vt 4.712389 0.059000
vt 4.516039 0.059038
vt 4.123340 0.059337
vt 3.534292 0.060235
vt 3.141593 0.061000
vt 0.392699 -0.060235
vt 0.000000 0.000000
vt 0.000000 -0.061000
vt 0.785398 -0.059586
vt 0.392699 0.000000
vt 0.589049 -0.059889
vt 1.178097 -0.059152
vt 0.785398 0.000000
vt 0.981748 -0.059337
vt 1.570796 -0.059000
vt 1.178097 0.000000
vt 1.374447 -0.059038
vt 1.570796 0.000000
vt 0.000000 -0.145149
vt 0.006000 -0.160149
vt 0.006000 -0.145149
vt 0.000000 -0.160149
vt 0.003626 -0.160149
vt 0.003626 -0.145149
vt -0.003626 -0.145149
vt -0.003626 -0.160149
vt -0.000000 0.000000
vt -0.003288 -0.004844
vt -0.004000 -0.004750
vt -0.001344 -0.006788
vt -0.001250 -0.007500
vt -0.000000 -0.015000
vt -0.001344 -0.008212
vt -0.001618 -0.008875
vt -0.002055 -0.009445
vt -0.004000 -0.010250
vt -0.006656 -0.008212
vt -0.006382 -0.008875
vt -0.004712 -0.004844
vt -0.005375 -0.005118
vt -0.001618 -0.006125
vt -0.002055 -0.005555
vt -0.005945 -0.009445
vt -0.002625 -0.005118
vt -0.002625 -0.009882
vt -0.005945 -0.005555
vt -0.010402 -0.001382
vt -0.006750 -0.007500
vt -0.010402 -0.013618
vt -0.010118 -0.014176
vt -0.003288 -0.010156
vt -0.006656 -0.006788
vt -0.006382 -0.006125
vt -0.009118 -0.014902
vt -0.009676 -0.014618
vt -0.004712 -0.010156
vt -0.005375 -0.009882
vt -0.010118 -0.000824
vt -0.009676 -0.000382
vt -0.009118 -0.000098
vt 0.000000 -0.013000
vt -0.008000 -0.002000
vt -0.008000 -0.013000
vt -0.010036 -0.003964
vt -0.016736 -0.006439
vt -0.009278 -0.003343
vt -0.016350 -0.007500
vt -0.011404 -0.008475
vt -0.016450 -0.008064
vt -0.028525 -0.012404
vt -0.006500 -0.012500
vt -0.002000 -0.013000
vt -0.034000 -0.013000
vt -0.033657 -0.010278
vt -0.033036 -0.011036
vt -0.027587 -0.002881
vt -0.018825 -0.006071
vt -0.019264 -0.006439
vt -0.017713 -0.005875
vt -0.008413 -0.002881
vt -0.017175 -0.006071
vt -0.011404 -0.006525
vt -0.011500 -0.007500
vt -0.011119 -0.005587
vt -0.016450 -0.006936
vt -0.010657 -0.004722
vt -0.031413 -0.012119
vt -0.030475 -0.012404
vt -0.024881 -0.005587
vt -0.019550 -0.006936
vt -0.024596 -0.006525
vt -0.019650 -0.007500
vt -0.034000 -0.002000
vt -0.033657 -0.004722
vt -0.034000 -0.005321
vt -0.031413 -0.002881
vt -0.032278 -0.003343
vt -0.009278 -0.011657
vt -0.016736 -0.008561
vt -0.010036 -0.011036
vt -0.010657 -0.010278
vt -0.018287 -0.009125
vt -0.027587 -0.012119
vt -0.018825 -0.008929
vt -0.025343 -0.010278
vt -0.019264 -0.008561
vt -0.025964 -0.011036
vt -0.026722 -0.011657
vt -0.024596 -0.008475
vt -0.024500 -0.007500
vt -0.024881 -0.009413
vt -0.019550 -0.008064
vt -0.011119 -0.009413
vt -0.017175 -0.008929
vt -0.008413 -0.012119
vt -0.017713 -0.009125
vt -0.026722 -0.003343
vt -0.018287 -0.005875
vt -0.025343 -0.004722
vt -0.025964 -0.003964
vt -0.034000 -0.009679
vt -0.032278 -0.011657
vt -0.029500 -0.012500
vt -0.006500 -0.002500
vt -0.007475 -0.002596
vt -0.033036 -0.003964
vt -0.007475 -0.012404
vt -0.005525 -0.012404
vt -0.003722 -0.011657
vt -0.002964 -0.011036
vt -0.002000 -0.002000
vt -0.004587 -0.002881
vt -0.005525 -0.002596
vt -0.028525 -0.002596
vt -0.004587 -0.012119
vt -0.002343 -0.010278
vt -0.003722 -0.003343
vt -0.029500 -0.002500
vt -0.002343 -0.004722
vt -0.002964 -0.003964
vt -0.030475 -0.002596
vt -0.002000 -0.005321
vt -0.002000 -0.009679
vt -0.013000 0.010000
vt -0.002000 0.002000
vt -0.013000 0.002000
vt -0.002000 0.010000
vt -0.004555 -0.005555
vt -0.005125 -0.005118
vt -0.001382 -0.000098
vt -0.000824 -0.000382
vt -0.003750 -0.007500
vt 0.000000 -0.002000
vt -0.004555 -0.009445
vt -0.001382 -0.014902
vt -0.006500 -0.004750
vt -0.005788 -0.004844
vt -0.000382 -0.000824
vt -0.000098 -0.001382
vt -0.003844 -0.006788
vt -0.000824 -0.014618
vt -0.000382 -0.014176
vt -0.000098 -0.013618
vt -0.004118 -0.006125
vt -0.007875 -0.009882
vt -0.008445 -0.009445
vt -0.009250 -0.007500
vt -0.003844 -0.008212
vt -0.004118 -0.008875
vt -0.005125 -0.009882
vt -0.005788 -0.010156
vt -0.006500 -0.010250
vt -0.008882 -0.008875
vt -0.009156 -0.008212
vt -0.008882 -0.006125
vt -0.008445 -0.005555
vt -0.007875 -0.005118
vt -0.007212 -0.004844
vt -0.007212 -0.010156
vt -0.009156 -0.006788
vt 6.283185 0.000000
vt 6.126106 0.015000
vt 6.283185 0.015000
vt 6.126106 0.000000
vt 5.969026 0.015000
vt 5.969026 0.000000
vt 5.811946 0.015000
vt 5.811946 0.000000
vt 5.654867 0.015000
vt 5.654867 0.000000
vt 5.497787 0.015000
vt 5.497787 0.000000
vt 5.340707 0.015000
vt 5.340707 0.000000
vt 5.183628 0.015000
vt 5.183628 0.000000
vt 5.026548 0.015000
vt 4.398230 0.000000
vt 4.241150 0.015000
vt 4.398230 0.015000
vt 4.241150 0.000000
vt 4.084071 0.015000
vt 4.084071 0.000000
vt 3.926991 0.015000
vt 3.769911 0.015000
vt 3.769911 0.000000
vt 3.612832 0.015000
vt 3.612832 0.000000
vt 3.455752 0.015000
vt 3.455752 0.000000
vt 3.298672 0.015000
vt 3.298672 0.000000
vt 4.712389 0.005850
vt 4.555309 0.000000
vt 4.674177 0.005875
vt 4.636947 0.005950
vt 4.602166 0.006071
vt 4.555309 0.006340
vt 4.787694 0.005949
vt 4.869469 0.000000
vt 4.750601 0.005875
vt 4.822612 0.006071
vt 4.869469 0.008660
vt 4.904011 0.008326
vt 4.920623 0.008064
vt 4.930754 0.007788
vt 4.934204 0.007500
vt 5.026548 0.000000
vt 4.930789 0.007214
vt 4.920623 0.006936
vt 4.904083 0.006675
vt 4.869469 0.006340
vt 4.712389 0.009150
vt 4.869469 0.015000
vt 4.750601 0.009125
vt 4.787622 0.009051
vt 4.822612 0.008929
vt 4.636926 0.009050
vt 4.555309 0.015000
vt 4.674177 0.009125
vt 4.712389 0.015000
vt 4.602166 0.008929
vt 4.520638 0.006676
vt 4.504155 0.006936
vt 4.494000 0.007213
vt 4.490574 0.007500
vt 4.494000 0.007787
vt 4.504155 0.008064
vt 4.520677 0.008325
vt 4.555309 0.008660
vt 0.016000 -0.008000
vt 0.003405 -0.006683
vt 0.002318 -0.007133
vt -0.002318 -0.007133
vt -0.016000 -0.008000
vt -0.001173 -0.007408
vt 0.000000 -0.007500
vt -0.006683 -0.003405
vt -0.006068 -0.004408
vt 0.001173 -0.007408
vt 0.004408 -0.006068
vt 0.005303 -0.005303
vt -0.007408 -0.001173
vt -0.007133 -0.002318
vt -0.005303 -0.005303
vt -0.004408 -0.006068
vt -0.003405 -0.006683
vt -0.016000 0.000000
vt 0.006068 -0.004408
vt 0.006683 -0.003405
vt 0.007133 -0.002318
vt 0.007408 -0.001173
vt 0.016000 0.000000
vt -0.007500 -0.000000
vt 0.007500 0.000000
vt 5.105088 0.013000
vt 5.028010 0.002000
vt 5.105088 0.002000
vt 5.028010 0.013000
vt 5.497787 0.002000
vt 5.654129 0.013000
vt 5.497787 0.013000
vt 5.341445 0.002000
vt 5.341445 0.013000
vt 5.890486 0.002000
vt 5.967565 0.013000
vt 5.890486 0.013000
vt 5.654129 0.002000
vt 6.283185 0.002000
vt 5.967565 0.002000
vt 4.712389 0.005321
vt 4.915751 0.006525
vt 4.965069 0.007500
vt 4.915751 0.008475
vt 4.712389 0.009679
vt 4.712389 0.013000
vt 4.712389 0.002000
vt 6.283185 0.013000
vt 3.534292 0.002000
vt 3.770649 0.013000
vt 3.534292 0.013000
vt 3.457213 0.002000
vt 3.141593 0.013000
vt 3.141593 0.002000
vt 3.457213 0.013000
vt 3.926991 0.002000
vt 4.083333 0.013000
vt 3.926991 0.013000
vt 3.770649 0.002000
vt 4.319690 0.002000
vt 4.396768 0.013000
vt 4.319690 0.013000
vt 4.083333 0.002000
vt 4.509027 0.008475
vt 4.459709 0.007500
vt 4.396768 0.002000
vt 4.509027 0.006525
vt -0.261799 -0.005400
vt 0.000000 -0.010000
vt -0.261799 -0.010000
vt -0.523599 -0.005400
vt -0.523599 -0.010000
vt 5.497787 -0.005400
vt 5.497787 -0.010000
vt 5.235988 -0.005400
vt 5.235988 -0.010000
vt 4.974188 -0.005400
vt 4.974188 -0.010000
vt 4.712389 -0.005400
vt 4.712389 -0.010000
vt 4.450590 -0.005400
vt 4.450590 -0.010000
vt 4.188790 -0.005400
vt 4.188790 -0.010000
vt 3.926991 -0.005400
vt 3.926991 -0.010000
vt 3.665191 -0.005400
vt 3.665191 -0.010000
vt 3.403392 -0.005400
vt 3.403392 -0.010000
vt 3.141593 -0.005400
vt 3.141593 -0.010000
vt 2.879793 -0.005400
vt 2.879793 -0.010000
vt 2.617994 -0.005400
vt 2.617994 -0.010000
vt 2.356194 -0.005400
vt 2.356194 -0.010000
vt 2.094395 -0.005400
vt 2.094395 -0.010000
vt 1.832596 -0.005400
vt 1.832596 -0.010000
vt 1.570796 -0.005400
vt 1.570796 -0.010000
vt 1.308997 -0.005400
vt 1.308997 -0.010000
vt 1.047198 -0.005400
vt 1.047198 -0.010000
vt 0.785398 -0.005400
vt 0.785398 -0.010000
vt 0.523599 -0.005400
vt 0.523599 -0.010000
vt 0.261799 -0.005400
vt 0.261799 -0.010000
vt 0.000000 -0.005400
vt -0.004904 -0.001775
vt -0.002750 -0.002750
vt -0.005000 -0.002750
vt 0.004904 -0.003725
vt 0.002750 -0.002750
vt 0.005000 -0.002750
vt -0.004904 -0.003725
vt -0.002656 -0.003462
vt -0.000712 -0.000094
vt -0.001913 0.001869
vt -0.000975 0.002154
vt -0.000975 -0.007654
vt 0.000000 -0.005500
vt 0.000000 -0.007750
vt 0.002382 -0.004125
vt 0.004619 -0.004663
vt 0.004157 -0.005528
vt 0.001375 -0.005132
vt 0.001913 -0.007369
vt 0.000712 -0.005406
vt -0.001375 -0.005132
vt -0.001913 -0.007369
vt -0.002778 -0.006907
vt -0.002656 -0.002038
vt -0.004619 -0.000837
vt -0.002382 -0.001375
vt -0.001375 -0.000368
vt 0.001375 -0.000368
vt 0.001913 0.001869
vt 0.002778 0.001407
vt 0.002382 -0.001375
vt 0.004619 -0.000837
vt 0.002656 -0.002038
vt 0.002656 -0.003462
vt 0.002778 -0.006907
vt 0.000975 -0.007654
vt -0.000712 -0.005406
vt -0.004619 -0.004663
vt -0.001945 -0.000805
vt -0.004157 0.000028
vt -0.003536 0.000786
vt -0.002778 0.001407
vt 0.000000 0.002250
vt 0.000975 0.002154
vt 0.000712 -0.000094
vt 0.001945 -0.000805
vt 0.003536 0.000786
vt 0.004157 0.000028
vt 0.004904 -0.001775
vt 0.001945 -0.004695
vt 0.003536 -0.006286
vt -0.001945 -0.004695
vt -0.003536 -0.006286
vt -0.004157 -0.005528
vt -0.002382 -0.004125
vt 0.392699 0.000000
vt 0.589049 -0.005400
vt 0.392699 -0.005400
vt 0.589049 0.000000
vt 0.785398 0.000000
vt 0.981748 -0.005400
vt 0.981748 0.000000
vt 1.178097 -0.005400
vt 1.178097 0.000000
vt 1.374447 -0.005400
vt 1.374447 0.000000
vt 1.570796 0.000000
vt 1.767146 -0.005400
vt 1.767146 0.000000
vt 1.963495 -0.005400
vt 1.963495 0.000000
vt 2.159845 -0.005400
vt 2.159845 0.000000
vt 2.356194 0.000000
vt 2.552544 -0.005400
vt -2.552544 0.000000
vt -2.356194 -0.005400
vt -2.552544 -0.005400
vt -2.356194 0.000000
vt -2.159845 -0.005400
vt -2.159845 0.000000
vt -1.963495 -0.005400
vt -1.963495 0.000000
vt -1.767146 -0.005400
vt -1.767146 0.000000
vt -1.570796 -0.005400
vt -1.570796 0.000000
vt -1.374447 -0.005400
vt -1.374447 0.000000
vt -1.178097 -0.005400
vt -1.178097 0.000000
vt -0.981748 -0.005400
vt -0.981748 0.000000
vt -0.785398 -0.005400
vt -0.785398 0.000000
vt -0.589049 -0.005400
vt -0.589049 0.000000
vt -0.392699 -0.005400
vt -0.392699 0.000000
vt -0.196350 -0.005400
vt -0.196350 0.000000
vt 0.196350 0.000000
vt 0.196350 -0.005400
vt 2.748893 -0.005400
vt 2.690566 0.000000
vt 2.748497 -0.000009
vt 2.945243 -0.000041
vt 2.945243 -0.005400
vt 3.141593 -0.000064
vt 3.337942 -0.005400
vt 3.337942 -0.000041
vt 3.534292 -0.005400
vt 3.534688 -0.000009
vt 3.592619 0.000000
vt 2.552544 0.000000
vt 0.000000 0.000000
vt 2.159845 0.000000
vt 1.963495 0.000000
vt 1.767146 0.000000
vt 1.570796 0.000000
vt 1.374447 0.000000
vt 1.178097 0.000000
vt 0.981748 0.000000
vt 0.785398 0.000000
vt 0.589049 0.000000
vt 5.832159 0.000000
vt 5.890090 -0.000009
vt 2.356194 0.000000
vt 2.552544 0.000000
vt 2.748893 0.000000
vt 2.945243 0.000000
vt 3.141593 0.000000
vt 0.000000 -0.000064
vt 3.337942 0.000000
vt -2.748893 -0.005400
vt -2.748893 0.000000
vt -2.552544 0.000000
vt -2.356194 0.000000
vt -2.159845 0.000000
vt -1.963495 0.000000
vt -1.767146 0.000000
vt -1.570796 0.000000
vt -1.374447 0.000000
vt -1.178097 0.000000
vt -0.981748 0.000000
vt -0.785398 0.000000
vt 0.196350 -0.000041
vt 0.393095 -0.000009
vt 0.451027 0.000000
vt -0.196350 -0.000041
vt -0.589049 0.000000
vt 0.314159 -0.000000
vt 0.000000 0.008000
vt 0.000000 -0.000000
vt 0.448799 0.008000
vt 0.628319 -0.000000
vt 0.627212 0.008000
vt 0.897598 0.008000
vt 0.942478 -0.000000
vt 0.940856 0.008000
vt 1.256637 -0.000000
vt 1.346397 0.008000
vt 1.570796 -0.000000
vt 1.570796 0.008000
vt 1.258822 0.008000
vt 0.316086 0.008000
vt -1.570796 0.448799
vt -1.178097 0.448799
vt -0.785398 0.448799
vt -0.392699 0.448799
vt -1.570796 0.897598
vt -1.178097 0.897598
vt -0.785398 0.897598
vt 0.000000 0.448799
vt -0.392699 0.897598
vt -1.570796 1.346397
vt -1.178097 1.346397
vt -0.785398 1.346397
vt 0.000000 0.897598
vt -0.392699 1.346397
vt 0.000000 1.346397
vt 0.000000 1.570796
vt -0.392699 1.570796
vt -0.785398 1.570796
vt -1.178097 1.570796
vt 5.028475 -0.016000
vt 4.712389 0.016000
vt 4.712389 -0.016000
vt 5.161188 -0.016000
vt 5.339601 0.016000
vt 5.161188 0.016000
vt 5.028475 0.016000
vt 5.609987 -0.016000
vt 5.653245 0.016000
vt 5.609987 0.016000
vt 5.339601 -0.016000
vt 5.971211 -0.016000
vt 5.653245 -0.016000
vt 6.283185 0.016000
vt 6.058786 -0.016000
vt 6.283185 -0.016000
vt 5.971211 0.016000
vt 6.058786 0.016000
vt 3.141593 0.448799
vt 3.534292 0.448799
vt 3.926991 0.448799
vt 4.319690 0.448799
vt 3.141593 0.897598
vt 3.534292 0.897598
vt 3.926991 0.897598
vt 4.712389 0.448799
vt 4.319690 0.897598
vt 3.141593 1.346397
vt 3.534292 1.346397
vt 3.926991 1.346397
vt 4.712389 0.897598
vt 4.319690 1.346397
vt 4.712389 1.346397
vt 4.712389 1.570796
vt 4.319690 1.570796
vt 3.926991 1.570796
vt 3.534292 1.570796
vt 0.316086 -0.008000
vt 0.000000 0.000000
vt 0.000000 -0.008000
vt 0.448799 -0.008000
vt 0.628319 0.000000
vt 0.314159 0.000000
vt 0.897598 -0.008000
vt 0.627212 -0.008000
vt 0.942478 0.000000
vt 1.258822 -0.008000
vt 0.940856 -0.008000
vt 1.346397 -0.008000
vt 1.570796 0.000000
vt 1.256637 0.000000
vt 1.570796 -0.008000
vt 3.365992 0.002000
vt 3.141593 0.010000
vt 3.455752 0.010000
vt 3.771533 0.002000
vt 3.453567 0.002000
vt 3.814791 0.002000
vt 4.084071 0.010000
vt 3.769911 0.010000
vt 4.263590 0.002000
vt 4.085177 0.002000
vt 4.398230 0.010000
vt 4.396303 0.002000
vt 4.712389 0.010000
vt 5.105088 -1.121997
vt 4.712389 -0.673198
vt 4.712389 -1.121997
vt 5.497787 -1.121997
vt 5.105088 -0.673198
vt 5.890486 -1.121997
vt 5.497787 -0.673198
vt 6.283185 -1.121997
vt 5.890486 -0.673198
vt 4.712389 -0.224399
vt 5.105088 -0.224399
vt 5.497787 -0.224399
vt 6.283185 -0.673198
vt 5.890486 -0.224399
vt 5.105088 0.000000
vt 6.283185 -0.224399
vt 5.890486 0.000000
vt 5.890486 -1.570796
vt 5.497787 -1.570796
vt 5.105088 -1.570796
vt 4.712389 -1.570796
vt 4.936789 0.002000
vt 5.024363 0.034000
vt 4.936789 0.034000
vt 4.712389 0.034000
vt 5.342329 0.002000
vt 5.024363 0.002000
vt 5.385587 0.002000
vt 5.655973 0.034000
vt 5.385587 0.034000
vt 5.342329 0.034000
vt 5.834386 0.002000
vt 5.967099 0.034000
vt 5.834386 0.034000
vt 5.655973 0.002000
vt 5.967099 0.002000
vt 6.283185 0.034000
vt 3.534292 -1.121997
vt 3.141593 -0.673198
vt 3.141593 -1.121997
vt 3.926991 -1.121997
vt 3.534292 -0.673198
vt 4.319690 -1.121997
vt 3.926991 -0.673198
vt 4.319690 -0.673198
vt 3.141593 -0.224399
vt 3.534292 -0.224399
vt 3.926991 -0.224399
vt 4.319690 -0.224399
vt 4.319690 -1.570796
vt 3.926991 -1.570796
vt 3.534292 -1.570796
vt 3.141593 -1.570796
vt 3.365992 0.008000
vt 3.141593 0.000000
vt 3.455752 0.000000
vt 3.453567 0.008000
vt 3.769911 0.000000
vt 3.814791 0.008000
vt 4.084071 0.000000
vt 4.085177 0.008000
vt 4.263590 0.008000
vt 4.398230 0.000000
vt 4.396303 0.008000
vt 4.712389 0.000000
vt 4.712389 0.008000
vt 3.771533 0.008000
vt 3.141593 0.008000
vt 1.396263 0.000000
vt 1.221119 -0.002521
vt -5.235988 0.000000
vt -6.632251 0.000000
vt 5.584722 -0.002607
vt -0.698132 0.000000
vt -1.047198 -0.002546
vt -1.047198 0.000000
vt -1.396263 0.000000
vt -1.221020 -0.002521
vt -1.396263 -0.002505
vt -1.745329 0.000000
vt -1.570796 -0.002500
vt -1.745329 -0.002505
vt -2.094395 0.000000
vt -1.919465 -0.002521
vt -2.094395 -0.002546
vt -2.443461 0.000000
vt -2.361809 -0.002592
vt 3.840052 -0.002607
vt -2.792527 0.000000
vt -2.617322 -0.002637
vt 3.490659 -0.002662
vt 3.316757 -0.002678
vt 3.141593 -0.002684
vt 2.792527 -0.002662
vt -3.490659 0.000000
vt 2.443130 -0.002607
vt -3.839724 0.000000
vt 2.094395 -0.002546
vt -4.188790 0.000000
vt 1.745329 0.000000
vt 1.919808 -0.002521
vt 1.745329 -0.002505
vt 1.570796 -0.002500
vt 1.396263 -0.002505
vt 1.047198 -0.002546
vt -5.585053 0.000000
vt -5.503402 -0.002592
vt 0.698466 -0.002607
vt -5.934119 0.000000
vt -5.760058 -0.002637
vt -5.934119 -0.002662
vt -6.283185 0.000000
vt -6.108634 -0.002678
vt -6.283185 -0.002684
vt -0.349066 -0.002662
vt -0.174546 -0.002678
vt -0.523465 -0.002637
vt -0.779784 -0.002592
vt -3.921376 -0.002592
vt -3.665224 -0.002637
vt 2.967325 -0.002678
vt -0.000000 -0.002309
vt -0.000058 -0.002985
vt -0.000503 -0.002138
vt -0.000000 -0.003464
vt -0.001000 -0.001732
vt -0.002000 -0.001155
vt -0.002241 -0.001479
vt -0.003000 -0.001732
vt -0.001291 -0.001594
vt -0.004000 -0.002309
vt -0.003136 -0.001818
vt -0.003771 -0.002535
vt -0.004000 -0.003464
vt -0.003136 -0.005110
vt -0.004000 -0.004619
vt -0.003771 -0.004394
vt -0.003000 -0.005196
vt -0.002241 -0.005450
vt -0.002000 -0.005774
vt -0.001291 -0.005334
vt -0.001000 -0.005196
vt -0.002540 -0.002759
vt -0.002959 -0.002303
vt 0.002051 -0.003139
vt 0.001506 -0.003434
vt 0.003750 -0.000000
vt 0.002000 0.001155
vt 0.002000 -0.001155
vt 0.000921 0.003635
vt -0.000000 0.002309
vt 0.001506 0.003434
vt 0.002051 0.003139
vt 0.002540 0.002759
vt 0.002959 0.002303
vt -0.001506 0.003434
vt -0.000921 0.003635
vt -0.003750 0.000000
vt -0.002000 0.001155
vt -0.003699 0.000617
vt -0.002051 -0.003139
vt 0.002959 -0.002303
vt 0.002540 -0.002759
vt 0.000921 -0.003635
vt 0.003699 0.000617
vt 0.003298 0.001785
vt -0.002959 0.002303
vt -0.002540 0.002759
vt -0.003699 -0.000617
vt -0.003547 0.001218
vt -0.001506 -0.003434
vt -0.003298 -0.001785
vt 0.000310 -0.003737
vt 0.003699 -0.000617
vt 0.003547 -0.001218
vt 0.003298 -0.001785
vt -0.002051 0.003139
vt -0.003547 -0.001218
vt -0.003298 0.001785
vt -0.000921 -0.003635
vt 0.003547 0.001218
vt -0.000310 -0.003737
vt 0.000310 0.003737
vt -0.000310 0.003737
vt 6.613879 -0.035250
vt 0.496041 -0.032250
vt 0.330694 -0.032250
vt 0.661388 -0.035250
vt 0.826735 -0.032250
vt 0.661388 -0.032250
vt 0.992082 -0.035250
vt 1.157429 -0.032250
vt 0.992082 -0.032250
vt 1.322776 -0.035250
vt 1.488123 -0.032250
vt 1.322776 -0.032250
vt 1.653470 -0.035250
vt 1.818817 -0.032250
vt 1.653470 -0.032250
vt 1.984164 -0.035250
vt 2.149511 -0.032250
vt 1.984164 -0.032250
vt 2.314858 -0.035250
vt 2.480205 -0.032250
vt 2.314858 -0.032250
vt 2.645552 -0.035250
vt 2.810899 -0.032250
vt 2.645552 -0.032250
vt 2.976246 -0.035250
vt 3.141593 -0.032250
vt 2.976246 -0.032250
vt 3.306940 -0.035250
vt 3.472287 -0.032250
vt 3.306940 -0.032250
vt 5.621798 -0.035250
vt 5.456450 -0.032250
vt 5.291103 -0.035250
vt 3.637634 -0.035250
vt 3.802981 -0.032250
vt 3.637634 -0.032250
vt 3.968328 -0.035250
vt 4.133675 -0.032250
vt 3.968328 -0.032250
vt 4.299022 -0.035250
vt 4.464368 -0.032250
vt 4.299022 -0.032250
vt 4.629715 -0.035250
vt 4.795063 -0.032250
vt 4.629715 -0.032250
vt 4.960410 -0.035250
vt 5.125756 -0.032250
vt 4.960410 -0.032250
vt 5.291103 -0.032250
vt 5.787144 -0.032250
vt 5.621798 -0.032250
vt 5.952491 -0.035250
vt 6.117838 -0.032250
vt 5.952491 -0.032250
vt 6.283185 -0.035250
vt 6.283185 -0.032250
vt 6.448532 -0.032250
vt 0.001707 -0.000358
vt 0.000249 -0.001562
vt 0.001203 -0.001833
vt 0.001707 -0.008142
vt 0.000249 -0.006938
vt 0.000351 -0.008485
vt 0.004192 -0.004950
vt 0.002518 -0.005225
vt 0.003738 -0.006273
vt -0.004020 -0.002870
vt -0.002296 -0.002829
vt -0.003354 -0.001640
vt 0.002700 -0.004250
vt 0.001995 -0.006069
vt 0.002878 -0.007377
vt -0.002325 -0.007808
vt -0.000739 -0.006847
vt -0.001627 -0.006405
vt -0.002325 -0.000692
vt -0.000739 -0.001653
vt -0.001043 -0.000130
vt 0.001203 -0.006667
vt -0.001043 -0.008370
vt -0.003354 -0.006860
vt -0.002296 -0.005671
vt -0.001627 -0.002095
vt -0.004020 -0.005630
vt -0.002654 -0.004746
vt 0.000351 -0.000015
vt 0.002878 -0.001123
vt 0.001995 -0.002431
vt 0.002518 -0.003275
vt 0.004192 -0.003550
vt 0.003738 -0.002227
vt -0.002654 -0.003754
vt -0.004250 -0.004250
vt 0.000000 -0.059805
vt 6.467985 -0.035450
vt 0.000000 -0.035450
vt 0.418879 -0.059805
vt 0.554399 -0.035450
vt 0.419670 -0.035450
vt 0.837758 -0.059805
vt 0.923998 -0.035450
vt 0.838971 -0.035450
vt 1.675516 -0.059805
vt 2.032795 -0.035450
vt 1.675140 -0.035450
vt 2.094395 -0.059805
vt 2.402394 -0.035450
vt 2.093223 -0.035450
vt 2.513274 -0.059805
vt 2.771993 -0.035450
vt 2.512203 -0.035450
vt 2.932153 -0.059805
vt 3.141593 -0.035450
vt 2.931734 -0.035450
vt 3.351032 -0.059805
vt 3.511192 -0.035450
vt 3.351451 -0.035450
vt 3.769911 -0.059805
vt 3.880791 -0.035450
vt 3.770982 -0.035450
vt 4.188790 -0.059805
vt 4.250390 -0.035450
vt 4.189962 -0.035450
vt 5.026548 -0.059805
vt 5.359188 -0.035450
vt 5.025641 -0.035450
vt 5.445427 -0.059805
vt 5.728786 -0.035450
vt 5.444215 -0.035450
vt -0.418879 -0.059805
vt 6.098386 -0.035450
vt 5.863515 -0.035450
vt 4.607669 -0.059805
vt 4.619989 -0.035450
vt 4.608046 -0.035450
vt 4.989588 -0.035450
vt 1.256637 -0.059805
vt 1.293597 -0.035450
vt 1.257544 -0.035450
vt 1.663196 -0.035450
vt -5.864306 0.000445
vt -5.445427 0.000000
vt -5.445427 0.000445
vt -6.283185 0.000445
vt -5.864306 0.000000
vt -5.026548 0.000000
vt -5.026548 0.000445
vt -4.607669 0.000000
vt -4.607669 0.000445
vt -4.188790 0.000445
vt -3.769911 0.000000
vt -3.769911 0.000445
vt -3.351032 0.000000
vt -3.351032 0.000445
vt -2.932153 0.000000
vt -2.932153 0.000445
vt -2.513274 0.000000
vt -2.513274 0.000445
vt -2.094395 0.000445
vt -1.675516 0.000000
vt -1.675516 0.000445
vt -1.256637 0.000000
vt -1.256637 0.000445
vt -0.837758 0.000000
vt -0.837758 0.000445
vt -0.418879 0.000000
vt -0.418879 0.000445
vt 0.000000 -0.002055
vt 0.002010 -0.002482
vt 0.002010 -0.001628
vt -0.001877 -0.001219
vt -0.002055 -0.002055
vt -0.001375 -0.000528
vt -0.000635 -0.000101
vt 0.000215 -0.000011
vt 0.001028 -0.000275
vt 0.001663 -0.000847
vt -0.001877 -0.002891
vt 0.001663 -0.003263
vt 0.001028 -0.003835
vt 0.000215 -0.004099
vt -0.000635 -0.004009
vt -0.001375 -0.003582
vt -6.283185 -1.570796
vt -5.913586 -3.141593
vt -6.283185 -3.141593
vt -5.913586 -1.570796
vt -5.543987 -3.141593
vt -5.543987 -1.570796
vt -5.174388 -3.141593
vt -5.174388 -1.570796
vt -4.804789 -3.141593
vt -4.804789 -1.570796
vt -4.435190 -3.141593
vt -4.435190 -1.570796
vt -4.065590 -3.141593
vt -4.065590 -1.570796
vt -3.695991 -3.141593
vt -3.695991 -1.570796
vt -3.326392 -3.141593
vt -3.326392 -1.570796
vt -2.956793 -3.141593
vt -2.956793 -1.570796
vt -2.587194 -3.141593
vt -2.587194 -1.570796
vt -2.217595 -3.141593
vt -2.217595 -1.570796
vt -1.847996 -3.141593
vt -1.847996 -1.570796
vt -1.478397 -3.141593
vt -1.478397 -1.570796
vt -1.108797 -3.141593
vt -1.108797 -1.570796
vt -0.739198 -3.141593
vt -0.739198 -1.570796
vt -0.369599 -3.141593
vt -0.369599 -1.570796
vt 5.456450 1.570796
vt 5.621798 0.000000
vt 5.621798 1.570796
vt 5.787144 0.000000
vt 5.787144 1.570796
vt 5.952491 0.000000
vt 5.952491 1.570796
vt 6.117838 0.000000
vt 6.117838 1.570796
vt 6.283185 1.570796
vt 5.456450 0.000000
vt 5.291103 1.570796
vt 5.291103 0.000000
vt 3.802981 0.000000
vt 3.637634 1.570796
vt 3.637634 0.000000
vt 3.472287 1.570796
vt 3.472287 0.000000
vt 3.306940 1.570796
vt 3.306940 0.000000
vt 3.141593 1.570796
vt 2.976246 1.570796
vt 2.976246 0.000000
vt 2.810899 1.570796
vt 2.810899 0.000000
vt 2.645552 1.570796
vt 2.645552 0.000000
vt 5.125756 1.570796
vt 5.125756 0.000000
vt 4.960410 1.570796
vt 4.960410 0.000000
vt 4.795063 1.570796
vt 4.795063 0.000000
vt 4.629715 1.570796
vt 4.629715 0.000000
vt 4.464368 1.570796
vt 4.464368 0.000000
vt 4.299022 1.570796
vt 4.299022 0.000000
vt 4.133675 1.570796
vt 4.133675 0.000000
vt 3.968328 1.570796
vt 3.802981 1.570796
vt 3.968328 0.000000
vt 2.480205 1.570796
vt 2.314858 1.570796
vt 2.480205 0.000000
vt 2.149511 1.570796
vt 2.314858 0.000000
vt 1.984164 1.570796
vt 2.149511 0.000000
vt 1.818817 1.570796
vt 1.984164 0.000000
vt 1.653470 1.570796
vt 1.818817 0.000000
vt 1.488123 1.570796
vt 1.653470 0.000000
vt 1.322776 1.570796
vt 1.488123 0.000000
vt 1.157429 1.570796
vt 1.322776 0.000000
vt 0.992082 1.570796
vt 1.157429 0.000000
vt 0.826735 1.570796
vt 0.992082 0.000000
vt 0.661388 1.570796
vt 0.826735 0.000000
vt 0.496041 1.570796
vt 0.661388 0.000000
vt 6.613879 1.570796
vt 0.496041 0.000000
vt 6.448532 1.570796
vt 6.613879 0.000000
vt 6.448532 0.000000
vt -0.002309 -0.002000
vt -0.001155 0.000000
vt -0.002309 0.000000
vt -0.000503 -0.004790
vt -0.000000 -0.004619
vt -0.000058 -0.003943
vt 0.483322 0.000000
vt 0.966644 -0.000433
vt 0.483322 -0.000433
vt 1.047198 0.000000
vt 1.449966 -0.000433
vt 1.449966 0.000000
vt 1.933288 -0.000433
vt 2.094395 0.000000
vt 2.416610 -0.000433
vt 2.416610 0.000000
vt 2.899932 -0.000433
vt 3.383254 -0.000433
vt 3.383254 0.000000
vt 3.866575 -0.000433
vt 4.349897 -0.000433
vt 4.188790 0.000000
vt 4.349897 0.000000
vt 4.833220 -0.000433
vt -0.966644 -0.000433
vt 5.235988 0.000000
vt -0.966644 0.000000
vt -0.483322 -0.000433
vt -0.483322 0.000000
vt 0.000000 -0.000433
vt 4.833220 0.000000
vt 3.866575 0.000000
vt 2.899932 0.000000
vt 1.933288 0.000000
vt 0.966644 0.000000
vt 4.833220 -0.002433
vt 5.245440 -0.004000
vt 4.712389 -0.004000
vt 3.674643 -0.004000
vt 3.383254 -0.002433
vt 3.666362 -0.002433
vt 3.141593 -0.004000
vt 2.899932 -0.002433
vt 3.141593 -0.002433
vt 6.283185 -0.004000
vt -0.483322 -0.002433
vt 0.000000 -0.002433
vt 5.316541 -0.002433
vt 5.497787 -0.004000
vt 5.238614 -0.002433
vt 4.349897 -0.002433
vt 4.715071 -0.002433
vt 2.092263 -0.002433
vt 2.356194 -0.004000
vt 2.103847 -0.004000
vt 1.933288 -0.002433
vt 1.570796 -0.004000
vt 1.449966 -0.002433
vt 1.568115 -0.002433
vt 0.521813 -0.002433
vt 0.785398 -0.004000
vt 0.533051 -0.004000
vt 0.483322 -0.002433
vt 1.037746 -0.004000
vt 0.966644 -0.002433
vt 1.044572 -0.002433
vt 2.608542 -0.004000
vt 2.416610 -0.002433
vt 2.616823 -0.002433
vt 4.190922 -0.002433
vt 3.926991 -0.004000
vt 3.866575 -0.002433
vt 4.179338 -0.004000
vt 5.761372 -0.002433
vt 5.750134 -0.004000
vt 0.000000 -0.000722
vt -0.785398 -0.000722
vt 4.712389 -0.000722
vt 3.926991 -0.000722
vt 3.141593 -0.000722
vt 2.356194 -0.000722
vt 1.570796 -0.000722
vt 0.785398 -0.000722
vt 0.000577 0.001000
vt 0.001205 0.001068
vt 0.000571 0.001505
vt -0.001155 0.000000
vt -0.001426 0.000748
vt -0.001610 0.000000
vt 0.001155 0.000000
vt 0.001563 -0.000385
vt 0.001610 0.000000
vt -0.000577 0.001000
vt -0.000194 0.001598
vt -0.000915 0.001325
vt 0.001205 -0.001068
vt -0.000577 -0.001000
vt -0.001426 -0.000748
vt -0.000915 -0.001325
vt 0.001563 0.000385
vt 0.000577 -0.001000
vt 0.000571 -0.001505
vt -0.000194 -0.001598
vt 0.000000 -0.001250
vt -0.001107 -0.000669
vt -0.001250 -0.001250
vt -0.000710 -0.000221
vt -0.000151 -0.000009
vt 0.000443 -0.000081
vt 0.000936 -0.000421
vt 0.001214 -0.000951
vt 0.001214 -0.001549
vt 0.000936 -0.002079
vt 0.000443 -0.002419
vt -0.000151 -0.002491
vt -0.000710 -0.002279
vt -0.001107 -0.001831
vt 0.966644 -0.000750
vt 1.449966 -0.000750
vt 1.933288 -0.000750
vt 2.416610 -0.000750
vt 2.899932 -0.000750
vt 3.383254 -0.000750
vt 3.866575 -0.000750
vt 4.349897 -0.000750
vt 4.833220 -0.000750
vt 5.316541 -0.000750
vt 5.316541 0.000000
vt 5.799863 -0.000750
vt 5.799863 0.000000
vt 0.000000 -0.000750
vt 0.483322 -0.000750
vt 4.349897 -0.015950
vt 4.261350 -0.012925
vt 4.266268 -0.015950
vt 4.490732 -0.012925
vt 3.866575 -0.015950
vt 3.813316 -0.012925
vt 3.816906 -0.015950
vt 4.833220 -0.015950
vt 4.591558 -0.012925
vt 4.485480 -0.015950
vt 4.108236 -0.012925
vt 3.383254 -0.015950
vt 3.365478 -0.012925
vt 3.366883 -0.015950
vt 3.624915 -0.012925
vt 4.939298 -0.012925
vt 5.074881 -0.012925
vt 5.316541 -0.015950
vt 5.387478 -0.012925
vt 4.934046 -0.015950
vt 5.558202 -0.012925
vt 5.799863 -0.015950
vt 5.835398 -0.012925
vt 5.383114 -0.015950
vt 6.041524 -0.012925
vt 0.000000 -0.015950
vt 6.283185 -0.012925
vt 5.832795 -0.015950
vt 2.916303 -0.015950
vt 3.141593 -0.012925
vt 2.917707 -0.012925
vt 2.899932 -0.015950
vt 2.469870 -0.012925
vt 2.416610 -0.015950
vt 2.466279 -0.015950
vt 2.174949 -0.012925
vt 1.933288 -0.015950
vt 2.245885 -0.015950
vt 1.691627 -0.012925
vt 1.449966 -0.015950
vt 1.797705 -0.015950
vt 0.966644 -0.015950
vt 1.208305 -0.012925
vt 0.895707 -0.012925
vt 0.483322 -0.015950
vt 0.724983 -0.012925
vt 0.447788 -0.012925
vt 6.524846 -0.012925
vt 0.450391 -0.015950
vt 0.900071 -0.015950
vt 1.349139 -0.015950
vt 1.343888 -0.012925
vt 1.792453 -0.012925
vt 2.241522 -0.012925
vt 2.658271 -0.012925
vt 0.000000 0.000225
vt 0.483322 0.000225
vt 0.966644 0.000225
vt 1.449966 0.000225
vt 1.933288 0.000225
vt 2.416610 0.000225
vt -2.899932 0.000000
vt -3.141593 0.000225
vt -3.141593 0.000000
vt 2.899932 0.000225
vt -2.416610 0.000000
vt -2.899932 0.000225
vt -1.933288 0.000000
vt -2.416610 0.000225
vt -1.449966 0.000000
vt -1.933288 0.000225
vt -1.449966 0.000225
vt -0.966644 0.000225
vt -0.483322 0.000225
vt 0.000000 -0.001500
vt -0.001155 -0.001500
vt -0.001732 -0.001000
vt -0.001732 0.001000
vt -0.002309 -0.000000
s 1
usemtl mat1.004
f 4/1/1 10/2/1 19/3/1
f 15/4/1 14/5/1 13/6/1
f 13/6/1 9/7/1 17/8/1
f 12/9/1 14/5/1 6/10/1
f 8/11/1 7/12/1 18/13/1
f 15/4/1 13/6/1 17/8/1
f 12/9/1 6/10/1 1/14/1
f 1/14/1 5/15/1 2/16/1
f 7/12/1 9/7/1 13/6/1
f 14/5/1 15/4/1 16/17/1
f 14/5/1 12/9/1 13/6/1
f 5/15/1 6/10/1 11/18/1
f 4/1/1 3/19/1 10/2/1
f 9/7/1 7/12/1 8/11/1
f 6/10/1 5/15/1 1/14/1
f 1/14/1 3/19/1 4/1/1
f 3/19/1 1/14/1 2/16/1
f 28/10/2 26/15/2 27/18/2
f 26/15/2 28/10/2 29/14/2
f 36/2/2 30/1/2 37/20/2
f 28/10/2 34/9/2 29/14/2
f 29/14/2 31/19/2 35/16/2
f 34/9/2 25/5/2 21/6/2
f 21/6/2 24/4/2 23/8/2
f 31/19/2 30/1/2 36/2/2
f 26/15/2 29/14/2 35/16/2
f 25/5/2 34/9/2 28/10/2
f 24/4/2 25/5/2 33/17/2
f 20/12/2 22/7/2 32/11/2
f 31/19/2 29/14/2 30/1/2
f 25/5/2 24/4/2 21/6/2
f 22/7/2 21/6/2 23/8/2
f 22/7/2 20/12/2 21/6/2
f 20/12/2 32/11/2 38/21/2
f 41/22/3 39/23/4 40/24/3
f 43/25/4 42/26/5 39/23/4
f 45/27/5 44/28/6 42/26/5
f 47/29/6 46/30/7 44/28/6
f 39/23/4 41/22/3 43/25/4
f 42/26/5 43/25/4 45/27/5
f 44/28/6 45/27/5 47/29/6
f 49/31/7 48/32/8 46/30/7
f 46/30/7 47/29/6 49/31/7
f 48/32/8 49/31/7 50/33/8
f 53/34/9 51/35/10 52/36/9
f 55/37/10 54/38/11 51/35/10
f 57/39/11 56/40/12 54/38/11
f 59/41/12 58/42/13 56/40/12
f 61/43/13 60/44/14 58/42/13
f 60/44/14 61/43/13 62/45/14
f 58/42/13 59/41/12 61/43/13
f 54/38/11 55/37/10 57/39/11
f 51/35/10 53/34/9 55/37/10
f 56/40/12 57/39/11 59/41/12
f 77/46/15 76/47/16 75/48/16
f 81/49/17 80/50/18 79/51/18
f 83/52/19 82/53/17 81/49/17
f 85/54/20 84/55/19 83/52/19
f 87/56/21 86/57/20 85/54/20
f 75/48/16 74/58/22 73/59/22
f 73/59/22 72/60/23 71/61/23
f 71/61/23 70/62/24 69/63/24
f 69/63/24 68/64/25 67/65/25
f 67/65/25 66/66/26 65/67/26
f 65/67/26 63/68/3 64/69/3
f 79/51/18 78/70/15 77/46/15
f 89/71/27 88/72/21 87/56/21
f 91/73/28 90/74/27 89/71/27
f 93/75/29 92/76/28 91/73/28
f 95/77/30 94/78/29 93/75/29
f 63/68/3 65/67/26 66/66/26
f 66/66/26 67/65/25 68/64/25
f 68/64/25 69/63/24 70/62/24
f 70/62/24 71/61/23 72/60/23
f 72/60/23 73/59/22 74/58/22
f 74/58/22 75/48/16 76/47/16
f 76/47/16 77/46/15 78/70/15
f 78/70/15 79/51/18 80/50/18
f 80/50/18 81/49/17 82/53/17
f 82/53/17 83/52/19 84/55/19
f 84/55/19 85/54/20 86/57/20
f 86/57/20 87/56/21 88/72/21
f 88/72/21 89/71/27 90/74/27
f 90/74/27 91/73/28 92/76/28
f 92/76/28 93/75/29 94/78/29
f 94/78/29 95/77/30 96/79/30
f 97/80/31 96/79/30 95/77/30
f 99/81/32 98/82/31 97/80/31
f 96/79/30 97/80/31 98/82/31
f 98/82/31 99/81/32 100/83/32
f 100/83/32 101/84/14 102/85/14
f 101/84/14 100/83/32 99/81/32
f 106/86/33 107/87/34 109/88/33
f 108/89/35 109/88/33 111/90/35
f 110/91/36 111/90/35 113/92/37
f 112/93/38 113/92/37 115/94/38
f 114/95/39 115/94/38 117/96/39
f 116/97/40 117/96/39 119/98/40
f 118/99/41 119/98/40 121/100/41
f 120/101/42 121/100/41 123/102/42
f 122/103/43 123/102/42 125/104/43
f 124/105/44 125/104/43 127/106/44
f 126/107/45 127/106/44 129/108/46
f 128/109/47 129/108/46 131/110/47
f 130/111/48 131/110/47 133/112/48
f 132/113/49 133/112/48 135/114/49
f 134/85/3 135/114/49 137/84/3
f 136/115/50 137/84/3 139/116/50
f 138/117/51 139/116/50 141/118/51
f 140/119/52 141/118/51 143/120/52
f 142/121/53 143/120/52 145/122/54
f 144/123/55 145/122/54 147/124/55
f 146/125/56 147/124/55 149/126/56
f 148/127/57 149/126/56 151/128/57
f 150/129/58 151/128/57 153/130/58
f 152/131/59 153/130/58 155/132/59
f 154/133/60 155/132/59 157/134/60
f 103/135/34 105/69/14 107/87/34
f 158/136/61 159/137/62 161/138/61
f 160/139/63 161/138/61 163/140/63
f 162/141/64 163/140/63 165/142/64
f 164/143/65 165/142/64 166/144/65
f 104/68/14 166/144/65 105/69/14
f 166/144/65 104/68/14 164/143/65
f 165/142/64 164/143/65 162/141/64
f 163/140/63 162/141/64 160/139/63
f 161/138/61 160/139/63 158/136/61
f 159/137/62 158/136/61 156/145/62
f 157/134/60 156/145/62 154/133/60
f 155/132/59 154/133/60 152/131/59
f 153/130/58 152/131/59 150/129/58
f 151/128/57 150/129/58 148/127/57
f 149/126/56 148/127/57 146/125/56
f 147/124/55 146/125/56 144/123/55
f 145/122/54 144/123/55 142/121/53
f 143/120/52 142/121/53 140/119/52
f 141/118/51 140/119/52 138/117/51
f 139/116/50 138/117/51 136/115/50
f 137/84/3 136/115/50 134/85/3
f 135/114/49 134/85/3 132/113/49
f 133/112/48 132/113/49 130/111/48
f 131/110/47 130/111/48 128/109/47
f 129/108/46 128/109/47 126/107/45
f 127/106/44 126/107/45 124/105/44
f 125/104/43 124/105/44 122/103/43
f 123/102/42 122/103/43 120/101/42
f 121/100/41 120/101/42 118/99/41
f 119/98/40 118/99/41 116/97/40
f 117/96/39 116/97/40 114/95/39
f 115/94/38 114/95/39 112/93/38
f 113/92/37 112/93/38 110/91/36
f 111/90/35 110/91/36 108/89/35
f 109/88/33 108/89/35 106/86/33
f 107/87/34 106/86/33 103/135/34
f 105/69/14 103/135/34 104/68/14
f 156/145/62 157/134/60 159/137/62
f 169/146/58 168/147/58 191/148/58
f 181/149/58 183/150/58 187/151/58
f 177/152/58 191/148/58 190/153/58
f 172/45/58 186/154/58 185/155/58
f 191/148/58 177/152/58 169/146/58
f 175/156/58 177/152/58 190/153/58
f 181/149/58 188/157/58 186/154/58
f 172/45/58 174/158/58 179/159/58
f 184/160/58 175/156/58 189/161/58
f 175/156/58 182/162/58 189/161/58
f 188/157/58 181/149/58 187/151/58
f 186/154/58 172/45/58 181/149/58
f 180/163/58 172/45/58 185/155/58
f 169/146/58 167/164/58 168/147/58
f 167/164/58 169/146/58 170/165/58
f 167/164/58 170/165/58 171/166/58
f 174/158/58 172/45/58 173/167/58
f 177/152/58 175/156/58 176/168/58
f 167/164/58 171/166/58 178/169/58
f 179/159/58 167/164/58 178/169/58
f 173/167/58 172/45/58 180/163/58
f 183/150/58 181/149/58 182/162/58
f 167/164/58 179/159/58 174/158/58
f 176/168/58 175/156/58 184/160/58
f 182/162/58 175/156/58 183/150/58
f 197/170/14 193/171/14 192/172/14
f 193/171/14 197/170/14 198/173/14
f 195/174/14 193/171/14 196/175/14
f 193/171/14 195/174/14 194/176/14
f 194/176/14 192/172/14 193/171/14
f 192/172/14 194/176/14 199/177/14
f 200/178/3 202/179/3 207/180/3
f 205/181/3 201/182/3 200/178/3
f 201/182/3 205/181/3 206/183/3
f 203/184/3 201/182/3 204/185/3
f 201/182/3 203/184/3 202/179/3
f 202/179/3 200/178/3 201/182/3
f 212/172/58 217/186/58 221/187/58
f 215/188/58 214/189/58 228/190/58
f 230/191/58 225/192/58 231/193/58
f 232/194/58 225/192/58 221/187/58
f 226/195/58 225/192/58 230/191/58
f 225/192/58 232/194/58 231/193/58
f 219/196/58 226/195/58 229/197/58
f 221/187/58 223/198/58 232/194/58
f 214/189/58 219/196/58 229/197/58
f 228/190/58 210/199/58 215/188/58
f 224/200/58 210/199/58 227/201/58
f 214/189/58 220/202/58 218/203/58
f 222/204/58 221/187/58 217/186/58
f 226/195/58 219/196/58 225/192/58
f 210/199/58 208/205/58 209/206/58
f 209/206/58 208/205/58 211/207/58
f 213/208/58 208/205/58 212/172/58
f 216/209/58 214/189/58 215/188/58
f 217/186/58 212/172/58 208/205/58
f 208/205/58 213/208/58 211/207/58
f 219/196/58 214/189/58 218/203/58
f 214/189/58 216/209/58 220/202/58
f 223/198/58 221/187/58 222/204/58
f 208/205/58 210/199/58 224/200/58
f 210/199/58 228/190/58 227/201/58
f 255/210/66 256/211/66 257/212/67
f 253/213/68 254/214/68 255/210/69
f 251/215/70 252/216/70 253/213/71
f 249/217/72 250/218/73 251/215/74
f 247/219/75 248/220/75 249/217/76
f 245/221/77 246/222/77 247/219/78
f 243/223/79 244/224/79 245/221/80
f 241/225/81 242/226/82 243/223/83
f 239/227/84 240/228/84 241/225/85
f 237/229/86 238/230/86 239/227/87
f 234/231/88 236/232/88 237/229/89
f 235/233/90 233/234/90 234/231/91
f 257/212/92 258/235/92 235/233/90
f 259/236/93 261/237/3 263/238/93
f 262/239/94 263/238/93 265/240/94
f 264/241/95 265/240/94 267/242/95
f 266/243/96 267/242/95 269/244/96
f 268/245/97 269/244/96 271/246/97
f 270/247/98 271/246/97 273/248/98
f 277/249/99 276/250/100 274/251/99
f 274/251/99 275/252/101 277/249/99
f 276/250/100 277/249/99 279/253/100
f 278/254/102 279/253/100 281/255/102
f 280/256/103 281/255/102 283/257/103
f 282/258/104 283/257/103 284/259/104
f 260/260/3 284/259/104 261/237/3
f 284/259/104 260/260/3 282/258/104
f 283/257/103 282/258/104 280/256/103
f 281/255/102 280/256/103 278/254/102
f 279/253/100 278/254/102 276/250/100
f 275/252/101 274/251/99 272/261/101
f 273/248/98 272/261/101 270/247/98
f 271/246/97 270/247/98 268/245/97
f 269/244/96 268/245/97 266/243/96
f 267/242/95 266/243/96 264/241/95
f 265/240/94 264/241/95 262/239/94
f 263/238/93 262/239/94 259/236/93
f 261/237/3 259/236/93 260/260/3
f 272/261/101 273/248/98 275/252/101
f 309/212/92 310/235/92 287/233/90
f 307/210/69 308/211/69 309/212/67
f 305/213/68 306/214/68 307/210/69
f 303/215/70 304/216/70 305/213/68
f 301/217/105 302/218/105 303/215/74
f 299/219/75 300/220/75 301/217/105
f 297/221/77 298/222/77 299/219/78
f 295/223/79 296/224/106 297/221/80
f 293/225/81 294/226/81 295/223/106
f 291/227/84 292/228/84 293/225/85
f 289/229/86 290/230/86 291/227/87
f 286/231/88 288/232/88 289/229/89
f 287/233/90 285/234/90 286/231/91
f 314/239/94 315/238/93 317/240/94
f 316/241/95 317/240/94 319/242/95
f 318/243/96 319/242/95 321/244/96
f 320/245/97 321/244/96 323/246/97
f 322/247/98 323/246/97 325/248/98
f 324/261/101 325/248/98 327/252/101
f 326/251/99 327/252/101 329/249/99
f 328/250/100 329/249/99 331/253/100
f 330/254/102 331/253/100 333/255/102
f 332/256/103 333/255/102 335/257/103
f 334/258/104 335/257/103 336/259/104
f 312/260/3 336/259/104 313/237/3
f 311/236/93 313/237/3 315/238/93
f 336/259/104 312/260/3 334/258/104
f 335/257/103 334/258/104 332/256/103
f 333/255/102 332/256/103 330/254/102
f 331/253/100 330/254/102 328/250/100
f 329/249/99 328/250/100 326/251/99
f 327/252/101 326/251/99 324/261/101
f 325/248/98 324/261/101 322/247/98
f 323/246/97 322/247/98 320/245/97
f 321/244/96 320/245/97 318/243/96
f 319/242/95 318/243/96 316/241/95
f 317/240/94 316/241/95 314/239/94
f 315/238/93 314/239/94 311/236/93
f 313/237/3 311/236/93 312/260/3
f 337/262/107 339/263/107 340/45/107
f 339/263/107 337/262/107 338/264/107
f 341/265/41 343/45/41 344/266/41
f 343/45/41 341/265/41 342/262/41
f 398/267/1 397/268/1 377/269/1
f 347/270/1 345/271/1 346/272/1
f 349/273/1 346/272/1 348/274/1
f 351/170/1 348/274/1 350/275/1
f 345/271/1 352/276/1 353/277/1
f 348/274/1 351/170/1 349/273/1
f 356/278/1 354/279/1 355/280/1
f 355/280/1 353/277/1 352/276/1
f 346/272/1 349/273/1 347/270/1
f 353/277/1 355/280/1 354/279/1
f 351/170/1 350/275/1 357/281/1
f 359/282/1 350/275/1 358/283/1
f 345/271/1 347/270/1 352/276/1
f 359/282/1 358/283/1 360/284/1
f 362/285/1 358/283/1 361/286/1
f 364/287/1 358/283/1 363/288/1
f 350/275/1 359/282/1 357/281/1
f 358/283/1 364/287/1 361/286/1
f 367/289/1 365/290/1 366/291/1
f 370/292/1 368/293/1 369/294/1
f 356/278/1 369/294/1 371/295/1
f 358/283/1 362/285/1 360/284/1
f 373/296/1 358/283/1 372/297/1
f 365/290/1 367/289/1 374/298/1
f 376/299/1 375/300/1 368/293/1
f 369/294/1 356/278/1 370/292/1
f 358/283/1 373/296/1 363/288/1
f 379/301/1 377/269/1 378/302/1
f 382/178/1 380/303/1 381/304/1
f 381/304/1 383/305/1 384/306/1
f 384/306/1 385/307/1 386/308/1
f 389/309/1 387/310/1 388/311/1
f 388/311/1 374/298/1 367/289/1
f 375/300/1 376/299/1 366/291/1
f 354/279/1 356/278/1 371/295/1
f 372/297/1 377/269/1 390/312/1
f 378/302/1 377/269/1 391/313/1
f 383/305/1 381/304/1 380/303/1
f 385/307/1 384/306/1 383/305/1
f 394/314/1 392/315/1 393/316/1
f 389/309/1 393/316/1 395/317/1
f 374/298/1 388/311/1 387/310/1
f 368/293/1 370/292/1 376/299/1
f 390/312/1 377/269/1 396/318/1
f 391/313/1 377/269/1 397/268/1
f 386/308/1 385/307/1 392/315/1
f 393/316/1 389/309/1 394/314/1
f 366/291/1 365/290/1 375/300/1
f 377/269/1 379/301/1 396/318/1
f 397/268/1 398/267/1 399/319/1
f 392/315/1 394/314/1 386/308/1
f 377/269/1 372/297/1 358/283/1
f 397/268/1 399/319/1 382/178/1
f 387/310/1 389/309/1 395/317/1
f 380/303/1 382/178/1 399/319/1
f 400/69/107 402/320/107 403/321/107
f 402/320/107 400/69/107 401/322/107
f 404/323/41 406/321/41 407/324/41
f 406/321/41 404/323/41 405/69/41
f 429/280/2 427/277/2 428/279/2
f 413/274/2 415/170/2 448/275/2
f 420/316/2 422/309/2 453/317/2
f 458/283/2 450/282/2 461/284/2
f 444/269/2 457/296/2 454/297/2
f 440/298/2 452/311/2 441/289/2
f 449/281/2 448/275/2 415/170/2
f 458/283/2 462/285/2 459/286/2
f 456/288/2 444/269/2 460/287/2
f 444/269/2 455/312/2 447/318/2
f 451/310/2 422/309/2 452/311/2
f 445/300/2 438/299/2 437/293/2
f 448/275/2 450/282/2 458/283/2
f 462/285/2 458/283/2 461/284/2
f 460/287/2 458/283/2 459/286/2
f 457/296/2 444/269/2 456/288/2
f 455/312/2 444/269/2 454/297/2
f 433/267/2 443/302/2 434/313/2
f 422/309/2 451/310/2 453/317/2
f 452/311/2 440/298/2 451/310/2
f 439/290/2 441/289/2 446/291/2
f 435/294/2 431/278/2 430/295/2
f 450/282/2 448/275/2 449/281/2
f 442/301/2 444/269/2 447/318/2
f 408/305/2 410/304/2 426/306/2
f 439/290/2 446/291/2 445/300/2
f 438/299/2 445/300/2 446/291/2
f 437/293/2 436/292/2 435/294/2
f 427/277/2 429/280/2 419/276/2
f 444/269/2 442/301/2 433/267/2
f 443/302/2 433/267/2 442/301/2
f 411/319/2 434/313/2 432/268/2
f 425/307/2 426/306/2 424/308/2
f 441/289/2 439/290/2 440/298/2
f 436/292/2 437/293/2 438/299/2
f 431/278/2 435/294/2 436/292/2
f 428/279/2 431/278/2 429/280/2
f 419/276/2 418/271/2 427/277/2
f 434/313/2 411/319/2 433/267/2
f 412/178/2 411/319/2 432/268/2
f 425/307/2 424/308/2 423/315/2
f 423/315/2 421/314/2 420/316/2
f 431/278/2 428/279/2 430/295/2
f 418/271/2 417/270/2 416/272/2
f 416/272/2 414/273/2 413/274/2
f 409/303/2 412/178/2 410/304/2
f 426/306/2 425/307/2 408/305/2
f 421/314/2 423/315/2 424/308/2
f 422/309/2 420/316/2 421/314/2
f 417/270/2 418/271/2 419/276/2
f 414/273/2 416/272/2 417/270/2
f 415/170/2 413/274/2 414/273/2
f 412/178/2 409/303/2 411/319/2
f 410/304/2 408/305/2 409/303/2
f 458/283/2 460/287/2 444/269/2
f 466/325/108 463/326/109 467/327/109
f 469/328/109 463/326/109 468/329/109
f 470/330/109 463/326/109 472/331/109
f 463/326/109 465/332/109 471/333/109
f 463/326/109 469/328/109 467/327/109
f 464/334/109 463/326/109 466/325/108
f 465/332/109 463/326/109 464/334/109
f 463/326/109 470/330/109 468/329/109
f 473/335/110 475/336/111 476/337/110
f 473/335/110 476/337/110 477/338/110
f 483/339/110 481/340/110 482/341/110
f 479/342/110 478/343/110 480/344/110
f 477/338/110 476/337/110 478/343/110
f 477/338/110 478/343/110 479/342/110
f 475/336/111 473/335/110 474/345/112
f 481/340/110 483/339/110 479/342/110
f 479/342/110 480/344/110 481/340/110
f 484/346/113 490/347/113 488/348/113
f 484/346/113 491/349/113 492/350/113
f 491/349/113 484/346/113 493/351/113
f 484/346/113 489/352/113 493/351/113
f 486/353/113 484/346/113 485/354/114
f 484/346/113 486/353/113 487/355/115
f 489/352/113 484/346/113 488/348/113
f 484/346/113 487/355/115 490/347/113
f 496/356/116 494/357/116 495/358/116
f 494/357/116 496/356/116 497/359/116
f 495/358/116 498/360/116 499/361/116
f 499/361/116 500/362/116 501/363/116
f 503/364/116 502/365/116 500/362/116
f 501/363/116 500/362/116 502/365/116
f 499/361/116 498/360/116 500/362/116
f 502/365/116 503/364/116 504/366/116
f 495/358/116 494/357/116 498/360/116
f 513/367/117 512/368/118 509/369/117
f 512/368/118 513/367/117 514/370/119
f 516/371/118 515/372/3 512/368/118
f 515/372/3 516/371/118 517/373/120
f 515/372/3 517/373/120 518/374/3
f 512/368/118 514/370/119 516/371/118
f 511/375/121 510/376/122 507/377/123
f 511/375/121 509/369/117 510/376/122
f 506/378/124 505/379/125 508/380/1
f 507/377/123 505/379/125 506/378/124
f 509/369/117 511/375/121 513/367/117
f 505/379/125 507/377/123 510/376/122
f 527/381/126 526/382/127 525/383/128
f 530/384/129 529/385/2 528/386/130
f 529/385/2 530/384/129 531/387/131
f 529/385/2 531/387/131 532/388/2
f 528/386/130 527/381/126 530/384/129
f 523/389/132 525/383/128 526/382/127
f 524/390/133 523/389/132 521/391/132
f 525/383/128 523/389/132 524/390/133
f 520/392/134 519/22/3 522/393/3
f 521/391/132 519/22/3 520/392/134
f 526/382/127 527/381/126 528/386/130
f 519/22/3 521/391/132 523/389/132
f 540/389/135 541/394/136 542/395/137
f 538/396/138 537/382/136 533/386/139
f 533/386/139 535/397/2 536/398/140
f 535/397/2 533/386/139 534/385/2
f 541/394/136 540/389/135 537/382/136
f 537/382/136 538/396/138 539/399/141
f 544/400/142 543/22/143 540/389/135
f 543/22/143 544/400/142 545/401/14
f 540/389/135 542/395/137 544/400/142
f 537/382/136 539/399/141 541/394/136
f 533/386/139 536/398/140 538/396/138
f 548/402/144 546/403/14 547/404/145
f 551/405/146 549/406/147 550/407/148
f 550/407/148 549/406/147 548/402/144
f 554/408/149 552/409/146 553/410/150
f 553/410/150 552/409/146 551/405/146
f 557/411/1 555/412/149 556/413/151
f 549/406/147 551/405/146 552/409/146
f 552/409/146 554/408/149 555/412/149
f 555/412/149 557/411/1 558/414/1
f 556/413/151 555/412/149 554/408/149
f 546/403/14 548/402/144 549/406/147
f 559/415/58 561/416/58 562/417/58
f 561/416/58 559/415/58 560/418/58
f 563/415/3 565/419/3 566/420/3
f 565/419/3 563/415/3 564/418/3
f 569/418/14 567/421/14 568/422/14
f 567/421/14 569/418/14 570/415/14
f 589/423/41 597/424/41 590/425/41
f 598/426/41 589/423/41 603/427/41
f 603/427/41 591/428/41 604/429/41
f 606/430/41 591/428/41 605/431/41
f 576/162/41 581/432/41 591/428/41
f 601/152/41 602/433/41 607/434/41
f 573/159/41 595/435/41 594/436/41
f 589/423/41 599/437/41 608/438/41
f 591/428/41 606/430/41 604/429/41
f 574/439/41 601/152/41 607/434/41
f 589/423/41 608/438/41 596/440/41
f 591/428/41 593/441/41 605/431/41
f 591/428/41 603/427/41 589/423/41
f 571/442/41 585/146/41 578/443/41
f 602/433/41 601/152/41 587/444/41
f 601/152/41 574/439/41 600/445/41
f 574/439/41 583/446/41 600/445/41
f 592/447/41 591/428/41 581/432/41
f 599/437/41 589/423/41 598/426/41
f 597/424/41 589/423/41 596/440/41
f 573/159/41 590/425/41 595/435/41
f 571/442/41 573/159/41 594/436/41
f 586/448/41 585/146/41 588/449/41
f 574/439/41 584/450/41 582/451/41
f 580/452/41 576/162/41 575/453/41
f 593/441/41 591/428/41 592/447/41
f 590/425/41 573/159/41 589/423/41
f 571/442/41 579/454/41 577/455/41
f 585/146/41 571/442/41 588/449/41
f 587/444/41 585/146/41 586/448/41
f 574/439/41 576/162/41 584/450/41
f 583/446/41 574/439/41 582/451/41
f 581/432/41 576/162/41 580/452/41
f 579/454/41 571/442/41 578/443/41
f 572/456/41 571/442/41 577/455/41
f 576/162/41 574/439/41 575/453/41
f 585/146/41 587/444/41 601/152/41
f 573/159/41 571/442/41 572/456/41
f 611/457/14 609/458/14 610/199/14
f 609/458/14 611/457/14 612/459/14
f 658/460/58 657/461/58 664/462/58
f 667/463/58 665/464/58 666/465/58
f 632/466/58 641/467/58 635/468/58
f 643/469/58 662/470/58 649/471/58
f 616/472/58 663/473/58 651/474/58
f 618/475/58 617/476/58 668/477/58
f 664/462/58 657/461/58 617/476/58
f 667/463/58 669/478/58 670/479/58
f 672/480/58 671/481/58 659/482/58
f 665/464/58 667/463/58 670/479/58
f 643/469/58 660/483/58 648/484/58
f 674/485/58 654/486/58 673/487/58
f 675/488/58 673/487/58 654/486/58
f 613/489/58 646/490/58 676/491/58
f 657/461/58 659/482/58 671/481/58
f 671/481/58 672/480/58 669/478/58
f 613/489/58 627/492/58 656/493/58
f 680/494/58 678/495/58 679/496/58
f 681/497/58 678/495/58 666/465/58
f 626/498/58 625/499/58 682/500/58
f 685/501/58 683/502/58 684/503/58
f 686/504/58 683/502/58 625/499/58
f 675/488/58 687/505/58 688/506/58
f 690/507/58 689/508/58 685/501/58
f 673/487/58 675/488/58 688/506/58
f 617/476/58 657/461/58 668/477/58
f 666/465/58 677/509/58 681/497/58
f 678/495/58 681/497/58 679/496/58
f 691/510/58 624/511/58 642/512/58
f 682/500/58 625/499/58 683/502/58
f 683/502/58 686/504/58 684/503/58
f 689/508/58 690/507/58 687/505/58
f 651/474/58 653/513/58 616/472/58
f 678/495/58 680/494/58 624/511/58
f 663/473/58 616/472/58 630/514/58
f 651/474/58 655/515/58 652/516/58
f 662/470/58 643/469/58 661/517/58
f 643/469/58 650/518/58 660/483/58
f 635/468/58 644/519/58 632/466/58
f 618/475/58 616/472/58 617/476/58
f 659/482/58 657/461/58 658/460/58
f 613/489/58 631/520/58 628/521/58
f 645/522/58 613/489/58 656/493/58
f 655/515/58 651/474/58 654/486/58
f 653/513/58 651/474/58 652/516/58
f 650/518/58 643/469/58 649/471/58
f 644/519/58 643/469/58 648/484/58
f 632/466/58 624/511/58 640/523/152
f 647/524/58 635/468/58 641/467/58
f 635/468/58 639/525/58 636/526/58
f 619/527/58 634/528/58 633/529/58
f 617/476/58 616/472/58 629/530/58
f 646/490/58 613/489/58 645/522/58
f 644/519/58 635/468/58 643/469/58
f 624/511/58 626/498/58 642/512/58
f 641/467/58 632/466/58 640/523/152
f 639/525/58 635/468/58 638/531/58
f 637/532/58 635/468/58 636/526/58
f 619/527/58 621/533/58 634/528/58
f 631/520/58 619/527/58 633/529/58
f 617/476/58 629/530/58 628/521/58
f 628/521/58 614/534/58 613/489/58
f 625/499/58 624/511/58 632/466/58
f 619/527/58 623/535/58 620/536/58
f 631/520/58 613/489/58 619/527/58
f 616/472/58 618/475/58 630/514/58
f 614/534/58 628/521/58 629/530/58
f 613/489/58 615/537/58 627/492/58
f 626/498/58 624/511/58 625/499/58
f 623/535/58 619/527/58 622/538/58
f 666/465/58 665/464/58 677/509/58
f 621/533/58 619/527/58 620/536/58
f 615/537/58 613/489/58 614/534/58
f 635/468/58 647/524/58 638/531/58
f 654/486/58 674/485/58 655/515/58
f 624/511/58 691/510/58 678/495/58
f 683/502/58 685/501/58 689/508/58
f 669/478/58 667/463/58 671/481/58
f 687/505/58 675/488/58 689/508/58
f 635/468/58 637/532/58 692/539/58
f 693/540/3 695/541/3 696/542/3
f 695/541/3 693/540/3 694/543/3
f 699/172/41 697/544/41 698/545/41
f 697/544/41 699/172/41 702/546/41
f 697/544/41 702/546/41 700/547/41
f 705/548/41 703/549/41 704/188/41
f 708/196/41 706/550/41 707/551/41
f 710/552/41 699/172/41 709/553/41
f 697/544/41 701/554/41 711/555/41
f 703/549/41 697/544/41 711/555/41
f 703/549/41 705/548/41 712/556/41
f 707/551/41 706/550/41 713/557/41
f 715/558/41 706/550/41 714/559/41
f 699/172/41 698/545/41 709/553/41
f 703/549/41 712/556/41 716/560/41
f 706/550/41 715/558/41 713/557/41
f 719/561/41 717/192/41 718/562/41
f 721/563/41 717/192/41 720/187/41
f 697/544/41 703/549/41 716/560/41
f 723/564/41 704/188/41 722/565/41
f 704/188/41 706/550/41 722/565/41
f 725/566/41 708/196/41 724/567/41
f 726/568/41 708/196/41 717/192/41
f 718/562/41 717/192/41 727/569/41
f 717/192/41 721/563/41 728/570/41
f 730/571/41 720/187/41 729/572/41
f 732/573/41 720/187/41 731/574/41
f 704/188/41 723/564/41 705/548/41
f 706/550/41 708/196/41 725/566/41
f 726/568/41 717/192/41 733/575/41
f 717/192/41 728/570/41 727/569/41
f 720/187/41 730/571/41 734/576/41
f 731/574/41 720/187/41 710/552/41
f 706/550/41 704/188/41 714/559/41
f 717/192/41 719/561/41 733/575/41
f 720/187/41 732/573/41 729/572/41
f 708/196/41 726/568/41 724/567/41
f 699/172/41 710/552/41 720/187/41
f 720/187/41 734/576/41 721/563/41
f 701/554/41 697/544/41 700/547/41
f 737/577/3 735/578/153 736/579/3
f 739/580/153 738/581/154 735/578/153
f 741/582/154 740/583/155 738/581/154
f 743/584/155 742/585/156 740/583/155
f 745/586/156 744/587/46 742/585/156
f 747/588/46 746/589/157 744/587/46
f 749/590/157 748/591/158 746/589/157
f 751/592/158 750/593/159 748/591/158
f 754/594/160 752/595/161 753/596/162
f 756/597/161 755/598/163 752/595/161
f 758/599/163 757/600/37 755/598/163
f 760/382/37 759/601/164 757/600/37
f 762/602/164 761/603/165 759/601/164
f 764/604/165 763/605/166 761/603/165
f 766/606/166 765/607/167 763/605/166
f 768/608/167 767/24/14 765/607/167
f 771/609/41 769/610/168 770/611/169
f 773/612/170 769/610/168 772/613/171
f 769/610/168 773/612/170 770/611/169
f 772/613/171 769/610/168 774/614/172
f 777/615/173 775/616/174 776/617/175
f 771/609/41 775/616/174 778/385/41
f 775/616/174 771/609/41 776/617/175
f 775/616/174 777/615/173 779/618/176
f 781/619/177 750/593/159 780/620/178
f 783/621/179 750/593/159 782/622/180
f 782/622/180 750/593/159 784/623/181
f 784/623/181 785/624/182 786/625/183
f 788/626/184 785/624/182 787/627/178
f 785/624/182 788/626/184 786/625/183
f 785/624/182 784/623/181 750/593/159
f 750/593/159 783/621/179 780/620/178
f 789/628/185 785/624/182 775/616/174
f 785/624/182 789/628/185 787/627/178
f 792/629/41 790/630/186 791/631/175
f 794/632/187 790/630/186 793/633/188
f 790/630/186 794/632/187 791/631/175
f 793/633/188 790/630/186 781/619/177
f 797/634/170 795/635/189 796/636/169
f 792/629/41 795/635/189 798/637/41
f 795/635/189 792/629/41 796/636/169
f 795/635/189 797/634/170 799/638/171
f 774/614/172 754/594/160 800/639/190
f 802/640/191 754/594/160 801/641/192
f 801/641/192 754/594/160 803/642/193
f 803/642/193 753/596/162 804/643/194
f 806/644/191 753/596/162 805/645/190
f 753/596/162 806/644/191 804/643/194
f 753/596/162 803/642/193 754/594/160
f 807/646/172 753/596/162 795/635/189
f 753/596/162 807/646/172 805/645/190
f 754/594/160 802/640/191 800/639/190
f 754/594/160 774/614/172 769/610/168
f 795/635/189 799/638/171 807/646/172
f 790/630/186 792/629/41 798/637/41
f 750/593/159 781/619/177 790/630/186
f 775/616/174 779/618/176 789/628/185
f 769/610/168 771/609/41 778/385/41
f 767/24/14 768/608/167 808/22/14
f 765/607/167 766/606/166 768/608/167
f 763/605/166 764/604/165 766/606/166
f 761/603/165 762/602/164 764/604/165
f 759/601/164 760/382/37 762/602/164
f 757/600/37 758/599/163 760/382/37
f 755/598/163 756/597/161 758/599/163
f 752/595/161 754/594/160 756/597/161
f 750/593/159 751/592/158 785/624/182
f 748/591/158 749/590/157 751/592/158
f 746/589/157 747/588/46 749/590/157
f 744/587/46 745/586/156 747/588/46
f 742/585/156 743/584/155 745/586/156
f 740/583/155 741/582/154 743/584/155
f 738/581/154 739/580/153 741/582/154
f 735/578/153 737/577/3 739/580/153
f 812/647/2 825/648/2 816/649/2
f 811/650/2 809/651/2 810/652/2
f 813/653/2 809/651/2 812/647/2
f 815/654/2 809/651/2 814/655/2
f 809/651/2 813/653/2 810/652/2
f 817/656/2 812/647/2 816/649/2
f 819/657/2 812/647/2 818/658/2
f 821/659/2 809/651/2 820/660/2
f 814/655/2 809/651/2 822/661/2
f 824/662/2 809/651/2 823/663/2
f 812/647/2 817/656/2 813/653/2
f 812/647/2 819/657/2 825/648/2
f 809/651/2 821/659/2 826/664/2
f 809/651/2 815/654/2 820/660/2
f 818/658/2 812/647/2 827/665/2
f 809/651/2 811/650/2 823/663/2
f 829/666/2 812/647/2 828/667/2
f 831/668/2 812/647/2 830/669/2
f 812/647/2 829/666/2 827/665/2
f 831/668/2 830/669/2 832/20/2
f 812/647/2 831/668/2 828/667/2
f 826/664/2 821/659/2 833/670/2
f 809/651/2 824/662/2 822/661/2
f 837/653/1 839/651/1 840/652/1
f 838/656/1 834/647/1 837/653/1
f 836/657/1 834/647/1 835/648/1
f 842/662/1 839/651/1 841/661/1
f 839/651/1 837/653/1 834/647/1
f 845/650/1 839/651/1 844/663/1
f 841/661/1 839/651/1 846/655/1
f 848/668/1 834/647/1 847/667/1
f 850/666/1 834/647/1 849/665/1
f 834/647/1 836/657/1 851/658/1
f 835/648/1 834/647/1 843/649/1
f 857/669/1 848/668/1 858/671/1
f 834/647/1 848/668/1 857/669/1
f 839/651/1 842/662/1 844/663/1
f 839/651/1 854/659/1 855/660/1
f 834/647/1 851/658/1 849/665/1
f 854/659/1 853/664/1 856/670/1
f 852/654/1 839/651/1 855/660/1
f 834/647/1 838/656/1 843/649/1
f 834/647/1 850/666/1 847/667/1
f 854/659/1 839/651/1 853/664/1
f 846/655/1 839/651/1 852/654/1
f 839/651/1 845/650/1 840/652/1
f 860/672/60 862/673/195 861/674/60
f 862/673/195 860/672/60 863/675/196
f 866/676/197 864/677/198 865/678/197
f 865/678/197 867/679/199 866/676/197
f 867/679/199 865/678/197 859/680/199
f 870/681/64 868/682/200 869/683/64
f 871/684/198 869/683/64 864/677/198
f 869/683/64 871/684/198 870/681/64
f 873/685/201 868/682/200 872/686/202
f 875/687/58 862/673/195 874/688/203
f 877/689/204 863/675/196 876/690/205
f 863/675/196 877/689/204 862/673/195
f 879/691/58 863/675/196 878/692/58
f 863/675/196 879/691/58 876/690/205
f 862/673/195 877/689/204 874/688/203
f 862/673/195 875/687/58 880/693/58
f 868/682/200 873/685/201 881/694/14
f 868/682/200 870/681/64 872/686/202
f 864/677/198 866/676/197 871/684/198
f 859/680/199 861/674/60 867/679/199
f 861/674/60 859/680/199 860/672/60
f 887/695/51 885/696/206 886/697/51
f 884/698/207 882/699/3 883/700/3
f 886/697/51 884/698/207 887/695/51
f 884/698/207 886/697/51 888/701/208
f 891/702/53 889/703/209 890/704/53
f 890/704/53 892/705/210 891/702/53
f 892/705/210 890/704/53 885/696/206
f 895/706/56 893/707/211 894/708/56
f 894/708/56 896/709/209 895/706/56
f 896/709/209 894/708/56 889/703/209
f 898/691/58 893/707/211 897/710/212
f 900/711/213 893/707/211 899/712/214
f 900/711/213 899/712/214 901/713/212
f 903/687/58 899/712/214 902/693/58
f 899/712/214 903/687/58 901/713/212
f 893/707/211 900/711/213 897/710/212
f 893/707/211 898/691/58 904/692/58
f 893/707/211 895/706/56 899/712/214
f 889/703/209 891/702/53 896/709/209
f 885/696/206 887/695/51 892/705/210
f 882/699/3 884/698/207 888/701/208
f 959/714/215 961/715/14 963/716/215
f 962/717/216 963/716/215 965/718/216
f 964/719/136 965/718/216 967/720/136
f 966/721/217 967/720/136 969/722/217
f 968/723/218 969/722/217 971/724/218
f 970/725/2 971/724/218 973/726/2
f 972/727/219 973/726/2 975/728/219
f 974/729/220 975/728/219 977/730/220
f 976/731/128 977/730/220 979/732/128
f 978/733/221 979/732/128 981/734/221
f 980/735/222 981/734/221 983/736/222
f 982/737/3 983/736/222 985/738/3
f 984/739/223 985/738/3 987/740/223
f 986/741/224 987/740/223 989/742/225
f 988/743/117 989/742/225 991/744/117
f 990/745/226 991/744/117 993/746/226
f 992/747/227 993/746/226 995/748/227
f 994/749/1 995/748/227 997/750/1
f 996/751/228 997/750/1 999/752/228
f 998/753/229 999/752/228 1001/754/229
f 1000/755/146 1001/754/229 1003/756/146
f 1002/757/230 1003/756/146 1005/758/230
f 1004/759/231 1005/758/230 1006/760/231
f 960/761/14 1006/760/231 961/715/14
f 1006/760/231 960/761/14 1004/759/231
f 1005/758/230 1004/759/231 1002/757/230
f 1003/756/146 1002/757/230 1000/755/146
f 1001/754/229 1000/755/146 998/753/229
f 999/752/228 998/753/229 996/751/228
f 997/750/1 996/751/228 994/749/1
f 995/748/227 994/749/1 992/747/227
f 993/746/226 992/747/227 990/745/226
f 991/744/117 990/745/226 988/743/117
f 989/742/225 988/743/117 986/741/224
f 987/740/223 986/741/224 984/739/223
f 985/738/3 984/739/223 982/737/3
f 983/736/222 982/737/3 980/735/222
f 981/734/221 980/735/222 978/733/221
f 979/732/128 978/733/221 976/731/128
f 977/730/220 976/731/128 974/729/220
f 975/728/219 974/729/220 972/727/219
f 973/726/2 972/727/219 970/725/2
f 971/724/218 970/725/2 968/723/218
f 969/722/217 968/723/218 966/721/217
f 967/720/136 966/721/217 964/719/136
f 965/718/216 964/719/136 962/717/216
f 963/716/215 962/717/216 959/714/215
f 961/715/14 959/714/215 960/761/14
f 1040/762/58 1061/763/58 1062/764/58
f 1028/765/58 1030/766/58 1054/767/58
f 1038/768/58 1061/763/58 1039/769/58
f 1020/770/58 1019/771/58 1045/772/58
f 1061/763/58 1038/768/58 1062/764/58
f 1035/773/58 1034/774/58 1033/775/58
f 1009/776/58 1007/777/58 1008/778/58
f 1012/779/58 1010/780/58 1011/781/58
f 1015/782/58 1013/783/58 1014/784/58
f 1018/785/58 1016/786/58 1017/787/58
f 1021/788/58 1019/771/58 1020/770/58
f 1024/789/58 1022/790/58 1023/791/58
f 1027/792/58 1025/793/58 1026/794/58
f 1030/766/58 1028/765/58 1029/795/58
f 1007/777/58 1029/795/58 1028/765/58
f 1010/780/58 1012/779/58 1031/796/58
f 1034/774/58 1032/797/58 1033/775/58
f 1034/774/58 1035/773/58 1036/798/58
f 1013/783/58 1036/798/58 1035/773/58
f 1039/769/58 1037/799/58 1038/768/58
f 1016/786/58 1018/785/58 1040/762/58
f 1043/800/58 1041/801/58 1042/802/58
f 1019/771/58 1021/788/58 1044/803/58
f 1047/45/58 1045/772/58 1046/804/58
f 1047/45/58 1048/805/58 1049/806/58
f 1022/790/58 1049/806/58 1048/805/58
f 1051/807/58 1023/791/58 1050/808/58
f 1051/807/58 1052/809/58 1027/792/58
f 1025/793/58 1027/792/58 1052/809/58
f 1030/766/58 1053/810/58 1054/767/58
f 1007/777/58 1009/776/58 1029/795/58
f 1056/811/58 1008/778/58 1055/812/58
f 1056/811/58 1031/796/58 1012/779/58
f 1032/797/58 1034/774/58 1011/781/58
f 1013/783/58 1015/782/58 1036/798/58
f 1058/813/58 1014/784/58 1057/814/58
f 1058/813/58 1059/815/58 1060/816/58
f 1037/799/58 1060/816/58 1059/815/58
f 1061/763/58 1040/762/58 1018/785/58
f 1041/801/58 1043/800/58 1017/787/58
f 1045/772/58 1047/45/58 1020/770/58
f 1022/790/58 1024/789/58 1049/806/58
f 1052/809/58 1051/807/58 1050/808/58
f 1053/810/58 1030/766/58 1026/794/58
f 1008/778/58 1056/811/58 1009/776/58
f 1011/781/58 1010/780/58 1032/797/58
f 1014/784/58 1058/813/58 1015/782/58
f 1037/799/58 1039/769/58 1060/816/58
f 1017/787/58 1016/786/58 1041/801/58
f 1043/800/58 1044/803/58 1021/788/58
f 1048/805/58 1047/45/58 1046/804/58
f 1026/794/58 1025/793/58 1053/810/58
f 1031/796/58 1056/811/58 1055/812/58
f 1059/815/58 1058/813/58 1057/814/58
f 1044/803/58 1043/800/58 1042/802/58
f 1023/791/58 1051/807/58 1024/789/58
f 1111/817/147 1112/818/148 1114/819/147
f 1109/820/148 1110/755/146 1112/818/148
f 1107/821/146 1108/822/232 1110/755/146
f 1105/823/232 1106/824/149 1108/822/232
f 1103/825/149 1104/826/151 1106/824/149
f 1101/827/151 1102/749/1 1104/826/151
f 1099/828/1 1100/829/124 1102/749/1
f 1097/830/124 1098/831/123 1100/829/124
f 1095/832/123 1096/833/121 1098/831/123
f 1093/834/121 1094/743/117 1096/833/121
f 1090/835/117 1092/836/119 1094/743/117
f 1088/837/133 1089/838/128 1126/839/133
f 1086/840/128 1087/841/126 1089/838/128
f 1084/842/126 1085/843/233 1087/841/126
f 1082/844/233 1083/845/131 1085/843/233
f 1080/846/131 1081/847/2 1083/845/131
f 1078/848/2 1079/849/234 1081/847/2
f 1076/850/234 1077/851/139 1079/849/234
f 1074/852/139 1075/853/235 1077/851/139
f 1072/854/235 1073/855/136 1075/853/235
f 1070/856/136 1071/857/236 1073/855/136
f 1068/858/236 1069/859/135 1071/857/236
f 1066/860/135 1067/861/237 1069/859/135
f 1063/862/237 1065/761/14 1067/861/237
f 1113/863/238 1114/819/147 1115/864/238
f 1064/45/14 1115/864/238 1065/761/14
f 1117/865/118 1116/866/239 1118/867/240
f 1117/865/118 1119/868/120 1120/869/120
f 1120/869/120 1121/870/3 1123/737/3
f 1122/871/134 1121/870/3 1125/872/134
f 1124/873/132 1125/872/134 1128/874/241
f 1126/839/133 1127/875/242 1088/837/133
f 1127/875/242 1124/873/132 1128/874/241
f 1127/875/242 1126/839/133 1124/873/132
f 1125/872/134 1124/873/132 1122/871/134
f 1121/870/3 1122/871/134 1123/737/3
f 1121/870/3 1120/869/120 1119/868/120
f 1119/868/120 1117/865/118 1118/867/240
f 1092/836/119 1116/866/239 1117/865/118
f 1116/866/239 1092/836/119 1091/876/119
f 1115/864/238 1064/45/14 1113/863/238
f 1114/819/147 1113/863/238 1111/817/147
f 1112/818/148 1111/817/147 1109/820/148
f 1110/755/146 1109/820/148 1107/821/146
f 1108/822/232 1107/821/146 1105/823/232
f 1106/824/149 1105/823/232 1103/825/149
f 1104/826/151 1103/825/149 1101/827/151
f 1102/749/1 1101/827/151 1099/828/1
f 1100/829/124 1099/828/1 1097/830/124
f 1098/831/123 1097/830/124 1095/832/123
f 1096/833/121 1095/832/123 1093/834/121
f 1094/743/117 1093/834/121 1090/835/117
f 1092/836/119 1090/835/117 1091/876/119
f 1089/838/128 1088/837/133 1086/840/128
f 1087/841/126 1086/840/128 1084/842/126
f 1085/843/233 1084/842/126 1082/844/233
f 1083/845/131 1082/844/233 1080/846/131
f 1081/847/2 1080/846/131 1078/848/2
f 1079/849/234 1078/848/2 1076/850/234
f 1077/851/139 1076/850/234 1074/852/139
f 1075/853/235 1074/852/139 1072/854/235
f 1073/855/136 1072/854/235 1070/856/136
f 1071/857/236 1070/856/136 1068/858/236
f 1069/859/135 1068/858/236 1066/860/135
f 1067/861/237 1066/860/135 1063/862/237
f 1065/761/14 1063/862/237 1064/45/14
f 1131/715/14 1129/714/215 1130/761/14
f 1133/716/215 1132/717/216 1129/714/215
f 1135/718/216 1134/719/136 1132/717/216
f 1137/720/136 1136/721/217 1134/719/136
f 1139/722/217 1138/723/218 1136/721/217
f 1141/724/218 1140/725/2 1138/723/218
f 1143/726/2 1142/727/219 1140/725/2
f 1145/728/219 1144/729/220 1142/727/219
f 1147/730/220 1146/731/128 1144/729/220
f 1149/732/128 1148/733/221 1146/731/128
f 1151/734/221 1150/735/222 1148/733/221
f 1153/736/222 1152/737/3 1150/735/222
f 1155/738/3 1154/739/223 1152/737/3
f 1157/740/223 1156/741/224 1154/739/223
f 1159/742/224 1158/743/117 1156/741/224
f 1161/744/117 1160/745/226 1158/743/117
f 1163/746/226 1162/747/227 1160/745/226
f 1165/748/227 1164/749/1 1162/747/227
f 1167/750/1 1166/751/228 1164/749/1
f 1169/752/228 1168/753/229 1166/751/228
f 1171/754/229 1170/755/146 1168/753/229
f 1173/756/146 1172/757/243 1170/755/146
f 1175/758/230 1174/759/231 1172/757/243
f 1176/760/231 1130/761/14 1174/759/231
f 1130/761/14 1176/760/231 1131/715/14
f 1174/759/231 1175/758/230 1176/760/231
f 1172/757/243 1173/756/146 1175/758/230
f 1170/755/146 1171/754/229 1173/756/146
f 1168/753/229 1169/752/228 1171/754/229
f 1166/751/228 1167/750/1 1169/752/228
f 1164/749/1 1165/748/227 1167/750/1
f 1162/747/227 1163/746/226 1165/748/227
f 1160/745/226 1161/744/117 1163/746/226
f 1156/741/224 1157/740/223 1159/742/224
f 1154/739/223 1155/738/3 1157/740/223
f 1152/737/3 1153/736/222 1155/738/3
f 1150/735/222 1151/734/221 1153/736/222
f 1148/733/221 1149/732/128 1151/734/221
f 1146/731/128 1147/730/220 1149/732/128
f 1144/729/220 1145/728/219 1147/730/220
f 1142/727/219 1143/726/2 1145/728/219
f 1140/725/2 1141/724/218 1143/726/2
f 1138/723/218 1139/722/217 1141/724/218
f 1136/721/217 1137/720/136 1139/722/217
f 1134/719/136 1135/718/216 1137/720/136
f 1132/717/216 1133/716/215 1135/718/216
f 1129/714/215 1131/715/14 1133/716/215
f 1158/743/117 1159/742/224 1161/744/117
f 1192/810/58 1227/766/58 1193/794/58
f 1212/776/58 1211/777/58 1194/778/58
f 1214/797/58 1216/774/58 1200/781/58
f 1221/784/58 1223/813/58 1220/782/58
f 1229/799/58 1225/816/58 1224/815/58
f 1185/763/58 1231/768/58 1232/764/58
f 1206/805/58 1204/877/58 1203/804/58
f 1228/765/58 1227/766/58 1226/767/58
f 1220/782/58 1219/783/58 1221/784/58
f 1231/768/58 1185/763/58 1230/769/58
f 1209/809/58 1208/807/58 1207/808/58
f 1230/769/58 1229/799/58 1231/768/58
f 1194/778/58 1196/811/58 1212/776/58
f 1183/762/58 1185/763/58 1232/764/58
f 1188/790/58 1190/789/58 1205/806/58
f 1186/803/58 1187/800/58 1201/802/58
f 1225/816/58 1229/799/58 1230/769/58
f 1224/815/58 1223/813/58 1222/814/58
f 1219/783/58 1218/798/58 1217/773/58
f 1217/773/58 1216/774/58 1215/775/58
f 1211/777/58 1213/795/58 1228/765/58
f 1227/766/58 1228/765/58 1213/795/58
f 1227/766/58 1192/810/58 1226/767/58
f 1191/793/58 1193/794/58 1210/792/58
f 1189/791/58 1208/807/58 1190/789/58
f 1204/877/58 1206/805/58 1205/806/58
f 1202/772/58 1204/877/58 1181/770/58
f 1178/801/58 1187/800/58 1179/787/58
f 1223/813/58 1224/815/58 1225/816/58
f 1179/787/58 1177/786/58 1178/801/58
f 1218/798/58 1219/783/58 1220/782/58
f 1216/774/58 1217/773/58 1218/798/58
f 1216/774/58 1214/797/58 1215/775/58
f 1199/780/58 1198/779/58 1197/796/58
f 1197/796/58 1196/811/58 1195/812/58
f 1213/795/58 1211/777/58 1212/776/58
f 1191/793/58 1210/792/58 1209/809/58
f 1208/807/58 1209/809/58 1210/792/58
f 1208/807/58 1189/791/58 1207/808/58
f 1188/790/58 1205/806/58 1206/805/58
f 1204/877/58 1202/772/58 1203/804/58
f 1181/770/58 1180/771/58 1202/772/58
f 1187/800/58 1178/801/58 1201/802/58
f 1177/786/58 1179/787/58 1184/785/58
f 1198/779/58 1199/780/58 1200/781/58
f 1196/811/58 1197/796/58 1198/779/58
f 1196/811/58 1194/778/58 1195/812/58
f 1193/794/58 1191/793/58 1192/810/58
f 1190/789/58 1188/790/58 1189/791/58
f 1180/771/58 1182/788/58 1186/803/58
f 1187/800/58 1186/803/58 1182/788/58
f 1177/786/58 1184/785/58 1183/762/58
f 1200/781/58 1199/780/58 1214/797/58
f 1182/788/58 1180/771/58 1181/770/58
f 1223/813/58 1221/784/58 1222/814/58
f 1185/763/58 1183/762/58 1184/785/58
f 1268/878/121 1269/743/117 1271/833/121
f 1270/879/123 1271/833/121 1273/831/123
f 1272/880/124 1273/831/123 1275/829/124
f 1274/881/1 1275/829/124 1277/749/1
f 1276/882/151 1277/749/1 1279/826/151
f 1278/883/149 1279/826/151 1281/824/149
f 1280/884/232 1281/824/149 1283/822/232
f 1282/885/146 1283/822/232 1285/755/146
f 1284/886/148 1285/755/146 1296/818/148
f 1287/859/135 1286/887/244 1288/888/245
f 1266/889/117 1267/836/119 1269/743/117
f 1264/890/119 1265/865/118 1267/836/119
f 1262/891/118 1263/869/120 1265/865/118
f 1260/892/120 1261/737/3 1263/869/120
f 1258/893/3 1259/871/134 1261/737/3
f 1290/861/237 1291/894/14 1293/761/14
f 1256/895/134 1257/896/132 1259/871/134
f 1254/897/132 1255/839/133 1257/896/132
f 1252/898/133 1253/838/128 1255/839/133
f 1250/899/128 1251/841/126 1253/838/128
f 1248/900/126 1249/843/233 1251/841/126
f 1246/901/233 1247/845/131 1249/843/233
f 1244/902/131 1245/847/2 1247/845/131
f 1242/903/2 1243/849/234 1245/847/2
f 1240/904/234 1241/851/139 1243/849/234
f 1238/905/139 1239/853/235 1241/851/139
f 1236/906/235 1237/855/136 1239/853/235
f 1233/907/136 1235/857/236 1237/855/136
f 1292/864/238 1291/894/14 1295/908/238
f 1294/819/147 1295/908/238 1298/909/246
f 1296/818/148 1297/910/247 1284/886/148
f 1297/910/247 1294/819/147 1298/909/246
f 1297/910/247 1296/818/148 1294/819/147
f 1295/908/238 1294/819/147 1292/864/238
f 1291/894/14 1292/864/238 1293/761/14
f 1291/894/14 1290/861/237 1289/911/237
f 1289/911/237 1287/859/135 1288/888/245
f 1235/857/236 1286/887/244 1287/859/135
f 1286/887/244 1235/857/236 1234/912/236
f 1285/755/146 1284/886/148 1282/885/146
f 1283/822/232 1282/885/146 1280/884/232
f 1281/824/149 1280/884/232 1278/883/149
f 1279/826/151 1278/883/149 1276/882/151
f 1277/749/1 1276/882/151 1274/881/1
f 1275/829/124 1274/881/1 1272/880/124
f 1273/831/123 1272/880/124 1270/879/123
f 1271/833/121 1270/879/123 1268/878/121
f 1269/743/117 1268/878/121 1266/889/117
f 1267/836/119 1266/889/117 1264/890/119
f 1265/865/118 1264/890/119 1262/891/118
f 1263/869/120 1262/891/118 1260/892/120
f 1261/737/3 1260/892/120 1258/893/3
f 1259/871/134 1258/893/3 1256/895/134
f 1257/896/132 1256/895/134 1254/897/132
f 1255/839/133 1254/897/132 1252/898/133
f 1253/838/128 1252/898/133 1250/899/128
f 1251/841/126 1250/899/128 1248/900/126
f 1249/843/233 1248/900/126 1246/901/233
f 1247/845/131 1246/901/233 1244/902/131
f 1287/859/135 1289/911/237 1290/861/237
f 1245/847/2 1244/902/131 1242/903/2
f 1243/849/234 1242/903/2 1240/904/234
f 1241/851/139 1240/904/234 1238/905/139
f 1239/853/235 1238/905/139 1236/906/235
f 1237/855/136 1236/906/235 1233/907/136
f 1235/857/236 1233/907/136 1234/912/236
f 1301/913/248 1299/914/249 1300/915/3
f 1304/916/250 1302/917/251 1303/918/252
f 1302/917/251 1304/916/250 1301/913/248
f 1306/919/253 1302/917/251 1305/920/254
f 1306/919/253 1305/920/254 1307/921/255
f 1308/922/256 1307/921/255 1305/920/254
f 1311/923/257 1309/924/258 1310/925/258
f 1309/924/258 1311/923/257 1308/922/256
f 1308/922/256 1311/923/257 1312/926/259
f 1307/921/255 1308/922/256 1312/926/259
f 1302/917/251 1306/919/253 1303/918/252
f 1301/913/248 1304/916/250 1313/927/260
f 1299/914/249 1301/913/248 1313/927/260
f 1316/852/56 1314/928/261 1315/848/58
f 1318/856/262 1317/929/263 1316/852/56
f 1320/860/264 1319/930/265 1318/856/262
f 1322/45/3 1321/931/266 1320/860/264
f 1317/929/263 1323/932/267 1314/928/261
f 1319/930/265 1324/933/268 1317/929/263
f 1321/931/266 1325/934/269 1319/930/265
f 1327/935/270 1326/936/271 1321/931/266
f 1324/933/268 1328/937/272 1323/932/267
f 1325/934/269 1329/938/273 1324/933/268
f 1326/936/271 1330/939/274 1325/934/269
f 1332/940/253 1331/941/275 1326/936/271
f 1334/942/257 1333/943/2 1331/941/275
f 1331/941/275 1335/944/2 1330/939/274
f 1330/939/274 1336/945/2 1329/938/273
f 1329/938/273 1337/946/276 1328/937/272
f 1331/941/275 1332/940/253 1334/942/257
f 1330/939/274 1326/936/271 1331/941/275
f 1329/938/273 1325/934/269 1330/939/274
f 1328/937/272 1324/933/268 1329/938/273
f 1326/936/271 1327/935/270 1332/940/253
f 1325/934/269 1321/931/266 1326/936/271
f 1324/933/268 1319/930/265 1325/934/269
f 1323/932/267 1317/929/263 1324/933/268
f 1321/931/266 1322/45/3 1327/935/270
f 1319/930/265 1320/860/264 1321/931/266
f 1317/929/263 1318/856/262 1319/930/265
f 1314/928/261 1316/852/56 1317/929/263
f 1340/947/277 1338/948/278 1339/949/278
f 1343/950/279 1341/951/280 1342/952/279
f 1342/952/279 1340/947/277 1343/950/279
f 1340/947/277 1342/952/279 1344/953/277
f 1347/954/267 1345/955/281 1346/956/267
f 1346/956/267 1348/957/280 1347/954/267
f 1348/957/280 1346/956/267 1341/951/280
f 1350/958/282 1345/955/281 1349/959/281
f 1353/960/2 1351/961/283 1352/962/2
f 1351/961/283 1354/963/284 1350/958/282
f 1354/963/284 1351/961/283 1355/964/272
f 1351/961/283 1353/960/2 1355/964/272
f 1345/955/281 1350/958/282 1354/963/284
f 1345/955/281 1347/954/267 1349/959/281
f 1341/951/280 1343/950/279 1348/957/280
f 1338/948/278 1340/947/277 1344/953/277
f 1358/389/64 1356/965/285 1357/22/14
f 1360/382/61 1359/966/286 1358/389/64
f 1362/386/60 1361/967/287 1360/382/61
f 1364/385/278 1363/968/288 1362/386/60
f 1359/966/286 1365/969/289 1356/965/285
f 1361/967/287 1366/970/290 1359/966/286
f 1363/968/288 1367/971/291 1361/967/287
f 1369/972/292 1368/973/293 1363/968/288
f 1366/970/290 1370/974/294 1365/969/289
f 1367/971/291 1371/975/295 1366/970/290
f 1368/973/293 1372/976/296 1367/971/291
f 1374/977/267 1373/978/297 1368/973/293
f 1376/979/272 1375/980/2 1373/978/297
f 1373/978/297 1377/981/2 1372/976/296
f 1372/976/296 1378/982/2 1371/975/295
f 1371/975/295 1379/983/2 1370/974/294
f 1373/978/297 1374/977/267 1376/979/272
f 1372/976/296 1368/973/293 1373/978/297
f 1371/975/295 1367/971/291 1372/976/296
f 1370/974/294 1366/970/290 1371/975/295
f 1368/973/293 1369/972/292 1374/977/267
f 1367/971/291 1363/968/288 1368/973/293
f 1366/970/290 1361/967/287 1367/971/291
f 1365/969/289 1359/966/286 1366/970/290
f 1363/968/288 1364/385/278 1369/972/292
f 1361/967/287 1362/386/60 1363/968/288
f 1359/966/286 1360/382/61 1361/967/287
f 1356/965/285 1358/389/64 1359/966/286
f 1382/984/298 1380/985/14 1381/986/14
f 1385/987/299 1383/988/300 1384/989/301
f 1385/987/299 1384/989/301 1382/984/298
f 1387/990/289 1383/988/300 1386/991/302
f 1383/988/300 1387/990/289 1388/992/303
f 1390/993/304 1388/992/303 1389/994/305
f 1393/995/294 1391/996/2 1392/997/306
f 1393/995/294 1392/997/306 1390/993/304
f 1391/996/2 1393/995/294 1394/998/2
f 1388/992/303 1390/993/304 1392/997/306
f 1388/992/303 1387/990/289 1389/994/305
f 1383/988/300 1385/987/299 1386/991/302
f 1380/985/14 1382/984/298 1384/989/301
f 1397/999/307 1395/1000/308 1396/700/3
f 1395/1000/308 1397/999/307 1398/1001/309
f 1400/1002/310 1398/1001/309 1399/1003/311
f 1403/1004/312 1401/1005/313 1402/1006/314
f 1403/1004/312 1402/1006/314 1400/1002/310
f 1405/1007/315 1401/1005/313 1404/1008/316
f 1401/1005/313 1405/1007/315 1406/1009/317
f 1408/693/1 1406/1009/317 1407/1010/318
f 1406/1009/317 1408/693/1 1409/1011/1
f 1406/1009/317 1405/1007/315 1407/1010/318
f 1401/1005/313 1403/1004/312 1404/1008/316
f 1398/1001/309 1400/1002/310 1402/1006/314
f 1398/1001/309 1397/999/307 1399/1003/311
f 1412/1012/319 1410/1013/320 1411/1014/321
f 1414/1015/322 1413/1016/323 1412/1012/319
f 1416/1017/324 1415/1018/325 1414/1015/322
f 1418/1019/315 1417/1020/326 1416/1017/324
f 1413/1016/323 1419/1021/327 1410/1013/320
f 1415/1018/325 1420/1022/328 1413/1016/323
f 1417/1020/326 1421/1023/329 1415/1018/325
f 1423/1024/330 1422/1025/331 1417/1020/326
f 1420/1022/328 1424/385/332 1419/1021/327
f 1421/1023/329 1425/1026/56 1420/1022/328
f 1422/1025/331 1426/588/53 1421/1023/329
f 1428/1027/333 1427/1028/51 1422/1025/331
f 1427/1028/51 1428/1027/333 1429/577/3
f 1426/588/53 1422/1025/331 1427/1028/51
f 1425/1026/56 1421/1023/329 1426/588/53
f 1424/385/332 1420/1022/328 1425/1026/56
f 1422/1025/331 1423/1024/330 1428/1027/333
f 1421/1023/329 1417/1020/326 1422/1025/331
f 1420/1022/328 1415/1018/325 1421/1023/329
f 1419/1021/327 1413/1016/323 1420/1022/328
f 1417/1020/326 1418/1019/315 1423/1024/330
f 1415/1018/325 1416/1017/324 1417/1020/326
f 1413/1016/323 1414/1015/322 1415/1018/325
f 1410/1013/320 1412/1012/319 1413/1016/323
f 1430/1029/1 1418/1019/315 1416/1017/324
f 1431/1030/334 1416/1017/324 1414/1015/322
f 1432/1031/1 1414/1015/322 1412/1012/319
f 1433/1032/1 1412/1012/319 1411/1014/321
f 1436/1033/335 1434/1034/336 1435/1035/335
f 1437/1036/58 1436/1033/335 1435/1035/335
f 1436/1033/335 1437/1036/58 1438/693/58
f 1440/1037/337 1434/1034/336 1439/1038/336
f 1443/1039/320 1441/1040/338 1442/1041/320
f 1442/1041/320 1440/1037/337 1443/1039/320
f 1440/1037/337 1442/1041/320 1444/1042/339
f 1447/1043/321 1445/1044/340 1446/1045/321
f 1446/1045/321 1448/1046/338 1447/1043/321
f 1448/1046/338 1446/1045/321 1441/1040/338
f 1450/685/1 1445/1044/340 1449/1047/340
f 1445/1044/340 1450/685/1 1451/1048/1
f 1445/1044/340 1447/1043/321 1449/1047/340
f 1441/1040/338 1443/1039/320 1448/1046/338
f 1434/1034/336 1440/1037/337 1444/1042/339
f 1434/1034/336 1436/1033/335 1439/1038/336
f 1454/1049/341 1452/1050/342 1453/1051/343
f 1456/1052/344 1455/1053/345 1454/1049/341
f 1458/1054/346 1457/1055/347 1456/1052/344
f 1460/1014/321 1459/1056/348 1458/1054/346
f 1455/1053/345 1461/1057/349 1452/1050/342
f 1457/1055/347 1462/1058/350 1455/1053/345
f 1459/1056/348 1463/1059/351 1457/1055/347
f 1465/1013/320 1464/1060/352 1459/1056/348
f 1462/1058/350 1466/22/14 1461/1057/349
f 1463/1059/351 1467/389/64 1462/1058/350
f 1464/1060/352 1468/382/61 1463/1059/351
f 1470/1021/353 1469/386/60 1464/1060/352
f 1469/386/60 1470/1021/353 1471/385/58
f 1468/382/61 1464/1060/352 1469/386/60
f 1467/389/64 1463/1059/351 1468/382/61
f 1466/22/14 1462/1058/350 1467/389/64
f 1464/1060/352 1465/1013/320 1470/1021/353
f 1463/1059/351 1459/1056/348 1464/1060/352
f 1462/1058/350 1457/1055/347 1463/1059/351
f 1461/1057/349 1455/1053/345 1462/1058/350
f 1459/1056/348 1460/1014/321 1465/1013/320
f 1457/1055/347 1458/1054/346 1459/1056/348
f 1455/1053/345 1456/1052/344 1457/1055/347
f 1452/1050/342 1454/1049/341 1455/1053/345
f 1472/1061/1 1460/1014/321 1458/1054/346
f 1473/1062/1 1458/1054/346 1456/1052/344
f 1474/1063/1 1456/1052/344 1454/1049/341
f 1475/1064/1 1454/1049/341 1453/1051/343
f 1478/1065/354 1476/1066/14 1477/1067/355
f 1478/1065/354 1477/1067/355 1479/1068/356
f 1480/1069/357 1479/1068/356 1477/1067/355
f 1483/1070/358 1481/1071/359 1482/1072/360
f 1481/1071/359 1483/1070/358 1480/1069/357
f 1485/1073/343 1481/1071/359 1484/1074/361
f 1485/1073/343 1484/1074/361 1486/1075/362
f 1487/1076/1 1486/1075/362 1484/1074/361
f 1486/1075/362 1487/1076/1 1488/1077/1
f 1481/1071/359 1485/1073/343 1482/1072/360
f 1480/1069/357 1483/1070/358 1489/1078/363
f 1479/1068/356 1480/1069/357 1489/1078/363
f 1476/1066/14 1478/1065/354 1490/1079/14
usemtl mat2.004
f 945/1080/364 949/1081/365 950/1082/229
f 909/1083/366 911/1084/367 912/1085/368
f 912/1085/368 914/1086/217 916/1087/217
f 915/1088/369 917/1089/370 920/1090/371
f 918/1091/372 919/1092/373 921/1093/374
f 923/1094/220 922/1095/375 925/1096/220
f 924/1097/376 926/1098/377 928/1099/378
f 927/1100/379 929/1101/380 931/1102/379
f 930/22/3 932/1103/381 935/1104/382
f 930/22/3 934/1105/383 936/1106/383
f 936/1106/383 938/1107/384 939/1108/385
f 939/1108/385 941/1109/226 943/1110/226
f 942/1111/386 944/1112/387 947/1113/388
f 945/1080/364 946/1114/334 948/1115/389
f 950/1082/229 949/1081/365 952/1116/229
f 951/1117/390 953/1118/391 955/1119/392
f 954/1120/393 956/1121/394 957/1122/393
f 905/1123/14 958/1124/395 908/1125/14
f 905/1123/14 957/1122/393 958/1124/395
f 957/1122/393 905/1123/14 954/1120/393
f 954/1120/393 955/1119/392 956/1121/394
f 955/1119/392 954/1120/393 951/1117/390
f 951/1117/390 952/1116/229 953/1118/391
f 952/1116/229 951/1117/390 950/1082/229
f 905/1123/14 907/1126/366 909/1083/366
f 907/1126/366 905/1123/14 906/1127/396
f 906/1127/396 905/1123/14 908/1125/14
f 911/1084/367 909/1083/366 910/1128/397
f 910/1128/397 909/1083/366 907/1126/366
f 914/1086/217 912/1085/368 913/1129/398
f 913/1129/398 912/1085/368 911/1084/367
f 917/1089/370 915/1088/369 916/1087/217
f 917/1089/370 916/1087/217 914/1086/217
f 919/1092/373 918/1091/372 915/1088/369
f 919/1092/373 915/1088/369 920/1090/371
f 922/1095/375 918/1091/372 921/1093/374
f 918/1091/372 922/1095/375 923/1094/220
f 925/1096/220 924/1097/376 923/1094/220
f 949/1081/365 945/1080/364 948/1115/389
f 946/1114/334 942/1111/386 947/1113/388
f 946/1114/334 945/1080/364 942/1111/386
f 944/1112/387 943/1110/226 941/1109/226
f 944/1112/387 942/1111/386 943/1110/226
f 940/1130/399 939/1108/385 938/1107/384
f 941/1109/226 939/1108/385 940/1130/399
f 937/1131/224 936/1106/383 934/1105/383
f 938/1107/384 936/1106/383 937/1131/224
f 933/1132/400 930/22/3 935/1104/382
f 934/1105/383 930/22/3 933/1132/400
f 930/22/3 931/1102/379 932/1103/381
f 931/1102/379 930/22/3 927/1100/379
f 927/1100/379 928/1099/378 929/1101/380
f 928/1099/378 927/1100/379 924/1097/376
f 924/1097/376 925/1096/220 926/1098/377
usemtl mat3.004
f 1491/1133/58 1493/1134/58 1494/1135/58
f 1493/1134/58 1491/1133/58 1492/1136/58
f 1491/1133/58 1494/1135/58 1495/1137/58
f 1496/1138/58 1499/1139/58 1500/1140/58
f 1496/1138/58 1498/1141/401 1499/1139/58
f 1498/1141/401 1496/1138/58 1497/1137/401
f 1501/1142/58 1503/1143/58 1504/1144/58
f 1503/1143/58 1501/1142/58 1502/1140/58
f 1501/1142/58 1504/1144/58 1505/1145/58
f 1508/1146/402 1506/1147/58 1507/1148/58
f 1507/1148/58 1506/1147/58 1509/1145/58
f 1506/1147/58 1508/1146/402 1510/1149/403
f 1512/1150/58 1511/1151/58 1514/1149/58
f 1513/1152/58 1511/1151/58 1512/1150/58
f 1511/1151/58 1513/1152/58 1515/1153/58
f 1527/1154/58 1520/1138/58 1526/1155/58
f 1529/1156/58 1519/1133/58 1528/1157/58
f 1532/1158/58 1530/1159/58 1531/1160/58
f 1522/1161/58 1516/1162/58 1533/1163/58
f 1534/1164/58 1516/1162/58 1530/1159/58
f 1536/1165/58 1530/1159/58 1535/1166/58
f 1517/1167/58 1516/1162/58 1537/1168/58
f 1539/1169/58 1524/1170/58 1538/1171/58
f 1520/1138/58 1527/1154/58 1521/1172/58
f 1541/1173/58 1531/1160/58 1540/1174/58
f 1528/1157/58 1519/1133/58 1542/1175/58
f 1530/1159/58 1532/1158/58 1543/1176/58
f 1516/1162/58 1534/1164/58 1533/1163/58
f 1535/1166/58 1530/1159/58 1544/1177/58
f 1546/1178/58 1524/1170/58 1545/1179/58
f 1521/1172/58 1519/1133/58 1520/1138/58
f 1548/1180/58 1520/1138/58 1539/1169/58
f 1538/1171/58 1524/1170/58 1549/1181/58
f 1519/1133/58 1521/1172/58 1525/1182/58
f 1526/1155/58 1520/1138/58 1552/1183/58
f 1540/1174/58 1531/1160/58 1529/1156/58
f 1542/1175/58 1519/1133/58 1553/1184/58
f 1532/1158/58 1531/1160/58 1554/1185/58
f 1556/1186/58 1531/1160/58 1555/1187/58
f 1530/1159/58 1536/1165/58 1534/1164/58
f 1524/1170/58 1518/1188/58 1545/1179/58
f 1520/1138/58 1548/1180/58 1557/1189/58
f 1549/1181/58 1524/1170/58 1558/1190/58
f 1519/1133/58 1525/1182/58 1550/1191/58
f 1519/1133/58 1529/1156/58 1531/1160/58
f 1531/1160/58 1556/1186/58 1554/1185/58
f 1524/1170/58 1546/1178/58 1558/1190/58
f 1524/1170/58 1539/1169/58 1520/1138/58
f 1531/1160/58 1541/1173/58 1555/1187/58
f 1530/1159/58 1543/1176/58 1559/1192/58
f 1520/1138/58 1557/1189/58 1552/1183/58
f 1530/1159/58 1559/1192/58 1544/1177/58
f 1519/1133/58 1551/1193/58 1553/1184/58
f 1516/1162/58 1518/1188/58 1524/1170/58
f 1551/1193/58 1519/1133/58 1550/1191/58
f 1523/1194/58 1516/1162/58 1522/1161/58
f 1518/1188/58 1516/1162/58 1517/1167/58
f 1516/1162/58 1523/1194/58 1547/1195/58
f 1537/1168/58 1516/1162/58 1547/1195/58
f 1561/1196/404 1565/1197/405 1563/1198/404
f 1564/1199/406 1568/1200/407 1566/1201/406
f 1567/1202/408 1571/1203/409 1569/1204/408
f 1570/1205/410 1574/1206/411 1572/1207/410
f 1573/1208/412 1578/1209/413 1575/1210/412
f 1576/1211/414 1580/1212/415 1577/1213/414
f 1579/1214/416 1583/1215/417 1581/1216/416
f 1582/1217/418 1586/1218/419 1584/1219/418
f 1585/1220/420 1590/1221/421 1587/1222/420
f 1588/1223/422 1593/1224/423 1589/1225/424
f 1609/1226/425 1611/1227/426 1606/1228/427
f 1591/1229/428 1596/1230/429 1592/1231/428
f 1594/1232/430 1599/1233/431 1595/1234/430
f 1597/1235/432 1601/1236/433 1598/1237/432
f 1600/1238/434 1605/1239/435 1602/1240/434
f 1603/1241/436 1607/1242/437 1604/1243/438
f 1606/1228/427 1611/1227/426 1608/1244/427
f 1609/1226/425 1613/1245/439 1610/1246/425
f 1612/1247/440 1616/1248/441 1614/1249/442
f 1560/1250/443 1616/1248/441 1612/1247/440
f 1616/1248/441 1560/1250/443 1615/1251/444
f 1613/1245/439 1612/1247/440 1614/1249/442
f 1613/1245/439 1609/1226/425 1612/1247/440
f 1560/1250/443 1562/1252/445 1615/1251/444
f 1611/1227/426 1609/1226/425 1610/1246/425
f 1607/1242/437 1606/1228/427 1608/1244/427
f 1607/1242/437 1603/1241/436 1606/1228/427
f 1603/1241/436 1605/1239/435 1600/1238/434
f 1605/1239/435 1603/1241/436 1604/1243/438
f 1601/1236/433 1600/1238/434 1602/1240/434
f 1601/1236/433 1597/1235/432 1600/1238/434
f 1597/1235/432 1599/1233/431 1594/1232/430
f 1599/1233/431 1597/1235/432 1598/1237/432
f 1594/1232/430 1596/1230/429 1591/1229/428
f 1596/1230/429 1594/1232/430 1595/1234/430
f 1591/1229/428 1593/1224/423 1588/1223/422
f 1593/1224/423 1591/1229/428 1592/1231/428
f 1588/1223/422 1590/1221/421 1585/1220/420
f 1590/1221/421 1588/1223/422 1589/1225/424
f 1586/1218/419 1585/1220/420 1587/1222/420
f 1586/1218/419 1582/1217/418 1585/1220/420
f 1583/1215/417 1582/1217/418 1584/1219/418
f 1583/1215/417 1579/1214/416 1582/1217/418
f 1580/1212/415 1579/1214/416 1581/1216/416
f 1580/1212/415 1576/1211/414 1579/1214/416
f 1576/1211/414 1578/1209/413 1573/1208/412
f 1578/1209/413 1576/1211/414 1577/1213/414
f 1574/1206/411 1573/1208/412 1575/1210/412
f 1574/1206/411 1570/1205/410 1573/1208/412
f 1571/1203/409 1570/1205/410 1572/1207/410
f 1571/1203/409 1567/1202/408 1570/1205/410
f 1568/1200/407 1567/1202/408 1569/1204/408
f 1568/1200/407 1564/1199/406 1567/1202/408
f 1565/1197/405 1564/1199/406 1566/1201/406
f 1565/1197/405 1561/1196/404 1564/1199/406
f 1562/1252/445 1561/1196/404 1563/1198/404
f 1562/1252/445 1560/1250/443 1561/1196/404
f 1629/1253/41 1632/1254/41 1630/1255/41
f 1647/1256/41 1646/1257/41 1645/1258/41
f 1624/1259/41 1652/1260/41 1651/1261/41
f 1627/1262/41 1628/1263/41 1640/1264/41
f 1652/1260/41 1624/1259/41 1623/1265/41
f 1651/1261/41 1650/1266/41 1649/1267/41
f 1641/1268/41 1644/1269/41 1642/1270/41
f 1638/1271/41 1634/1272/41 1633/1273/41
f 1650/1266/41 1651/1261/41 1652/1260/41
f 1649/1267/41 1648/1274/41 1647/1256/41
f 1643/1275/41 1646/1257/41 1644/1269/41
f 1636/1276/41 1642/1270/41 1637/1277/41
f 1640/1264/41 1639/1278/41 1638/1271/41
f 1648/1274/41 1649/1267/41 1650/1266/41
f 1646/1257/41 1647/1256/41 1648/1274/41
f 1646/1257/41 1643/1275/41 1645/1258/41
f 1644/1269/41 1641/1268/41 1643/1275/41
f 1642/1270/41 1636/1276/41 1641/1268/41
f 1635/1279/41 1637/1277/41 1621/1280/41
f 1639/1278/41 1640/1264/41 1628/1263/41
f 1634/1272/41 1638/1271/41 1639/1278/41
f 1633/1273/41 1632/1254/41 1631/1281/41
f 1625/1282/41 1630/1255/41 1626/1283/41
f 1637/1277/41 1635/1279/41 1636/1276/41
f 1619/1284/41 1617/1285/41 1618/1286/41
f 1622/1287/41 1620/1288/41 1621/1280/41
f 1617/1285/41 1623/1265/41 1624/1259/41
f 1626/1283/41 1618/1286/41 1625/1282/41
f 1628/1263/41 1627/1262/41 1622/1287/41
f 1620/1288/41 1622/1287/41 1627/1262/41
f 1618/1286/41 1626/1283/41 1619/1284/41
f 1630/1255/41 1625/1282/41 1629/1253/41
f 1632/1254/41 1629/1253/41 1631/1281/41
f 1632/1254/41 1633/1273/41 1634/1272/41
f 1621/1280/41 1620/1288/41 1635/1279/41
f 1617/1285/41 1619/1284/41 1623/1265/41
f 1656/1289/444 1655/1290/446 1699/1291/443
f 1653/1292/447 1659/1293/448 1654/1294/449
f 1657/1295/450 1662/1296/451 1658/1297/452
f 1665/1298/453 1668/1299/454 1666/1300/455
f 1667/1301/456 1671/1302/457 1669/1303/458
f 1670/1304/459 1674/1305/460 1672/1306/461
f 1673/1307/462 1677/1308/421 1675/1309/463
f 1676/1310/464 1681/1311/465 1678/1312/466
f 1679/1313/467 1684/1314/468 1680/1315/469
f 1682/1316/470 1687/1317/471 1683/1318/472
f 1690/1319/473 1693/1320/474 1691/1321/475
f 1692/1322/476 1696/1323/477 1694/1324/478
f 1695/1325/479 1698/1326/480 1697/1327/481
f 1698/1326/480 1656/1289/444 1699/1291/443
f 1698/1326/480 1695/1325/479 1656/1289/444
f 1696/1323/477 1695/1325/479 1697/1327/481
f 1696/1323/477 1692/1322/476 1695/1325/479
f 1693/1320/474 1692/1322/476 1694/1324/478
f 1693/1320/474 1690/1319/473 1692/1322/476
f 1685/1328/482 1689/1329/483 1686/1330/484
f 1690/1319/473 1688/1331/485 1685/1328/482
f 1688/1331/485 1690/1319/473 1691/1321/475
f 1689/1329/483 1685/1328/482 1688/1331/485
f 1685/1328/482 1687/1317/471 1682/1316/470
f 1687/1317/471 1685/1328/482 1686/1330/484
f 1682/1316/470 1684/1314/468 1679/1313/467
f 1684/1314/468 1682/1316/470 1683/1318/472
f 1679/1313/467 1681/1311/465 1676/1310/464
f 1681/1311/465 1679/1313/467 1680/1315/469
f 1677/1308/421 1676/1310/464 1678/1312/466
f 1677/1308/421 1673/1307/462 1676/1310/464
f 1674/1305/460 1673/1307/462 1675/1309/463
f 1674/1305/460 1670/1304/459 1673/1307/462
f 1671/1302/457 1670/1304/459 1672/1306/461
f 1671/1302/457 1667/1301/456 1670/1304/459
f 1668/1299/454 1667/1301/456 1669/1303/458
f 1668/1299/454 1665/1298/453 1667/1301/456
f 1660/1332/486 1664/1333/487 1661/1334/488
f 1665/1298/453 1663/1335/489 1660/1332/486
f 1663/1335/489 1665/1298/453 1666/1300/455
f 1664/1333/487 1660/1332/486 1663/1335/489
f 1660/1332/486 1662/1296/451 1657/1295/450
f 1662/1296/451 1660/1332/486 1661/1334/488
f 1657/1295/450 1659/1293/448 1653/1292/447
f 1659/1293/448 1657/1295/450 1658/1297/452
f 1653/1292/447 1655/1290/446 1656/1289/444
f 1655/1290/446 1653/1292/447 1654/1294/449
f 1703/1336/490 1704/1337/491 1705/1338/491
f 1700/1339/492 1702/1340/490 1703/1336/490
f 1705/1338/491 1706/1341/493 1707/1342/493
f 1707/1342/493 1708/1343/494 1709/1344/494
f 1709/1344/494 1710/1110/495 1711/1345/495
f 1711/1345/495 1712/1346/496 1713/1347/496
f 1713/1347/496 1714/1348/497 1715/1349/497
f 1715/1349/497 1716/1350/498 1717/1351/498
f 1717/1351/498 1718/1352/499 1719/1353/499
f 1719/1353/499 1720/1094/500 1721/1354/500
f 1721/1354/500 1722/1355/501 1723/1356/501
f 1723/1356/501 1724/1357/502 1725/1358/502
f 1725/1358/502 1726/1359/503 1727/1360/503
f 1727/1360/503 1728/1361/504 1729/1362/505
f 1729/1362/505 1701/1123/492 1700/1339/492
f 1701/1123/492 1729/1362/505 1728/1361/504
f 1728/1361/504 1727/1360/503 1726/1359/503
f 1726/1359/503 1725/1358/502 1724/1357/502
f 1724/1357/502 1723/1356/501 1722/1355/501
f 1722/1355/501 1721/1354/500 1720/1094/500
f 1720/1094/500 1719/1353/499 1718/1352/499
f 1718/1352/499 1717/1351/498 1716/1350/498
f 1716/1350/498 1715/1349/497 1714/1348/497
f 1714/1348/497 1713/1347/496 1712/1346/496
f 1712/1346/496 1711/1345/495 1710/1110/495
f 1710/1110/495 1709/1344/494 1708/1343/494
f 1708/1343/494 1707/1342/493 1706/1341/493
f 1706/1341/493 1705/1338/491 1704/1337/491
f 1704/1337/491 1703/1336/490 1702/1340/490
f 1702/1340/490 1700/1339/492 1701/1123/492
f 1730/1363/41 1738/1364/41 1739/1365/41
f 1730/1363/41 1745/1366/41 1731/1367/41
f 1730/1363/41 1744/1368/41 1745/1366/41
f 1730/1363/41 1743/1369/41 1744/1368/41
f 1730/1363/41 1742/1370/41 1743/1369/41
f 1730/1363/41 1741/1371/41 1742/1370/41
f 1730/1363/41 1740/1372/41 1741/1371/41
f 1730/1363/41 1739/1365/41 1740/1372/41
f 1732/1373/41 1730/1363/41 1731/1367/41
f 1730/1363/41 1737/1374/41 1738/1364/41
f 1730/1363/41 1736/1375/41 1737/1374/41
f 1730/1363/41 1735/1376/41 1736/1375/41
f 1730/1363/41 1734/1377/41 1735/1376/41
f 1730/1363/41 1733/1378/41 1734/1377/41
f 1730/1363/41 1732/1373/41 1733/1378/41
f 1746/1379/41 1748/1380/460 1779/1381/506
f 1747/1382/41 1750/1383/507 1748/1380/460
f 1749/1384/508 1752/1385/509 1750/1383/507
f 1751/1386/41 1754/1387/510 1752/1385/509
f 1753/1388/41 1756/1389/511 1754/1387/510
f 1755/1390/41 1758/1391/512 1756/1389/511
f 1757/1392/513 1760/1393/514 1758/1391/512
f 1759/1394/41 1762/1395/515 1760/1393/514
f 1761/1396/516 1764/1397/480 1762/1395/515
f 1763/1398/516 1766/1399/517 1764/1397/480
f 1765/1400/518 1768/1401/519 1766/1399/517
f 1767/1402/520 1770/1403/521 1768/1401/519
f 1769/1404/520 1772/1405/522 1770/1403/521
f 1771/1406/520 1774/1407/523 1772/1405/522
f 1773/1408/41 1776/1409/524 1774/1407/523
f 1775/1410/41 1778/1411/465 1776/1409/524
f 1777/1412/41 1779/1381/506 1778/1411/465
f 1779/1381/506 1777/1412/41 1746/1379/41
f 1778/1411/465 1775/1410/41 1777/1412/41
f 1776/1409/524 1773/1408/41 1775/1410/41
f 1774/1407/523 1771/1406/520 1773/1408/41
f 1772/1405/522 1769/1404/520 1771/1406/520
f 1770/1403/521 1767/1402/520 1769/1404/520
f 1768/1401/519 1765/1400/518 1767/1402/520
f 1766/1399/517 1763/1398/516 1765/1400/518
f 1764/1397/480 1761/1396/516 1763/1398/516
f 1762/1395/515 1759/1394/41 1761/1396/516
f 1760/1393/514 1757/1392/513 1759/1394/41
f 1758/1391/512 1755/1390/41 1757/1392/513
f 1756/1389/511 1753/1388/41 1755/1390/41
f 1754/1387/510 1751/1386/41 1753/1388/41
f 1752/1385/509 1749/1384/508 1751/1386/41
f 1750/1383/507 1747/1382/41 1749/1384/508
f 1748/1380/460 1746/1379/41 1747/1382/41
f 1847/1413/278 1848/1414/525 1849/1415/58
f 1849/1415/58 1850/1416/526 1851/1417/527
f 1851/1417/527 1852/1418/528 1853/1419/58
f 1853/1419/58 1854/1420/529 1855/1421/527
f 1855/1421/527 1781/577/444 1780/1422/527
f 1781/577/444 1855/1421/527 1854/1420/529
f 1854/1420/529 1853/1419/58 1852/1418/528
f 1852/1418/528 1851/1417/527 1850/1416/526
f 1850/1416/526 1849/1415/58 1848/1414/525
f 1848/1414/525 1847/1413/278 1846/1423/426
f 1846/1423/426 1845/1424/278 1844/1425/530
f 1826/1426/429 1825/1427/332 1824/1428/428
f 1824/1428/428 1823/1429/58 1822/1430/423
f 1822/1430/423 1821/1431/332 1820/1432/531
f 1820/1432/531 1819/1433/332 1818/22/532
f 1818/22/532 1817/1434/58 1816/1435/533
f 1816/1435/533 1815/1436/58 1814/1437/534
f 1814/1437/534 1813/1438/535 1812/1439/536
f 1844/1425/530 1843/1440/278 1842/1441/437
f 1842/1441/437 1841/1442/278 1840/1443/537
f 1840/1443/537 1839/1444/278 1838/1445/538
f 1838/1445/538 1837/1446/278 1836/1447/434
f 1836/1447/434 1835/1448/278 1834/1449/433
f 1834/1449/433 1833/1450/278 1832/1451/539
f 1832/1451/539 1831/1452/58 1830/1453/540
f 1845/1424/278 1846/1423/426 1847/1413/278
f 1843/1440/278 1844/1425/530 1845/1424/278
f 1841/1442/278 1842/1441/437 1843/1440/278
f 1839/1444/278 1840/1443/537 1841/1442/278
f 1837/1446/278 1838/1445/538 1839/1444/278
f 1835/1448/278 1836/1447/434 1837/1446/278
f 1833/1450/278 1834/1449/433 1835/1448/278
f 1831/1452/58 1832/1451/539 1833/1450/278
f 1829/1454/541 1830/1453/540 1831/1452/58
f 1827/1455/332 1828/1456/430 1829/1454/541
f 1825/1427/332 1826/1426/429 1827/1455/332
f 1823/1429/58 1824/1428/428 1825/1427/332
f 1821/1431/332 1822/1430/423 1823/1429/58
f 1819/1433/332 1820/1432/531 1821/1431/332
f 1817/1434/58 1818/22/532 1819/1433/332
f 1815/1436/58 1816/1435/533 1817/1434/58
f 1813/1438/535 1814/1437/534 1815/1436/58
f 1811/1457/58 1812/1439/536 1813/1438/535
f 1809/1458/58 1810/1459/542 1811/1457/58
f 1807/1460/152 1808/1461/543 1809/1458/58
f 1805/1462/152 1806/1463/544 1807/1460/152
f 1803/1464/152 1804/1465/545 1805/1462/152
f 1801/1466/152 1802/1467/546 1803/1464/152
f 1799/1468/152 1800/1469/547 1801/1466/152
f 1797/1470/152 1798/1471/548 1799/1468/152
f 1795/1472/152 1796/1473/549 1797/1470/152
f 1793/1474/152 1794/1475/550 1795/1472/152
f 1791/1476/152 1792/1477/408 1793/1474/152
f 1789/1478/58 1790/1479/551 1791/1476/152
f 1787/1480/58 1788/1481/552 1789/1478/58
f 1785/1482/527 1786/1483/553 1787/1480/58
f 1783/1484/527 1784/1485/554 1785/1482/527
f 1780/1422/527 1782/1486/555 1783/1484/527
f 1828/1456/430 1827/1455/332 1826/1426/429
f 1782/1486/555 1780/1422/527 1781/577/444
f 1784/1485/554 1783/1484/527 1782/1486/555
f 1786/1483/553 1785/1482/527 1784/1485/554
f 1788/1481/552 1787/1480/58 1786/1483/553
f 1790/1479/551 1789/1478/58 1788/1481/552
f 1792/1477/408 1791/1476/152 1790/1479/551
f 1794/1475/550 1793/1474/152 1792/1477/408
f 1796/1473/549 1795/1472/152 1794/1475/550
f 1798/1471/548 1797/1470/152 1796/1473/549
f 1800/1469/547 1799/1468/152 1798/1471/548
f 1802/1467/546 1801/1466/152 1800/1469/547
f 1804/1465/545 1803/1464/152 1802/1467/546
f 1806/1463/544 1805/1462/152 1804/1465/545
f 1808/1461/543 1807/1460/152 1806/1463/544
f 1810/1459/542 1809/1458/58 1808/1461/543
f 1812/1439/536 1811/1457/58 1810/1459/542
f 1830/1453/540 1829/1454/541 1828/1456/430
f 1859/1487/470 1858/1488/470 1860/1489/470
f 1858/1488/470 1856/199/470 1857/45/470
f 1856/199/470 1858/1488/470 1859/1487/470
f 1864/199/421 1863/1488/421 1865/45/421
f 1863/1488/421 1861/1487/421 1862/1489/421
f 1861/1487/421 1863/1488/421 1864/199/421
f 1868/1488/556 1867/199/556 1869/45/556
f 1866/1487/556 1868/1488/556 1870/1489/556
f 1868/1488/556 1866/1487/556 1867/199/556
f 1871/1487/557 1873/1488/557 1875/1489/557
f 1873/1488/557 1872/199/557 1874/45/557
f 1873/1488/557 1871/1487/557 1872/199/557
f 1878/1488/444 1876/199/444 1877/1487/444
f 1876/199/444 1878/1488/444 1880/45/444
f 1878/1488/444 1877/1487/444 1879/1489/444
f 1883/1488/558 1881/1487/558 1882/1489/558
f 1881/1487/558 1883/1488/558 1884/199/558
f 1884/199/558 1883/1488/558 1885/45/558
f 1887/1490/58 1886/1491/58 1889/1153/58
f 1888/1492/559 1886/1491/58 1887/1490/58
f 1886/1491/58 1888/1492/559 1890/1136/559
f 1892/1493/560 1895/1494/561 1893/1495/560
f 1896/1496/562 1898/1497/563 1895/1494/561
f 1897/1498/564 1900/1499/565 1898/1497/563
f 1893/1495/560 1891/45/566 1892/1493/560
f 1901/1500/567 1903/1501/568 1900/1499/565
f 1902/1502/569 1905/1503/570 1903/1501/568
f 1907/1504/571 1906/22/572 1908/1505/571
f 1908/1505/571 1910/1506/573 1907/1504/571
f 1912/1507/574 1911/1508/575 1913/1509/574
f 1913/1509/574 1915/1510/576 1912/1507/574
f 1917/1511/577 1916/1512/578 1918/1513/577
f 1918/1513/577 1920/1514/579 1917/1511/577
f 1919/1515/579 1921/1516/566 1920/1514/579
f 1921/1516/566 1919/1515/579 1891/45/566
f 1920/1514/579 1918/1513/577 1919/1515/579
f 1916/1512/578 1915/1510/576 1914/1517/576
f 1915/1510/576 1916/1512/578 1917/1511/577
f 1915/1510/576 1913/1509/574 1914/1517/576
f 1911/1508/575 1910/1506/573 1909/1518/580
f 1910/1506/573 1911/1508/575 1912/1507/574
f 1910/1506/573 1908/1505/571 1909/1518/580
f 1905/1503/570 1906/22/572 1907/1504/571
f 1906/22/572 1905/1503/570 1904/1519/581
f 1905/1503/570 1902/1502/569 1904/1519/581
f 1901/1500/567 1900/1499/565 1899/1520/565
f 1903/1501/568 1901/1500/567 1902/1502/569
f 1900/1499/565 1897/1498/564 1899/1520/565
f 1896/1496/562 1895/1494/561 1894/1521/561
f 1898/1497/563 1896/1496/562 1897/1498/564
f 1895/1494/561 1892/1493/560 1894/1521/561
f 1891/45/566 1893/1495/560 1921/1516/566
f 1931/1522/582 1926/1523/583 1930/1524/584
f 1936/1525/585 1941/1526/586 1937/1527/587
f 1940/1528/444 1945/1529/588 1942/1530/444
f 1922/1531/421 1924/1532/589 1959/1533/421
f 1926/1523/583 1928/1534/590 1929/1535/591
f 1926/1523/583 1931/1522/582 1927/1536/592
f 1930/1524/584 1934/1537/593 1932/1538/594
f 1946/1539/595 1948/1540/596 1952/1541/597
f 1952/1541/597 1951/1542/598 1946/1539/595
f 1949/1543/599 1955/1544/600 1950/1545/601
f 1956/1546/602 1958/1547/603 1961/1548/604
f 1961/1548/604 1960/1549/605 1956/1546/602
f 1922/1531/421 1960/1549/605 1961/1548/604
f 1960/1549/605 1922/1531/421 1959/1533/421
f 1953/1550/606 1957/1551/607 1954/1552/608
f 1957/1551/607 1953/1550/606 1958/1547/603
f 1958/1547/603 1956/1546/602 1957/1551/607
f 1953/1550/606 1955/1544/600 1949/1543/599
f 1955/1544/600 1953/1550/606 1954/1552/608
f 1949/1543/599 1951/1542/598 1952/1541/597
f 1951/1542/598 1949/1543/599 1950/1545/601
f 1943/1553/609 1947/1554/610 1944/1555/611
f 1947/1554/610 1943/1553/609 1948/1540/596
f 1948/1540/596 1946/1539/595 1947/1554/610
f 1943/1553/609 1945/1529/588 1940/1528/444
f 1945/1529/588 1943/1553/609 1944/1555/611
f 1941/1526/586 1940/1528/444 1942/1530/444
f 1941/1526/586 1936/1525/585 1940/1528/444
f 1935/1556/612 1939/1557/613 1938/1558/614
f 1939/1557/613 1935/1556/612 1933/1559/615
f 1938/1558/614 1936/1525/585 1937/1527/587
f 1934/1537/593 1933/1559/615 1935/1556/612
f 1934/1537/593 1930/1524/584 1933/1559/615
f 1931/1522/582 1930/1524/584 1932/1538/594
f 1925/1560/616 1929/1535/591 1928/1534/590
f 1929/1535/591 1925/1560/616 1923/1561/617
f 1928/1534/590 1926/1523/583 1927/1536/592
f 1936/1525/585 1938/1558/614 1939/1557/613
f 1924/1532/589 1922/1531/421 1923/1561/617
f 1924/1532/589 1923/1561/617 1925/1560/616
f 1964/45/618 1962/1562/618 1963/856/619
f 1963/856/620 1965/1563/620 1966/385/621
f 1966/385/622 1967/1564/622 1968/382/623
f 1968/382/624 1969/1565/624 1970/22/572
f 1970/22/625 1971/1566/625 1972/835/626
f 1972/835/627 1973/1567/627 1974/828/628
f 1974/828/629 1975/1568/629 1976/821/630
f 1976/821/631 1977/1569/631 1964/45/566
f 1978/1133/58 1980/1134/58 1981/1135/58
f 1980/1134/58 1978/1133/58 1979/1136/58
f 1978/1133/58 1981/1135/58 1982/1137/58
f 1983/1138/58 1986/1139/58 1987/1140/58
f 1983/1138/58 1985/1141/527 1986/1139/58
f 1985/1141/527 1983/1138/58 1984/1137/527
f 1988/1142/58 1990/1143/632 1991/1144/58
f 1990/1143/632 1988/1142/58 1989/1140/633
f 1988/1142/58 1991/1144/58 1992/1145/58
f 1995/1146/634 1993/1147/58 1994/1148/58
f 1994/1148/58 1993/1147/58 1996/1145/58
f 1993/1147/58 1995/1146/634 1997/1149/635
f 1999/1150/58 1998/1151/58 2001/1149/58
f 2000/1152/58 1998/1151/58 1999/1150/58
f 1998/1151/58 2000/1152/58 2002/1153/58
f 2014/1154/58 2007/1138/58 2013/1155/58
f 2016/1156/58 2006/1133/58 2015/1157/58
f 2019/1158/58 2017/1159/58 2018/1160/58
f 2009/1161/58 2003/1162/58 2020/1163/58
f 2021/1164/58 2003/1162/58 2017/1159/58
f 2023/1165/58 2017/1159/58 2022/1166/58
f 2004/1167/58 2003/1162/58 2024/1168/58
f 2026/1169/58 2011/1170/58 2025/1171/58
f 2007/1138/58 2014/1154/58 2008/1172/58
f 2028/1173/58 2018/1160/58 2027/1174/58
f 2015/1157/58 2006/1133/58 2029/1175/58
f 2017/1159/58 2019/1158/58 2030/1176/58
f 2003/1162/58 2021/1164/58 2020/1163/58
f 2022/1166/58 2017/1159/58 2031/1177/58
f 2033/1178/58 2011/1170/58 2032/1179/58
f 2008/1172/58 2006/1133/58 2007/1138/58
f 2035/1180/58 2007/1138/58 2026/1169/58
f 2025/1171/58 2011/1170/58 2036/1181/58
f 2006/1133/58 2008/1172/58 2012/1182/58
f 2013/1155/58 2007/1138/58 2039/1183/58
f 2027/1174/58 2018/1160/58 2016/1156/58
f 2029/1175/58 2006/1133/58 2040/1184/58
f 2019/1158/58 2018/1160/58 2041/1185/58
f 2043/1186/58 2018/1160/58 2042/1187/58
f 2017/1159/58 2023/1165/58 2021/1164/58
f 2011/1170/58 2005/1188/58 2032/1179/58
f 2007/1138/58 2035/1180/58 2044/1189/58
f 2036/1181/58 2011/1170/58 2045/1190/58
f 2006/1133/58 2012/1182/58 2037/1191/58
f 2006/1133/58 2016/1156/58 2018/1160/58
f 2018/1160/58 2043/1186/58 2041/1185/58
f 2011/1170/58 2033/1178/58 2045/1190/58
f 2011/1170/58 2026/1169/58 2007/1138/58
f 2018/1160/58 2028/1173/58 2042/1187/58
f 2017/1159/58 2030/1176/58 2046/1192/58
f 2007/1138/58 2044/1189/58 2039/1183/58
f 2017/1159/58 2046/1192/58 2031/1177/58
f 2006/1133/58 2038/1193/58 2040/1184/58
f 2003/1162/58 2005/1188/58 2011/1170/58
f 2038/1193/58 2006/1133/58 2037/1191/58
f 2010/1194/58 2003/1162/58 2009/1161/58
f 2005/1188/58 2003/1162/58 2004/1167/58
f 2003/1162/58 2010/1194/58 2034/1195/58
f 2024/1168/58 2003/1162/58 2034/1195/58
f 2048/1196/404 2052/1197/553 2050/1198/404
f 2051/1199/406 2055/1200/407 2053/1201/406
f 2054/1202/408 2058/1203/409 2056/1204/408
f 2057/1205/410 2061/1206/411 2059/1207/410
f 2060/1208/636 2065/1209/413 2062/1210/412
f 2063/1211/637 2067/1212/638 2064/1213/545
f 2066/1214/416 2070/1215/417 2068/1216/416
f 2069/1217/418 2073/1218/639 2071/1219/418
f 2072/1220/420 2077/1221/532 2074/1222/420
f 2075/1223/422 2080/1224/423 2076/1225/531
f 2096/1226/425 2098/1227/426 2093/1228/427
f 2078/1229/428 2083/1230/429 2079/1231/428
f 2081/1232/640 2086/1233/431 2082/1234/430
f 2084/1235/432 2088/1236/433 2085/1237/432
f 2087/1238/434 2092/1239/435 2089/1240/434
f 2090/1241/537 2094/1242/641 2091/1243/537
f 2093/1228/427 2098/1227/426 2095/1244/427
f 2096/1226/425 2100/1245/439 2097/1246/425
f 2099/1247/440 2103/1248/441 2101/1249/442
f 2047/1250/443 2103/1248/441 2099/1247/440
f 2103/1248/441 2047/1250/443 2102/1251/444
f 2100/1245/439 2099/1247/440 2101/1249/442
f 2100/1245/439 2096/1226/425 2099/1247/440
f 2047/1250/443 2049/1252/445 2102/1251/444
f 2098/1227/426 2096/1226/425 2097/1246/425
f 2094/1242/641 2093/1228/427 2095/1244/427
f 2094/1242/641 2090/1241/537 2093/1228/427
f 2090/1241/537 2092/1239/435 2087/1238/434
f 2092/1239/435 2090/1241/537 2091/1243/537
f 2088/1236/433 2087/1238/434 2089/1240/434
f 2088/1236/433 2084/1235/432 2087/1238/434
f 2084/1235/432 2086/1233/431 2081/1232/640
f 2086/1233/431 2084/1235/432 2085/1237/432
f 2081/1232/640 2083/1230/429 2078/1229/428
f 2083/1230/429 2081/1232/640 2082/1234/430
f 2078/1229/428 2080/1224/423 2075/1223/422
f 2080/1224/423 2078/1229/428 2079/1231/428
f 2075/1223/422 2077/1221/532 2072/1220/420
f 2077/1221/532 2075/1223/422 2076/1225/531
f 2073/1218/639 2072/1220/420 2074/1222/420
f 2073/1218/639 2069/1217/418 2072/1220/420
f 2070/1215/417 2069/1217/418 2071/1219/418
f 2070/1215/417 2066/1214/416 2069/1217/418
f 2067/1212/638 2066/1214/416 2068/1216/416
f 2067/1212/638 2063/1211/637 2066/1214/416
f 2063/1211/637 2065/1209/413 2060/1208/636
f 2065/1209/413 2063/1211/637 2064/1213/545
f 2061/1206/411 2060/1208/636 2062/1210/412
f 2061/1206/411 2057/1205/410 2060/1208/636
f 2058/1203/409 2057/1205/410 2059/1207/410
f 2058/1203/409 2054/1202/408 2057/1205/410
f 2055/1200/407 2054/1202/408 2056/1204/408
f 2055/1200/407 2051/1199/406 2054/1202/408
f 2052/1197/553 2051/1199/406 2053/1201/406
f 2052/1197/553 2048/1196/404 2051/1199/406
f 2049/1252/445 2048/1196/404 2050/1198/404
f 2049/1252/445 2047/1250/443 2048/1196/404
f 2116/1253/41 2119/1254/41 2117/1255/41
f 2134/1256/41 2133/1257/41 2132/1258/41
f 2111/1259/41 2139/1260/41 2138/1261/41
f 2114/1262/41 2115/1263/41 2127/1264/41
f 2139/1260/41 2111/1259/41 2110/1265/41
f 2138/1261/41 2137/1266/41 2136/1267/41
f 2128/1268/41 2131/1269/41 2129/1270/41
f 2125/1271/41 2121/1272/41 2120/1273/41
f 2137/1266/41 2138/1261/41 2139/1260/41
f 2136/1267/41 2135/1274/41 2134/1256/41
f 2130/1275/41 2133/1257/41 2131/1269/41
f 2123/1276/41 2129/1270/41 2124/1277/41
f 2127/1264/41 2126/1278/41 2125/1271/41
f 2135/1274/41 2136/1267/41 2137/1266/41
f 2133/1257/41 2134/1256/41 2135/1274/41
f 2133/1257/41 2130/1275/41 2132/1258/41
f 2131/1269/41 2128/1268/41 2130/1275/41
f 2129/1270/41 2123/1276/41 2128/1268/41
f 2122/1279/41 2124/1277/41 2108/1280/41
f 2126/1278/41 2127/1264/41 2115/1263/41
f 2121/1272/41 2125/1271/41 2126/1278/41
f 2120/1273/41 2119/1254/41 2118/1281/41
f 2112/1282/41 2117/1255/41 2113/1283/41
f 2124/1277/41 2122/1279/41 2123/1276/41
f 2106/1284/41 2104/1285/41 2105/1286/41
f 2109/1287/41 2107/1288/41 2108/1280/41
f 2104/1285/41 2110/1265/41 2111/1259/41
f 2113/1283/41 2105/1286/41 2112/1282/41
f 2115/1263/41 2114/1262/41 2109/1287/41
f 2107/1288/41 2109/1287/41 2114/1262/41
f 2105/1286/41 2113/1283/41 2106/1284/41
f 2117/1255/41 2112/1282/41 2116/1253/41
f 2119/1254/41 2116/1253/41 2118/1281/41
f 2119/1254/41 2120/1273/41 2121/1272/41
f 2108/1280/41 2107/1288/41 2122/1279/41
f 2104/1285/41 2106/1284/41 2110/1265/41
f 2143/1289/443 2142/1290/515 2186/1291/443
f 2140/1292/642 2146/1293/643 2141/1294/449
f 2144/1295/450 2149/1296/451 2145/1297/452
f 2152/1298/644 2155/1299/454 2153/1300/455
f 2154/1301/456 2158/1302/645 2156/1303/458
f 2157/1304/459 2161/1305/646 2159/1306/461
f 2160/1307/462 2164/1308/421 2162/1309/463
f 2163/1310/464 2168/1311/465 2165/1312/466
f 2166/1313/647 2171/1314/648 2167/1315/469
f 2169/1316/470 2174/1317/649 2170/1318/472
f 2177/1319/650 2180/1320/474 2178/1321/475
f 2179/1322/476 2183/1323/651 2181/1324/478
f 2182/1325/479 2185/1326/480 2184/1327/481
f 2185/1326/480 2143/1289/443 2186/1291/443
f 2185/1326/480 2182/1325/479 2143/1289/443
f 2183/1323/651 2182/1325/479 2184/1327/481
f 2183/1323/651 2179/1322/476 2182/1325/479
f 2180/1320/474 2179/1322/476 2181/1324/478
f 2180/1320/474 2177/1319/650 2179/1322/476
f 2172/1328/652 2176/1329/483 2173/1330/653
f 2177/1319/650 2175/1331/654 2172/1328/652
f 2175/1331/654 2177/1319/650 2178/1321/475
f 2176/1329/483 2172/1328/652 2175/1331/654
f 2172/1328/652 2174/1317/649 2169/1316/470
f 2174/1317/649 2172/1328/652 2173/1330/653
f 2169/1316/470 2171/1314/648 2166/1313/647
f 2171/1314/648 2169/1316/470 2170/1318/472
f 2166/1313/647 2168/1311/465 2163/1310/464
f 2168/1311/465 2166/1313/647 2167/1315/469
f 2164/1308/421 2163/1310/464 2165/1312/466
f 2164/1308/421 2160/1307/462 2163/1310/464
f 2161/1305/646 2160/1307/462 2162/1309/463
f 2161/1305/646 2157/1304/459 2160/1307/462
f 2158/1302/645 2157/1304/459 2159/1306/461
f 2158/1302/645 2154/1301/456 2157/1304/459
f 2155/1299/454 2154/1301/456 2156/1303/458
f 2155/1299/454 2152/1298/644 2154/1301/456
f 2147/1332/655 2151/1333/511 2148/1334/488
f 2152/1298/644 2150/1335/510 2147/1332/655
f 2150/1335/510 2152/1298/644 2153/1300/455
f 2151/1333/511 2147/1332/655 2150/1335/510
f 2147/1332/655 2149/1296/451 2144/1295/450
f 2149/1296/451 2147/1332/655 2148/1334/488
f 2144/1295/450 2146/1293/643 2140/1292/642
f 2146/1293/643 2144/1295/450 2145/1297/452
f 2140/1292/642 2142/1290/515 2143/1289/443
f 2142/1290/515 2140/1292/642 2141/1294/449
f 2190/1336/490 2191/1337/491 2192/1338/491
f 2187/1339/492 2189/1340/490 2190/1336/490
f 2192/1338/491 2193/1341/493 2194/1342/493
f 2194/1342/493 2195/1343/494 2196/1344/494
f 2196/1344/494 2197/1110/495 2198/1345/495
f 2198/1345/495 2199/1346/496 2200/1347/496
f 2200/1347/496 2201/1348/497 2202/1349/497
f 2202/1349/497 2203/1350/498 2204/1351/498
f 2204/1351/498 2205/1352/499 2206/1353/499
f 2206/1353/499 2207/1094/500 2208/1354/500
f 2208/1354/500 2209/1355/501 2210/1356/501
f 2210/1356/501 2211/1357/502 2212/1358/502
f 2212/1358/502 2213/1359/503 2214/1360/503
f 2214/1360/503 2215/1361/505 2216/1362/505
f 2216/1362/505 2188/1123/492 2187/1339/492
f 2188/1123/492 2216/1362/505 2215/1361/505
f 2215/1361/505 2214/1360/503 2213/1359/503
f 2213/1359/503 2212/1358/502 2211/1357/502
f 2211/1357/502 2210/1356/501 2209/1355/501
f 2209/1355/501 2208/1354/500 2207/1094/500
f 2207/1094/500 2206/1353/499 2205/1352/499
f 2205/1352/499 2204/1351/498 2203/1350/498
f 2203/1350/498 2202/1349/497 2201/1348/497
f 2201/1348/497 2200/1347/496 2199/1346/496
f 2199/1346/496 2198/1345/495 2197/1110/495
f 2197/1110/495 2196/1344/494 2195/1343/494
f 2195/1343/494 2194/1342/493 2193/1341/493
f 2193/1341/493 2192/1338/491 2191/1337/491
f 2191/1337/491 2190/1336/490 2189/1340/490
f 2189/1340/490 2187/1339/492 2188/1123/492
f 2217/1363/41 2225/1364/41 2226/1365/41
f 2217/1363/41 2232/1366/41 2218/1367/41
f 2217/1363/41 2231/1368/41 2232/1366/41
f 2217/1363/41 2230/1369/41 2231/1368/41
f 2217/1363/41 2229/1370/41 2230/1369/41
f 2217/1363/41 2228/1371/41 2229/1370/41
f 2217/1363/41 2227/1372/41 2228/1371/41
f 2217/1363/41 2226/1365/41 2227/1372/41
f 2219/1373/41 2217/1363/41 2218/1367/41
f 2217/1363/41 2224/1374/41 2225/1364/41
f 2217/1363/41 2223/1375/41 2224/1374/41
f 2217/1363/41 2222/1376/41 2223/1375/41
f 2217/1363/41 2221/1377/41 2222/1376/41
f 2217/1363/41 2220/1378/41 2221/1377/41
f 2217/1363/41 2219/1373/41 2220/1378/41
f 2233/1379/41 2235/1380/460 2266/1381/421
f 2234/1382/41 2237/1383/507 2235/1380/460
f 2236/1384/656 2239/1385/657 2237/1383/507
f 2238/1386/41 2241/1387/510 2239/1385/657
f 2240/1388/41 2243/1389/511 2241/1387/510
f 2242/1390/41 2245/1391/512 2243/1389/511
f 2244/1392/513 2247/1393/448 2245/1391/512
f 2246/1394/508 2249/1395/446 2247/1393/448
f 2248/1396/41 2251/1397/480 2249/1395/446
f 2250/1398/516 2253/1399/517 2251/1397/480
f 2252/1400/41 2255/1401/519 2253/1399/517
f 2254/1402/520 2257/1403/658 2255/1401/519
f 2256/1404/520 2259/1405/522 2257/1403/658
f 2258/1406/520 2261/1407/649 2259/1405/522
f 2260/1408/520 2263/1409/524 2261/1407/649
f 2262/1410/41 2265/1411/465 2263/1409/524
f 2264/1412/41 2266/1381/421 2265/1411/465
f 2266/1381/421 2264/1412/41 2233/1379/41
f 2265/1411/465 2262/1410/41 2264/1412/41
f 2263/1409/524 2260/1408/520 2262/1410/41
f 2261/1407/649 2258/1406/520 2260/1408/520
f 2259/1405/522 2256/1404/520 2258/1406/520
f 2257/1403/658 2254/1402/520 2256/1404/520
f 2255/1401/519 2252/1400/41 2254/1402/520
f 2253/1399/517 2250/1398/516 2252/1400/41
f 2251/1397/480 2248/1396/41 2250/1398/516
f 2249/1395/446 2246/1394/508 2248/1396/41
f 2247/1393/448 2244/1392/513 2246/1394/508
f 2245/1391/512 2242/1390/41 2244/1392/513
f 2243/1389/511 2240/1388/41 2242/1390/41
f 2241/1387/510 2238/1386/41 2240/1388/41
f 2239/1385/657 2236/1384/656 2238/1386/41
f 2237/1383/507 2234/1382/41 2236/1384/656
f 2235/1380/460 2233/1379/41 2234/1382/41
f 2334/1413/278 2335/1414/525 2336/1415/278
f 2336/1415/278 2337/1416/526 2338/1417/527
f 2338/1417/527 2339/1418/528 2340/1419/527
f 2340/1419/527 2341/1420/529 2342/1421/527
f 2342/1421/527 2268/577/444 2267/1422/58
f 2268/577/444 2342/1421/527 2341/1420/529
f 2341/1420/529 2340/1419/527 2339/1418/528
f 2339/1418/528 2338/1417/527 2337/1416/526
f 2337/1416/526 2336/1415/278 2335/1414/525
f 2335/1414/525 2334/1413/278 2333/1423/426
f 2333/1423/426 2332/1424/278 2331/1425/530
f 2313/1426/429 2312/1427/332 2311/1428/428
f 2311/1428/428 2310/1429/332 2309/1430/423
f 2309/1430/423 2308/1431/332 2307/1432/531
f 2307/1432/531 2306/1433/332 2305/22/532
f 2305/22/532 2304/1434/332 2303/1435/659
f 2303/1435/659 2302/1436/332 2301/1437/660
f 2301/1437/660 2300/1438/332 2299/1439/536
f 2331/1425/530 2330/1440/278 2329/1441/437
f 2329/1441/437 2328/1442/278 2327/1443/537
f 2327/1443/537 2326/1444/278 2325/1445/661
f 2325/1445/661 2324/1446/278 2323/1447/434
f 2323/1447/434 2322/1448/278 2321/1449/433
f 2321/1449/433 2320/1450/278 2319/1451/539
f 2319/1451/539 2318/1452/58 2317/1453/540
f 2332/1424/278 2333/1423/426 2334/1413/278
f 2330/1440/278 2331/1425/530 2332/1424/278
f 2328/1442/278 2329/1441/437 2330/1440/278
f 2326/1444/278 2327/1443/537 2328/1442/278
f 2324/1446/278 2325/1445/661 2326/1444/278
f 2322/1448/278 2323/1447/434 2324/1446/278
f 2320/1450/278 2321/1449/433 2322/1448/278
f 2318/1452/58 2319/1451/539 2320/1450/278
f 2316/1454/541 2317/1453/540 2318/1452/58
f 2314/1455/332 2315/1456/430 2316/1454/541
f 2312/1427/332 2313/1426/429 2314/1455/332
f 2310/1429/332 2311/1428/428 2312/1427/332
f 2308/1431/332 2309/1430/423 2310/1429/332
f 2306/1433/332 2307/1432/531 2308/1431/332
f 2304/1434/332 2305/22/532 2306/1433/332
f 2302/1436/332 2303/1435/659 2304/1434/332
f 2300/1438/332 2301/1437/660 2302/1436/332
f 2298/1457/535 2299/1439/536 2300/1438/332
f 2296/1458/662 2297/1459/542 2298/1457/535
f 2294/1460/58 2295/1461/543 2296/1458/662
f 2292/1462/58 2293/1463/544 2294/1460/58
f 2290/1464/58 2291/1465/545 2292/1462/58
f 2288/1466/152 2289/1467/546 2290/1464/58
f 2286/1468/152 2287/1469/547 2288/1466/152
f 2284/1470/58 2285/1471/411 2286/1468/152
f 2282/1472/152 2283/1473/549 2284/1470/58
f 2280/1474/58 2281/1475/550 2282/1472/152
f 2278/1476/152 2279/1477/408 2280/1474/58
f 2276/1478/58 2277/1479/551 2278/1476/152
f 2274/1480/58 2275/1481/552 2276/1478/58
f 2272/1482/527 2273/1483/553 2274/1480/58
f 2270/1484/527 2271/1485/554 2272/1482/527
f 2267/1422/58 2269/1486/555 2270/1484/527
f 2315/1456/430 2314/1455/332 2313/1426/429
f 2269/1486/555 2267/1422/58 2268/577/444
f 2271/1485/554 2270/1484/527 2269/1486/555
f 2273/1483/553 2272/1482/527 2271/1485/554
f 2275/1481/552 2274/1480/58 2273/1483/553
f 2277/1479/551 2276/1478/58 2275/1481/552
f 2279/1477/408 2278/1476/152 2277/1479/551
f 2281/1475/550 2280/1474/58 2279/1477/408
f 2283/1473/549 2282/1472/152 2281/1475/550
f 2285/1471/411 2284/1470/58 2283/1473/549
f 2287/1469/547 2286/1468/152 2285/1471/411
f 2289/1467/546 2288/1466/152 2287/1469/547
f 2291/1465/545 2290/1464/58 2289/1467/546
f 2293/1463/544 2292/1462/58 2291/1465/545
f 2295/1461/543 2294/1460/58 2293/1463/544
f 2297/1459/542 2296/1458/662 2295/1461/543
f 2299/1439/536 2298/1457/535 2297/1459/542
f 2317/1453/540 2316/1454/541 2315/1456/430
f 2346/1487/470 2345/1488/470 2347/1489/470
f 2345/1488/470 2343/199/470 2344/45/470
f 2343/199/470 2345/1488/470 2346/1487/470
f 2351/199/421 2350/1488/421 2352/45/421
f 2350/1488/421 2348/1487/421 2349/1489/421
f 2348/1487/421 2350/1488/421 2351/199/421
f 2355/1488/556 2354/199/556 2356/45/556
f 2353/1487/556 2355/1488/556 2357/1489/556
f 2355/1488/556 2353/1487/556 2354/199/556
f 2358/1487/557 2360/1488/557 2362/1489/557
f 2360/1488/557 2359/199/557 2361/45/557
f 2360/1488/557 2358/1487/557 2359/199/557
f 2365/1488/444 2363/199/444 2364/1487/444
f 2363/199/444 2365/1488/444 2367/45/444
f 2365/1488/444 2364/1487/444 2366/1489/444
f 2370/1488/558 2368/1487/558 2369/1489/558
f 2368/1487/558 2370/1488/558 2371/199/558
f 2371/199/558 2370/1488/558 2372/45/558
f 2374/1490/58 2373/1491/58 2376/1153/58
f 2375/1492/58 2373/1491/58 2374/1490/58
f 2373/1491/58 2375/1492/58 2377/1136/58
f 2379/1493/560 2382/1494/561 2380/1495/560
f 2383/1496/663 2385/1497/563 2382/1494/561
f 2384/1498/564 2387/1499/664 2385/1497/563
f 2380/1495/560 2378/45/566 2379/1493/560
f 2388/1500/567 2390/1501/568 2387/1499/664
f 2389/1502/569 2392/1503/581 2390/1501/568
f 2394/1504/571 2393/22/572 2395/1505/571
f 2395/1505/571 2397/1506/573 2394/1504/571
f 2399/1507/574 2398/1508/575 2400/1509/574
f 2400/1509/574 2402/1510/576 2399/1507/574
f 2404/1511/577 2403/1512/578 2405/1513/665
f 2405/1513/665 2407/1514/579 2404/1511/577
f 2406/1515/579 2408/1516/566 2407/1514/579
f 2408/1516/566 2406/1515/579 2378/45/566
f 2407/1514/579 2405/1513/665 2406/1515/579
f 2403/1512/578 2402/1510/576 2401/1517/576
f 2402/1510/576 2403/1512/578 2404/1511/577
f 2402/1510/576 2400/1509/574 2401/1517/576
f 2398/1508/575 2397/1506/573 2396/1518/580
f 2397/1506/573 2398/1508/575 2399/1507/574
f 2397/1506/573 2395/1505/571 2396/1518/580
f 2392/1503/581 2393/22/572 2394/1504/571
f 2393/22/572 2392/1503/581 2391/1519/581
f 2392/1503/581 2389/1502/569 2391/1519/581
f 2388/1500/567 2387/1499/664 2386/1520/664
f 2390/1501/568 2388/1500/567 2389/1502/569
f 2387/1499/664 2384/1498/564 2386/1520/664
f 2383/1496/663 2382/1494/561 2381/1521/561
f 2385/1497/563 2383/1496/663 2384/1498/564
f 2382/1494/561 2379/1493/560 2381/1521/561
f 2378/45/566 2380/1495/560 2408/1516/566
f 2418/1522/582 2413/1523/583 2417/1524/584
f 2423/1525/585 2428/1526/586 2424/1527/587
f 2427/1528/444 2432/1529/588 2429/1530/443
f 2409/1531/421 2411/1532/666 2446/1533/421
f 2413/1523/583 2415/1534/590 2416/1535/591
f 2413/1523/583 2418/1522/582 2414/1536/667
f 2417/1524/584 2421/1537/593 2419/1538/594
f 2433/1539/595 2435/1540/596 2439/1541/597
f 2439/1541/597 2438/1542/598 2433/1539/595
f 2436/1543/599 2442/1544/600 2437/1545/601
f 2443/1546/668 2445/1547/603 2448/1548/604
f 2448/1548/604 2447/1549/669 2443/1546/668
f 2409/1531/421 2447/1549/669 2448/1548/604
f 2447/1549/669 2409/1531/421 2446/1533/421
f 2440/1550/606 2444/1551/607 2441/1552/608
f 2444/1551/607 2440/1550/606 2445/1547/603
f 2445/1547/603 2443/1546/668 2444/1551/607
f 2440/1550/606 2442/1544/600 2436/1543/599
f 2442/1544/600 2440/1550/606 2441/1552/608
f 2436/1543/599 2438/1542/598 2439/1541/597
f 2438/1542/598 2436/1543/599 2437/1545/601
f 2430/1553/609 2434/1554/610 2431/1555/611
f 2434/1554/610 2430/1553/609 2435/1540/596
f 2435/1540/596 2433/1539/595 2434/1554/610
f 2430/1553/609 2432/1529/588 2427/1528/444
f 2432/1529/588 2430/1553/609 2431/1555/611
f 2428/1526/586 2427/1528/444 2429/1530/443
f 2428/1526/586 2423/1525/585 2427/1528/444
f 2422/1556/670 2426/1557/613 2425/1558/614
f 2426/1557/613 2422/1556/670 2420/1559/615
f 2425/1558/614 2423/1525/585 2424/1527/587
f 2421/1537/593 2420/1559/615 2422/1556/670
f 2421/1537/593 2417/1524/584 2420/1559/615
f 2418/1522/582 2417/1524/584 2419/1538/594
f 2412/1560/671 2416/1535/591 2415/1534/590
f 2416/1535/591 2412/1560/671 2410/1561/617
f 2415/1534/590 2413/1523/583 2414/1536/667
f 2423/1525/585 2425/1558/614 2426/1557/613
f 2411/1532/666 2409/1531/421 2410/1561/617
f 2411/1532/666 2410/1561/617 2412/1560/671
f 2451/45/672 2449/1562/672 2450/856/619
f 2450/856/620 2452/1563/620 2453/385/673
f 2453/385/622 2454/1564/673 2455/382/623
f 2455/382/624 2456/1565/624 2457/22/572
f 2457/22/625 2458/1566/625 2459/835/626
f 2459/835/627 2460/1567/627 2461/828/628
f 2461/828/629 2462/1568/629 2463/821/630
f 2463/821/674 2464/1569/631 2451/45/566
f 2479/1570/58 2472/1571/58 2480/1572/58
f 2466/1573/58 2475/1574/58 2476/1575/58
f 2470/1576/58 2484/1577/58 2483/1578/58
f 2473/1579/58 2481/1580/58 2474/1581/58
f 2470/1576/58 2478/1582/58 2484/1577/58
f 2465/1583/58 2467/1584/58 2477/1585/58
f 2479/1570/58 2481/1580/58 2473/1579/58
f 2471/1586/58 2470/1576/58 2483/1578/58
f 2478/1582/58 2468/1587/58 2482/1588/58
f 2468/1587/58 2469/1589/58 2482/1588/58
f 2473/1579/58 2475/1574/58 2466/1573/58
f 2481/1580/58 2479/1570/58 2480/1572/58
f 2470/1576/58 2472/1571/58 2479/1570/58
f 2478/1582/58 2470/1576/58 2468/1587/58
f 2469/1589/58 2465/1583/58 2477/1585/58
f 2467/1584/58 2466/1573/58 2476/1575/58
f 2475/1574/58 2473/1579/58 2474/1581/58
f 2472/1571/58 2470/1576/58 2471/1586/58
f 2469/1589/58 2468/1587/58 2465/1583/58
f 2467/1584/58 2465/1583/58 2466/1573/58
f 2485/1590/41 2498/1591/41 2486/1592/41
f 2485/1590/41 2497/1593/41 2498/1591/41
f 2485/1590/41 2496/1594/41 2497/1593/41
f 2485/1590/41 2495/1595/41 2496/1594/41
f 2485/1590/41 2494/1596/41 2495/1595/41
f 2485/1590/41 2493/1597/41 2494/1596/41
f 2485/1590/41 2492/1598/41 2493/1597/41
f 2485/1590/41 2491/1599/41 2492/1598/41
f 2485/1590/41 2490/1600/41 2491/1599/41
f 2485/1590/41 2489/1601/41 2490/1600/41
f 2485/1590/41 2488/1602/41 2489/1601/41
f 2485/1590/41 2487/1603/41 2488/1602/41
f 2487/1603/41 2485/1590/41 2486/1592/41
f 2502/1493/675 2503/1604/676 2504/1521/676
f 2504/1521/676 2505/1605/677 2506/1498/677
f 2506/1498/677 2507/1606/678 2508/1520/678
f 2508/1520/678 2509/1607/679 2510/1502/679
f 2510/1502/679 2511/1608/680 2512/1519/681
f 2512/1519/681 2513/1609/682 2514/1505/682
f 2514/1505/682 2515/1610/683 2516/1518/683
f 2516/1518/683 2517/1611/684 2518/1509/684
f 2518/1509/684 2519/1612/685 2520/1517/685
f 2520/1517/685 2521/1613/686 2522/1614/686
f 2522/1614/686 2523/1615/687 2524/1616/687
f 2524/1616/687 2500/1617/688 2499/45/688
f 2500/1617/688 2524/1616/687 2523/1615/687
f 2523/1615/687 2522/1614/686 2521/1613/686
f 2521/1613/686 2520/1517/685 2519/1612/685
f 2519/1612/685 2518/1509/684 2517/1611/684
f 2517/1611/684 2516/1518/683 2515/1610/683
f 2515/1610/683 2514/1505/682 2513/1609/682
f 2513/1609/682 2512/1519/681 2511/1608/680
f 2511/1608/680 2510/1502/679 2509/1607/679
f 2509/1607/679 2508/1520/678 2507/1606/678
f 2507/1606/678 2506/1498/677 2505/1605/677
f 2505/1605/677 2504/1521/676 2503/1604/676
f 2503/1604/676 2502/1493/675 2501/1618/675
f 2501/1618/675 2499/45/688 2500/1617/688
f 2499/45/688 2501/1618/675 2502/1493/675
f 2564/1619/689 2562/1620/690 2560/1621/691
f 2564/1619/689 2563/1622/692 2562/1620/690
f 2559/1623/693 2558/1624/694 2556/1625/695
f 2567/1626/696 2565/1627/697 2566/1628/698
f 2561/1629/699 2559/1623/693 2560/1621/691
f 2555/1630/700 2554/1631/701 2552/1632/702
f 2557/1633/703 2556/1625/695 2558/1624/694
f 2565/1627/697 2567/1626/696 2568/1634/704
f 2566/1628/698 2565/1627/697 2563/1622/692
f 2571/1635/705 2569/1636/706 2570/1637/707
f 2569/1636/706 2571/1635/705 2572/1638/708
f 2572/1638/708 2571/1635/705 2568/1634/704
f 2575/1639/709 2573/1640/710 2574/1641/711
f 2573/1640/710 2575/1639/709 2576/1642/712
f 2576/1642/712 2575/1639/709 2570/1637/707
f 2578/1643/713 2525/1644/714 2577/1645/714
f 2525/1644/714 2578/1643/713 2579/1646/715
f 2579/1646/715 2578/1643/713 2574/1641/711
f 2574/1641/711 2573/1640/710 2579/1646/715
f 2570/1637/707 2569/1636/706 2576/1642/712
f 2568/1634/704 2567/1626/696 2572/1638/708
f 2563/1622/692 2564/1619/689 2566/1628/698
f 2559/1623/693 2561/1629/699 2558/1624/694
f 2555/1630/700 2557/1633/703 2554/1631/701
f 2551/1647/716 2553/1648/717 2548/1649/718
f 2548/1649/718 2547/1650/719 2551/1647/716
f 2546/1651/720 2545/1652/721 2550/1653/722
f 2541/1654/723 2542/1655/724 2543/1656/725
f 2537/1657/726 2538/1658/727 2539/1659/728
f 2533/1660/729 2535/1661/730 2532/1662/731
f 2529/1663/732 2531/1664/733 2528/1665/734
f 2553/1648/717 2552/1632/702 2554/1631/701
f 2561/1629/699 2560/1621/691 2562/1620/690
f 2527/1666/735 2525/1644/714 2526/1667/736
f 2527/1666/735 2526/1667/736 2528/1665/734
f 2531/1664/733 2529/1663/732 2530/1668/737
f 2531/1664/733 2530/1668/737 2532/1662/731
f 2529/1663/732 2528/1665/734 2526/1667/736
f 2535/1661/730 2533/1660/729 2534/1669/738
f 2535/1661/730 2534/1669/738 2536/1670/739
f 2533/1660/729 2532/1662/731 2530/1668/737
f 2538/1658/727 2537/1657/726 2536/1670/739
f 2537/1657/726 2539/1659/728 2540/1671/740
f 2538/1658/727 2536/1670/739 2534/1669/738
f 2542/1655/724 2541/1654/723 2540/1671/740
f 2541/1654/723 2543/1656/725 2544/1672/741
f 2542/1655/724 2540/1671/740 2539/1659/728
f 2545/1652/721 2544/1672/741 2543/1656/725
f 2544/1672/741 2545/1652/721 2546/1651/720
f 2549/1673/742 2547/1650/719 2548/1649/718
f 2547/1650/719 2549/1673/742 2550/1653/722
f 2550/1653/722 2549/1673/742 2546/1651/720
f 2553/1648/717 2551/1647/716 2552/1632/702
f 2557/1633/703 2555/1630/700 2556/1625/695
f 2525/1644/714 2527/1666/735 2577/1645/714
f 2582/1493/743 2580/1674/744 2581/45/744
f 2584/1521/745 2583/1675/743 2582/1493/743
f 2586/1498/746 2585/1676/745 2584/1521/745
f 2588/1520/747 2587/1677/746 2586/1498/746
f 2590/1502/748 2589/1678/747 2588/1520/747
f 2592/1519/749 2591/1679/748 2590/1502/748
f 2595/1680/750 2593/1681/751 2594/1682/751
f 2594/1682/751 2596/1683/752 2592/1519/749
f 2596/1683/752 2594/1682/751 2593/1681/751
f 2598/1684/753 2597/1685/750 2595/1680/750
f 2600/1686/754 2599/1687/753 2598/1684/753
f 2602/1688/755 2601/1689/754 2600/1686/754
f 2604/1513/756 2603/1690/755 2602/1688/755
f 2606/1515/757 2605/1691/756 2604/1513/756
f 2581/45/744 2607/1692/757 2606/1515/757
f 2607/1692/757 2581/45/744 2580/1674/744
f 2605/1691/756 2606/1515/757 2607/1692/757
f 2603/1690/755 2604/1513/756 2605/1691/756
f 2601/1689/754 2602/1688/755 2603/1690/755
f 2599/1687/753 2600/1686/754 2601/1689/754
f 2597/1685/750 2598/1684/753 2599/1687/753
f 2593/1681/751 2595/1680/750 2597/1685/750
f 2591/1679/748 2592/1519/749 2596/1683/752
f 2589/1678/747 2590/1502/748 2591/1679/748
f 2587/1677/746 2588/1520/747 2589/1678/747
f 2585/1676/745 2586/1498/746 2587/1677/746
f 2583/1675/743 2584/1521/745 2585/1676/745
f 2580/1674/744 2582/1493/743 2583/1675/743
f 2608/1488/758 2610/1693/758 2611/45/758
f 2610/1693/758 2608/1488/758 2609/1694/758
f 2612/1488/759 2614/1693/759 2615/1694/759
f 2614/1693/759 2612/1488/759 2613/45/759
f 2616/1488/760 2618/1693/760 2619/45/760
f 2618/1693/760 2616/1488/760 2617/1694/760
f 2620/1488/761 2622/1693/761 2623/45/761
f 2622/1693/761 2620/1488/761 2621/1694/762
f 2626/1693/763 2624/1488/763 2625/45/763
f 2624/1488/763 2626/1693/763 2627/1694/763
f 2628/1488/764 2630/1693/764 2631/1694/764
f 2630/1693/764 2628/1488/764 2629/45/764
f 2635/1583/58 2633/1579/58 2632/1695/58
f 2633/1579/58 2635/1583/58 2636/45/58
f 2632/1695/58 2634/1696/58 2637/1697/58
f 2634/1696/58 2632/1695/58 2633/1579/58
