# Blender 4.5.4 LTS
# www.blender.org
mtllib Body.mtl
o Body
v -0.112550 0.041667 -0.013056
v -0.114250 0.041667 -0.012600
v -0.114250 0.125000 -0.012600
v -0.112550 -0.041667 -0.013056
v -0.114250 -0.041667 -0.012600
v -0.112550 -0.125000 -0.013056
v -0.114250 -0.125000 -0.012600
v -0.111306 0.041667 -0.014300
v -0.112550 0.125000 -0.013056
v -0.111306 -0.041667 -0.014300
v -0.111306 -0.125000 -0.014300
v -0.110850 0.041667 -0.016000
v -0.111306 0.125000 -0.014300
v -0.110850 -0.041667 -0.016000
v -0.110850 -0.125000 -0.016000
v -0.111306 0.041667 -0.017700
v -0.110850 0.125000 -0.016000
v -0.111306 -0.041667 -0.017700
v -0.111306 -0.125000 -0.017700
v -0.112550 0.041667 -0.018944
v -0.111306 0.125000 -0.017700
v -0.112550 -0.041667 -0.018944
v -0.112550 -0.125000 -0.018944
v -0.114250 0.041667 -0.019400
v -0.112550 0.125000 -0.018945
v -0.114250 -0.041667 -0.019400
v -0.114250 -0.125000 -0.019400
v -0.115950 0.041667 -0.018944
v -0.114250 0.125000 -0.019400
v -0.115950 -0.041667 -0.018944
v -0.115950 -0.125000 -0.018944
v -0.117195 0.041667 -0.017700
v -0.115950 0.125000 -0.018945
v -0.117195 -0.041667 -0.017700
v -0.117195 -0.125000 -0.017700
v -0.117650 0.041667 -0.016000
v -0.117195 0.125000 -0.017700
v -0.117650 -0.041667 -0.016000
v -0.117650 -0.125000 -0.016000
v -0.117195 0.041667 -0.014300
v -0.117650 0.125000 -0.016000
v -0.117195 -0.041667 -0.014300
v -0.117195 -0.125000 -0.014300
v -0.115950 0.041667 -0.013056
v -0.117195 0.125000 -0.014300
v -0.115950 -0.041667 -0.013056
v -0.115950 -0.125000 -0.013056
v -0.115950 0.125000 -0.013056
v -0.109550 0.125000 -0.001287
v -0.110150 0.125000 -0.001287
v -0.110150 0.041667 -0.001287
v -0.109550 0.041667 -0.001287
v -0.110150 -0.041667 -0.001287
v -0.109550 -0.041667 -0.001287
v -0.110150 -0.125000 -0.001287
v -0.109550 -0.125000 -0.001287
v -0.110150 0.125000 -0.001287
v -0.110150 0.125000 -0.003000
v -0.110150 0.041667 -0.003000
v -0.110150 0.041667 -0.001287
v -0.110150 -0.041667 -0.003000
v -0.110150 -0.041667 -0.001287
v -0.110150 -0.125000 -0.003000
v -0.110150 -0.125000 -0.001287
v -0.110150 0.125000 -0.003000
v -0.105750 0.125000 -0.003000
v -0.105750 0.041667 -0.003000
v -0.110150 0.041667 -0.003000
v -0.105750 -0.041667 -0.003000
v -0.110150 -0.041667 -0.003000
v -0.105750 -0.125000 -0.003000
v -0.110150 -0.125000 -0.003000
v -0.105750 0.125000 -0.003000
v -0.105750 0.125000 -0.005928
v -0.105750 0.041667 -0.005928
v -0.105750 0.041667 -0.003000
v -0.105750 -0.041667 -0.005928
v -0.105750 -0.041667 -0.003000
v -0.105750 -0.125000 -0.005928
v -0.105750 -0.125000 -0.003000
v -0.105750 0.125000 -0.005928
v -0.110755 0.125000 -0.011123
v -0.110755 0.041667 -0.011123
v -0.105750 0.041667 -0.005928
v -0.110755 -0.041667 -0.011123
v -0.105750 -0.041667 -0.005928
v -0.110755 -0.125000 -0.011123
v -0.105750 -0.125000 -0.005928
v -0.110755 0.041667 -0.011123
v -0.110755 0.125000 -0.011123
v -0.113015 0.125000 -0.010128
v -0.110755 -0.041667 -0.011123
v -0.113015 0.041667 -0.010128
v -0.110755 -0.125000 -0.011123
v -0.113015 -0.041667 -0.010128
v -0.115485 0.125000 -0.010128
v -0.115485 0.041667 -0.010128
v -0.113015 -0.125000 -0.010128
v -0.115485 -0.041667 -0.010128
v -0.117745 0.125000 -0.011123
v -0.117745 0.041667 -0.011123
v -0.115485 -0.125000 -0.010128
v -0.117745 -0.041667 -0.011123
v -0.117745 -0.125000 -0.011123
v -0.117745 0.125000 -0.011123
v -0.122750 0.125000 -0.005928
v -0.122750 0.041667 -0.005928
v -0.117745 0.041667 -0.011123
v -0.122750 -0.041667 -0.005928
v -0.117745 -0.041667 -0.011123
v -0.122750 -0.125000 -0.005928
v -0.117745 -0.125000 -0.011123
v -0.122750 0.125000 -0.005928
v -0.122750 0.125000 -0.003000
v -0.122750 0.041667 -0.003000
v -0.122750 0.041667 -0.005928
v -0.122750 -0.041667 -0.003000
v -0.122750 -0.041667 -0.005928
v -0.122750 -0.125000 -0.003000
v -0.122750 -0.125000 -0.005928
v -0.122750 0.125000 -0.003000
v -0.118350 0.125000 -0.003000
v -0.118350 0.041667 -0.003000
v -0.122750 0.041667 -0.003000
v -0.118350 -0.041667 -0.003000
v -0.122750 -0.041667 -0.003000
v -0.118350 -0.125000 -0.003000
v -0.122750 -0.125000 -0.003000
v -0.118350 0.125000 -0.003000
v -0.118350 0.125000 -0.001287
v -0.118350 0.041667 -0.001287
v -0.118350 0.041667 -0.003000
v -0.118350 -0.041667 -0.001287
v -0.118350 -0.041667 -0.003000
v -0.118350 -0.125000 -0.001287
v -0.118350 -0.125000 -0.003000
v -0.118350 0.125000 -0.001287
v -0.118950 0.125000 -0.001287
v -0.118950 0.041667 -0.001287
v -0.118350 0.041667 -0.001287
v -0.118950 -0.041667 -0.001287
v -0.118350 -0.041667 -0.001287
v -0.118950 -0.125000 -0.001287
v -0.118350 -0.125000 -0.001287
v -0.118950 0.125000 -0.001287
v -0.118950 0.125000 -0.001000
v -0.118950 0.041667 -0.001000
v -0.118950 0.041667 -0.001287
v -0.118950 -0.041667 -0.001000
v -0.118950 -0.041667 -0.001287
v -0.118950 -0.125000 -0.001000
v -0.118950 -0.125000 -0.001287
v -0.118950 0.125000 -0.001000
v -0.129250 0.125000 -0.001000
v -0.129250 0.041667 -0.001000
v -0.118950 0.041667 -0.001000
v -0.129250 -0.041667 -0.001000
v -0.118950 -0.041667 -0.001000
v -0.129250 -0.125000 -0.001000
v -0.118950 -0.125000 -0.001000
v -0.129250 0.125000 -0.001000
v -0.129250 0.125000 -0.011300
v -0.129250 0.041667 -0.011300
v -0.129250 0.041667 -0.001000
v -0.129250 -0.041667 -0.011300
v -0.129250 -0.041667 -0.001000
v -0.129250 -0.125000 -0.011300
v -0.129250 -0.125000 -0.001000
v -0.129250 0.125000 -0.011300
v -0.128895 0.125000 -0.011300
v -0.128895 0.041667 -0.011300
v -0.129250 0.041667 -0.011300
v -0.128895 -0.041667 -0.011300
v -0.129250 -0.041667 -0.011300
v -0.128895 -0.125000 -0.011300
v -0.129250 -0.125000 -0.011300
v -0.128895 0.125000 -0.011300
v -0.128895 0.125000 -0.011900
v -0.128895 0.041667 -0.011900
v -0.128895 0.041667 -0.011300
v -0.128895 -0.041667 -0.011900
v -0.128895 -0.041667 -0.011300
v -0.128895 -0.125000 -0.011900
v -0.128895 -0.125000 -0.011300
v -0.128895 0.125000 -0.011900
v -0.127250 0.125000 -0.011900
v -0.127250 0.041667 -0.011900
v -0.128895 0.041667 -0.011900
v -0.127250 -0.041667 -0.011900
v -0.128895 -0.041667 -0.011900
v -0.127250 -0.125000 -0.011900
v -0.128895 -0.125000 -0.011900
v -0.127250 0.125000 -0.011900
v -0.127250 0.125000 -0.007209
v -0.127250 0.041667 -0.007209
v -0.127250 0.041667 -0.011900
v -0.127250 -0.041667 -0.007209
v -0.127250 -0.041667 -0.011900
v -0.127250 -0.125000 -0.007209
v -0.127250 -0.125000 -0.011900
v -0.127250 0.125000 -0.007209
v -0.124490 0.125000 -0.007209
v -0.124490 0.041667 -0.007209
v -0.127250 0.041667 -0.007209
v -0.124490 -0.041667 -0.007209
v -0.127250 -0.041667 -0.007209
v -0.124490 -0.125000 -0.007209
v -0.127250 -0.125000 -0.007209
v -0.124490 0.125000 -0.007209
v -0.119236 0.125000 -0.012663
v -0.119236 0.041667 -0.012663
v -0.124490 0.041667 -0.007209
v -0.119236 -0.041667 -0.012663
v -0.124490 -0.041667 -0.007209
v -0.119236 -0.125000 -0.012663
v -0.124490 -0.125000 -0.007209
v -0.119236 0.041667 -0.012663
v -0.119236 0.125000 -0.012663
v -0.120134 0.125000 -0.014828
v -0.119236 -0.041667 -0.012663
v -0.120134 0.041667 -0.014828
v -0.119236 -0.125000 -0.012663
v -0.120134 -0.041667 -0.014828
v -0.120134 0.125000 -0.017172
v -0.120134 0.041667 -0.017172
v -0.120134 -0.125000 -0.014828
v -0.120134 -0.041667 -0.017172
v -0.119236 0.125000 -0.019337
v -0.119236 0.041667 -0.019337
v -0.120134 -0.125000 -0.017172
v -0.119236 -0.041667 -0.019337
v -0.119236 -0.125000 -0.019337
v -0.119236 0.125000 -0.019337
v -0.124490 0.125000 -0.024791
v -0.124490 0.041667 -0.024791
v -0.119236 0.041667 -0.019337
v -0.124490 -0.041667 -0.024791
v -0.119236 -0.041667 -0.019337
v -0.124490 -0.125000 -0.024791
v -0.119236 -0.125000 -0.019337
v -0.124490 0.125000 -0.024791
v -0.127250 0.125000 -0.024791
v -0.127250 0.041667 -0.024791
v -0.124490 0.041667 -0.024791
v -0.127250 -0.041667 -0.024791
v -0.124490 -0.041667 -0.024791
v -0.127250 -0.125000 -0.024791
v -0.124490 -0.125000 -0.024791
v -0.127250 0.125000 -0.024791
v -0.127250 0.125000 -0.020100
v -0.127250 0.041667 -0.020100
v -0.127250 0.041667 -0.024791
v -0.127250 -0.041667 -0.020100
v -0.127250 -0.041667 -0.024791
v -0.127250 -0.125000 -0.020100
v -0.127250 -0.125000 -0.024791
v -0.127250 0.125000 -0.020100
v -0.128895 0.125000 -0.020100
v -0.128895 0.041667 -0.020100
v -0.127250 0.041667 -0.020100
v -0.128895 -0.041667 -0.020100
v -0.127250 -0.041667 -0.020100
v -0.128895 -0.125000 -0.020100
v -0.127250 -0.125000 -0.020100
v -0.128895 0.125000 -0.020100
v -0.128895 0.125000 -0.020700
v -0.128895 0.041667 -0.020700
v -0.128895 0.041667 -0.020100
v -0.128895 -0.041667 -0.020700
v -0.128895 -0.041667 -0.020100
v -0.128895 -0.125000 -0.020700
v -0.128895 -0.125000 -0.020100
v -0.128895 0.125000 -0.020700
v -0.129250 0.125000 -0.020700
v -0.129250 0.041667 -0.020700
v -0.128895 0.041667 -0.020700
v -0.129250 -0.041667 -0.020700
v -0.128895 -0.041667 -0.020700
v -0.129250 -0.125000 -0.020700
v -0.128895 -0.125000 -0.020700
v -0.129250 0.125000 -0.020700
v -0.129250 0.125000 -0.031000
v -0.129250 0.041667 -0.031000
v -0.129250 0.041667 -0.020700
v -0.129250 -0.041667 -0.031000
v -0.129250 -0.041667 -0.020700
v -0.129250 -0.125000 -0.031000
v -0.129250 -0.125000 -0.020700
v -0.129250 0.125000 -0.031000
v -0.118950 0.125000 -0.031000
v -0.118950 0.041667 -0.031000
v -0.129250 0.041667 -0.031000
v -0.118950 -0.041667 -0.031000
v -0.129250 -0.041667 -0.031000
v -0.118950 -0.125000 -0.031000
v -0.129250 -0.125000 -0.031000
v -0.118950 0.125000 -0.031000
v -0.118950 0.125000 -0.030713
v -0.118950 0.041667 -0.030713
v -0.118950 0.041667 -0.031000
v -0.118950 -0.041667 -0.030713
v -0.118950 -0.041667 -0.031000
v -0.118950 -0.125000 -0.030713
v -0.118950 -0.125000 -0.031000
v -0.118950 0.125000 -0.030713
v -0.118350 0.125000 -0.030713
v -0.118350 0.041667 -0.030713
v -0.118950 0.041667 -0.030713
v -0.118350 -0.041667 -0.030713
v -0.118950 -0.041667 -0.030713
v -0.118350 -0.125000 -0.030713
v -0.118950 -0.125000 -0.030713
v -0.118350 0.125000 -0.030713
v -0.118350 0.125000 -0.029000
v -0.118350 0.041667 -0.029000
v -0.118350 0.041667 -0.030713
v -0.118350 -0.041667 -0.029000
v -0.118350 -0.041667 -0.030713
v -0.118350 -0.125000 -0.029000
v -0.118350 -0.125000 -0.030713
v -0.118350 0.125000 -0.029000
v -0.122750 0.125000 -0.029000
v -0.122750 0.041667 -0.029000
v -0.118350 0.041667 -0.029000
v -0.122750 -0.041667 -0.029000
v -0.118350 -0.041667 -0.029000
v -0.122750 -0.125000 -0.029000
v -0.118350 -0.125000 -0.029000
v -0.122750 0.125000 -0.029000
v -0.122750 0.125000 -0.026072
v -0.122750 0.041667 -0.026072
v -0.122750 0.041667 -0.029000
v -0.122750 -0.041667 -0.026072
v -0.122750 -0.041667 -0.029000
v -0.122750 -0.125000 -0.026072
v -0.122750 -0.125000 -0.029000
v -0.122750 0.125000 -0.026072
v -0.117745 0.125000 -0.020877
v -0.117745 0.041667 -0.020877
v -0.122750 0.041667 -0.026072
v -0.117745 -0.041667 -0.020877
v -0.122750 -0.041667 -0.026072
v -0.117745 -0.125000 -0.020877
v -0.122750 -0.125000 -0.026072
v -0.117745 0.041667 -0.020877
v -0.117745 0.125000 -0.020877
v -0.115485 0.125000 -0.021872
v -0.117745 -0.041667 -0.020877
v -0.115485 0.041667 -0.021872
v -0.117745 -0.125000 -0.020877
v -0.115485 -0.041667 -0.021872
v -0.113015 0.125000 -0.021872
v -0.113015 0.041667 -0.021872
v -0.115485 -0.125000 -0.021872
v -0.113015 -0.041667 -0.021872
v -0.110755 0.125000 -0.020877
v -0.110755 0.041667 -0.020877
v -0.113015 -0.125000 -0.021872
v -0.110755 -0.041667 -0.020877
v -0.110755 -0.125000 -0.020877
v -0.110755 0.125000 -0.020877
v -0.105750 0.125000 -0.026072
v -0.105750 0.041667 -0.026072
v -0.110755 0.041667 -0.020877
v -0.105750 -0.041667 -0.026072
v -0.110755 -0.041667 -0.020877
v -0.105750 -0.125000 -0.026072
v -0.110755 -0.125000 -0.020877
v -0.105750 0.125000 -0.026072
v -0.105750 0.125000 -0.029000
v -0.105750 0.041667 -0.029000
v -0.105750 0.041667 -0.026072
v -0.105750 -0.041667 -0.029000
v -0.105750 -0.041667 -0.026072
v -0.105750 -0.125000 -0.029000
v -0.105750 -0.125000 -0.026072
v -0.105750 0.125000 -0.029000
v -0.110150 0.125000 -0.029000
v -0.110150 0.041667 -0.029000
v -0.105750 0.041667 -0.029000
v -0.110150 -0.041667 -0.029000
v -0.105750 -0.041667 -0.029000
v -0.110150 -0.125000 -0.029000
v -0.105750 -0.125000 -0.029000
v -0.110150 0.125000 -0.029000
v -0.110150 0.125000 -0.030713
v -0.110150 0.041667 -0.030713
v -0.110150 0.041667 -0.029000
v -0.110150 -0.041667 -0.030713
v -0.110150 -0.041667 -0.029000
v -0.110150 -0.125000 -0.030713
v -0.110150 -0.125000 -0.029000
v -0.110150 0.125000 -0.030713
v -0.109550 0.125000 -0.030713
v -0.109550 0.041667 -0.030713
v -0.110150 0.041667 -0.030713
v -0.109550 -0.041667 -0.030713
v -0.110150 -0.041667 -0.030713
v -0.109550 -0.125000 -0.030713
v -0.110150 -0.125000 -0.030713
v -0.109550 0.125000 -0.030713
v -0.109550 0.125000 -0.031000
v -0.109550 0.041667 -0.031000
v -0.109550 0.041667 -0.030713
v -0.109550 -0.041667 -0.031000
v -0.109550 -0.041667 -0.030713
v -0.109550 -0.125000 -0.031000
v -0.109550 -0.125000 -0.030713
v -0.109550 0.125000 -0.031000
v -0.099250 0.125000 -0.031000
v -0.099250 0.041667 -0.031000
v -0.109550 0.041667 -0.031000
v -0.099250 -0.041667 -0.031000
v -0.109550 -0.041667 -0.031000
v -0.099250 -0.125000 -0.031000
v -0.109550 -0.125000 -0.031000
v -0.099250 0.125000 -0.031000
v -0.099250 0.125000 -0.020700
v -0.099250 0.041667 -0.020700
v -0.099250 0.041667 -0.031000
v -0.099250 -0.041667 -0.020700
v -0.099250 -0.041667 -0.031000
v -0.099250 -0.125000 -0.020700
v -0.099250 -0.125000 -0.031000
v -0.099250 0.125000 -0.020700
v -0.099605 0.125000 -0.020700
v -0.099605 0.041667 -0.020700
v -0.099250 0.041667 -0.020700
v -0.099605 -0.041667 -0.020700
v -0.099250 -0.041667 -0.020700
v -0.099605 -0.125000 -0.020700
v -0.099250 -0.125000 -0.020700
v -0.099605 0.125000 -0.020700
v -0.099605 0.125000 -0.020100
v -0.099605 0.041667 -0.020100
v -0.099605 0.041667 -0.020700
v -0.099605 -0.041667 -0.020100
v -0.099605 -0.041667 -0.020700
v -0.099605 -0.125000 -0.020100
v -0.099605 -0.125000 -0.020700
v -0.099605 0.125000 -0.020100
v -0.101250 0.125000 -0.020100
v -0.101250 0.041667 -0.020100
v -0.099605 0.041667 -0.020100
v -0.101250 -0.041667 -0.020100
v -0.099605 -0.041667 -0.020100
v -0.101250 -0.125000 -0.020100
v -0.099605 -0.125000 -0.020100
v -0.101250 0.125000 -0.020100
v -0.101250 0.125000 -0.024791
v -0.101250 0.041667 -0.024791
v -0.101250 0.041667 -0.020100
v -0.101250 -0.041667 -0.024791
v -0.101250 -0.041667 -0.020100
v -0.101250 -0.125000 -0.024791
v -0.101250 -0.125000 -0.020100
v -0.101250 0.125000 -0.024791
v -0.104010 0.125000 -0.024791
v -0.104010 0.041667 -0.024791
v -0.101250 0.041667 -0.024791
v -0.104010 -0.041667 -0.024791
v -0.101250 -0.041667 -0.024791
v -0.104010 -0.125000 -0.024791
v -0.101250 -0.125000 -0.024791
v -0.104010 0.125000 -0.024791
v -0.109264 0.125000 -0.019337
v -0.109264 0.041667 -0.019337
v -0.104010 0.041667 -0.024791
v -0.109264 -0.041667 -0.019337
v -0.104010 -0.041667 -0.024791
v -0.109264 -0.125000 -0.019337
v -0.104010 -0.125000 -0.024791
v -0.109264 0.041667 -0.019337
v -0.109264 0.125000 -0.019337
v -0.108366 0.125000 -0.017172
v -0.109264 -0.041667 -0.019337
v -0.108366 0.041667 -0.017172
v -0.109264 -0.125000 -0.019337
v -0.108366 -0.041667 -0.017172
v -0.108366 0.125000 -0.014828
v -0.108366 0.041667 -0.014828
v -0.108366 -0.125000 -0.017172
v -0.108366 -0.041667 -0.014828
v -0.109264 0.125000 -0.012663
v -0.109264 0.041667 -0.012663
v -0.108366 -0.125000 -0.014828
v -0.109264 -0.041667 -0.012663
v -0.109264 -0.125000 -0.012663
v -0.109264 0.125000 -0.012663
v -0.104010 0.125000 -0.007209
v -0.104010 0.041667 -0.007209
v -0.109264 0.041667 -0.012663
v -0.104010 -0.041667 -0.007209
v -0.109264 -0.041667 -0.012663
v -0.104010 -0.125000 -0.007209
v -0.109264 -0.125000 -0.012663
v -0.104010 0.125000 -0.007209
v -0.101250 0.125000 -0.007209
v -0.101250 0.041667 -0.007209
v -0.104010 0.041667 -0.007209
v -0.101250 -0.041667 -0.007209
v -0.104010 -0.041667 -0.007209
v -0.101250 -0.125000 -0.007209
v -0.104010 -0.125000 -0.007209
v -0.101250 0.125000 -0.007209
v -0.101250 0.125000 -0.011900
v -0.101250 0.041667 -0.011900
v -0.101250 0.041667 -0.007209
v -0.101250 -0.041667 -0.011900
v -0.101250 -0.041667 -0.007209
v -0.101250 -0.125000 -0.011900
v -0.101250 -0.125000 -0.007209
v -0.101250 0.125000 -0.011900
v -0.099605 0.125000 -0.011900
v -0.099605 0.041667 -0.011900
v -0.101250 0.041667 -0.011900
v -0.099605 -0.041667 -0.011900
v -0.101250 -0.041667 -0.011900
v -0.099605 -0.125000 -0.011900
v -0.101250 -0.125000 -0.011900
v -0.099605 0.125000 -0.011900
v -0.099605 0.125000 -0.011300
v -0.099605 0.041667 -0.011300
v -0.099605 0.041667 -0.011900
v -0.099605 -0.041667 -0.011300
v -0.099605 -0.041667 -0.011900
v -0.099605 -0.125000 -0.011300
v -0.099605 -0.125000 -0.011900
v -0.099605 0.125000 -0.011300
v -0.099250 0.125000 -0.011300
v -0.099250 0.041667 -0.011300
v -0.099605 0.041667 -0.011300
v -0.099250 -0.041667 -0.011300
v -0.099605 -0.041667 -0.011300
v -0.099250 -0.125000 -0.011300
v -0.099605 -0.125000 -0.011300
v -0.099250 0.125000 -0.011300
v -0.099250 0.125000 -0.001000
v -0.099250 0.041667 -0.001000
v -0.099250 0.041667 -0.011300
v -0.099250 -0.041667 -0.001000
v -0.099250 -0.041667 -0.011300
v -0.099250 -0.125000 -0.001000
v -0.099250 -0.125000 -0.011300
v -0.099250 0.125000 -0.001000
v -0.109550 0.125000 -0.001000
v -0.109550 0.041667 -0.001000
v -0.099250 0.041667 -0.001000
v -0.109550 -0.041667 -0.001000
v -0.099250 -0.041667 -0.001000
v -0.109550 -0.125000 -0.001000
v -0.099250 -0.125000 -0.001000
v -0.109550 0.125000 -0.001000
v -0.109550 0.125000 -0.001287
v -0.109550 0.041667 -0.001287
v -0.109550 0.041667 -0.001000
v -0.109550 -0.041667 -0.001287
v -0.109550 -0.041667 -0.001000
v -0.109550 -0.125000 -0.001287
v -0.109550 -0.125000 -0.001000
v -0.115485 -0.125000 -0.021872
v -0.114250 -0.125000 -0.019400
v -0.115950 -0.125000 -0.018944
v -0.114250 -0.125000 -0.012600
v -0.110755 -0.125000 -0.011123
v -0.113015 -0.125000 -0.010128
v -0.115485 -0.125000 -0.010128
v -0.117745 -0.125000 -0.011123
v -0.115950 -0.125000 -0.013056
v -0.117745 -0.125000 -0.020877
v -0.113015 -0.125000 -0.021872
v -0.110755 -0.125000 -0.020877
v -0.112550 -0.125000 -0.018944
v -0.117195 -0.125000 -0.017700
v -0.117650 -0.125000 -0.016000
v -0.111306 -0.125000 -0.017700
v -0.117195 -0.125000 -0.014300
v -0.109264 -0.125000 -0.012663
v -0.110850 -0.125000 -0.016000
v -0.112550 -0.125000 -0.013056
v -0.111306 -0.125000 -0.014300
v -0.104010 -0.125000 -0.007209
v -0.105750 -0.125000 -0.005928
v -0.119236 -0.125000 -0.012663
v -0.122750 -0.125000 -0.005928
v -0.109264 -0.125000 -0.019337
v -0.105750 -0.125000 -0.026072
v -0.124490 -0.125000 -0.007209
v -0.099250 -0.125000 -0.001000
v -0.105750 -0.125000 -0.003000
v -0.119236 -0.125000 -0.019337
v -0.124490 -0.125000 -0.024791
v -0.122750 -0.125000 -0.026072
v -0.108366 -0.125000 -0.017172
v -0.104010 -0.125000 -0.024791
v -0.099250 -0.125000 -0.031000
v -0.101250 -0.125000 -0.024791
v -0.129250 -0.125000 -0.001000
v -0.127250 -0.125000 -0.007209
v -0.109550 -0.125000 -0.001000
v -0.109550 -0.125000 -0.001287
v -0.129250 -0.125000 -0.031000
v -0.122750 -0.125000 -0.029000
v -0.105750 -0.125000 -0.029000
v -0.122750 -0.125000 -0.003000
v -0.118950 -0.125000 -0.031000
v -0.118950 -0.125000 -0.030713
v -0.120134 -0.125000 -0.014828
v -0.101250 -0.125000 -0.007209
v -0.120134 -0.125000 -0.017172
v -0.099250 -0.125000 -0.011300
v -0.101250 -0.125000 -0.011900
v -0.099605 -0.125000 -0.011900
v -0.099605 -0.125000 -0.011300
v -0.127250 -0.125000 -0.024791
v -0.099250 -0.125000 -0.020700
v -0.099605 -0.125000 -0.020700
v -0.108366 -0.125000 -0.014828
v -0.109550 -0.125000 -0.031000
v -0.110150 -0.125000 -0.029000
v -0.110150 -0.125000 -0.030713
v -0.109550 -0.125000 -0.030713
v -0.101250 -0.125000 -0.020100
v -0.129250 -0.125000 -0.020700
v -0.127250 -0.125000 -0.020100
v -0.128895 -0.125000 -0.020100
v -0.128895 -0.125000 -0.020700
v -0.118350 -0.125000 -0.029000
v -0.099605 -0.125000 -0.020100
v -0.129250 -0.125000 -0.011300
v -0.128895 -0.125000 -0.011300
v -0.118350 -0.125000 -0.030713
v -0.118950 -0.125000 -0.001000
v -0.118350 -0.125000 -0.003000
v -0.118350 -0.125000 -0.001287
v -0.118950 -0.125000 -0.001287
v -0.127250 -0.125000 -0.011900
v -0.110150 -0.125000 -0.003000
v -0.128895 -0.125000 -0.011900
v -0.110150 -0.125000 -0.001287
v -0.115485 0.125000 -0.021872
v -0.117745 0.125000 -0.020877
v -0.115950 0.125000 -0.018945
v -0.117745 0.125000 -0.011123
v -0.117650 0.125000 -0.016000
v -0.117195 0.125000 -0.017700
v -0.117195 0.125000 -0.014300
v -0.115485 0.125000 -0.010128
v -0.114250 0.125000 -0.012600
v -0.115950 0.125000 -0.013056
v -0.113015 0.125000 -0.010128
v -0.110755 0.125000 -0.011123
v -0.112550 0.125000 -0.013056
v -0.113015 0.125000 -0.021872
v -0.114250 0.125000 -0.019400
v -0.112550 0.125000 -0.018945
v -0.119236 0.125000 -0.019337
v -0.122750 0.125000 -0.026072
v -0.110755 0.125000 -0.020877
v -0.110850 0.125000 -0.016000
v -0.109264 0.125000 -0.019337
v -0.104010 0.125000 -0.024791
v -0.105750 0.125000 -0.026072
v -0.109264 0.125000 -0.012663
v -0.105750 0.125000 -0.005928
v -0.124490 0.125000 -0.024791
v -0.111306 0.125000 -0.014300
v -0.104010 0.125000 -0.007209
v -0.099250 0.125000 -0.001000
v -0.101250 0.125000 -0.007209
v -0.129250 0.125000 -0.031000
v -0.127250 0.125000 -0.024791
v -0.111306 0.125000 -0.017700
v -0.099250 0.125000 -0.031000
v -0.105750 0.125000 -0.029000
v -0.119236 0.125000 -0.012663
v -0.124490 0.125000 -0.007209
v -0.122750 0.125000 -0.005928
v -0.108366 0.125000 -0.014828
v -0.108366 0.125000 -0.017172
v -0.109550 0.125000 -0.001000
v -0.105750 0.125000 -0.003000
v -0.122750 0.125000 -0.029000
v -0.109550 0.125000 -0.031000
v -0.109550 0.125000 -0.030713
v -0.129250 0.125000 -0.001000
v -0.122750 0.125000 -0.003000
v -0.118950 0.125000 -0.001000
v -0.118950 0.125000 -0.001287
v -0.120134 0.125000 -0.017172
v -0.120134 0.125000 -0.014828
v -0.109550 0.125000 -0.001287
v -0.101250 0.125000 -0.024791
v -0.129250 0.125000 -0.011300
v -0.127250 0.125000 -0.007209
v -0.127250 0.125000 -0.011900
v -0.128895 0.125000 -0.011900
v -0.128895 0.125000 -0.011300
v -0.118350 0.125000 -0.003000
v -0.129250 0.125000 -0.020700
v -0.128895 0.125000 -0.020700
v -0.118350 0.125000 -0.001287
v -0.118950 0.125000 -0.031000
v -0.118350 0.125000 -0.029000
v -0.118350 0.125000 -0.030713
v -0.118950 0.125000 -0.030713
v -0.127250 0.125000 -0.020100
v -0.099250 0.125000 -0.020700
v -0.101250 0.125000 -0.020100
v -0.099605 0.125000 -0.020100
v -0.099605 0.125000 -0.020700
v -0.110150 0.125000 -0.029000
v -0.128895 0.125000 -0.020100
v -0.099605 0.125000 -0.011300
v -0.101250 0.125000 -0.011900
v -0.110150 0.125000 -0.030713
v -0.099605 0.125000 -0.011900
v -0.099250 0.125000 -0.011300
v -0.110150 0.125000 -0.003000
v -0.110150 0.125000 -0.001287
v 0.025470 -0.137037 0.020736
v 0.025927 -0.137147 0.020694
v 0.025926 -0.137150 0.023709
v 0.025000 -0.137000 0.023750
v 0.025000 -0.137000 0.020750
v 0.025888 -0.137134 0.023713
v 0.026364 -0.137328 0.020629
v 0.026763 -0.137573 0.023604
v 0.026362 -0.137327 0.023663
v 0.027427 -0.138237 0.023472
v 0.026763 -0.137573 0.020547
v 0.027853 -0.139073 0.023364
v 0.027639 -0.138573 0.023421
v 0.027427 -0.138237 0.020360
v 0.027673 -0.138638 0.020274
v 0.027853 -0.139073 0.020206
v 0.027963 -0.139532 0.023334
v 0.028000 -0.140000 0.023323
v 0.027963 -0.139532 0.020161
v 0.028000 -0.140000 0.020146
v 0.027963 -0.140472 0.020161
v 0.027963 -0.140472 0.023334
v 0.027853 -0.140927 0.020206
v 0.027853 -0.140927 0.023364
v 0.027672 -0.141364 0.020275
v 0.027427 -0.141763 0.020360
v 0.027427 -0.141763 0.023472
v 0.027639 -0.141427 0.023421
v 0.026763 -0.142427 0.020547
v 0.026362 -0.142673 0.020629
v 0.025927 -0.142853 0.020694
v 0.026361 -0.142673 0.023663
v 0.025927 -0.142853 0.023710
v 0.026763 -0.142427 0.023604
v 0.025000 -0.143000 0.023750
v 0.025888 -0.142866 0.023713
v 0.025469 -0.142963 0.020736
v 0.024530 -0.142963 0.020736
v 0.024073 -0.142853 0.020694
v 0.024074 -0.142850 0.023709
v 0.025000 -0.143000 0.020750
v 0.024112 -0.142866 0.023713
v 0.023637 -0.142672 0.020629
v 0.023237 -0.142427 0.023604
v 0.023638 -0.142673 0.023663
v 0.022573 -0.141763 0.023472
v 0.023237 -0.142427 0.020547
v 0.022147 -0.140927 0.023364
v 0.022361 -0.141427 0.023421
v 0.022573 -0.141763 0.020360
v 0.022328 -0.141364 0.020275
v 0.022147 -0.140927 0.020206
v 0.022037 -0.140471 0.023334
v 0.022000 -0.140000 0.023323
v 0.022037 -0.140472 0.020161
v 0.022000 -0.140000 0.020146
v 0.022037 -0.139532 0.020161
v 0.022037 -0.139532 0.023334
v 0.022147 -0.139073 0.020206
v 0.022147 -0.139073 0.023364
v 0.022327 -0.138638 0.020274
v 0.022573 -0.138237 0.020360
v 0.022573 -0.138237 0.023472
v 0.022361 -0.138573 0.023421
v 0.023237 -0.137573 0.020547
v 0.023635 -0.137328 0.020629
v 0.024073 -0.137147 0.020694
v 0.023637 -0.137328 0.023663
v 0.024073 -0.137147 0.023710
v 0.023237 -0.137573 0.023604
v 0.024112 -0.137134 0.023713
v 0.024529 -0.137037 0.020736
v 0.042875 -0.136975 0.003000
v 0.041940 -0.137123 0.003000
v 0.041948 -0.137147 0.002975
v 0.041097 -0.137553 0.003000
v 0.041112 -0.137573 0.002975
v 0.040428 -0.138222 0.003000
v 0.040448 -0.138237 0.002975
v 0.039998 -0.139065 0.003000
v 0.040022 -0.139073 0.002975
v 0.039850 -0.140000 0.003000
v 0.039875 -0.140000 0.002975
v 0.039998 -0.140935 0.003000
v 0.040022 -0.140927 0.002975
v 0.040428 -0.141778 0.003000
v 0.040448 -0.141763 0.002975
v 0.041097 -0.142447 0.003000
v 0.041112 -0.142427 0.002975
v 0.041940 -0.142877 0.003000
v 0.041948 -0.142853 0.002975
v 0.042875 -0.143025 0.003000
v 0.042875 -0.143000 0.002975
v 0.043810 -0.142877 0.003000
v 0.043802 -0.142853 0.002975
v 0.044653 -0.142447 0.003000
v 0.044638 -0.142427 0.002975
v 0.045322 -0.141778 0.003000
v 0.045302 -0.141763 0.002975
v 0.045752 -0.140935 0.003000
v 0.045728 -0.140927 0.002975
v 0.045900 -0.140000 0.003000
v 0.045875 -0.140000 0.002975
v 0.045752 -0.139065 0.003000
v 0.045728 -0.139073 0.002975
v 0.045322 -0.138222 0.003000
v 0.045302 -0.138237 0.002975
v 0.044653 -0.137553 0.003000
v 0.044638 -0.137573 0.002975
v 0.043810 -0.137123 0.003000
v 0.043802 -0.137147 0.002975
v 0.042875 -0.137000 0.002975
v 0.043802 -0.137147 0.002975
v 0.042875 -0.137000 0.002975
v 0.042875 -0.137000 0.000000
v 0.044638 -0.137573 0.002975
v 0.043802 -0.137147 0.000000
v 0.045302 -0.138237 0.002975
v 0.044638 -0.137573 0.000000
v 0.045728 -0.139073 0.002975
v 0.045302 -0.138237 0.000000
v 0.045875 -0.140000 0.002975
v 0.045728 -0.139073 0.000000
v 0.045728 -0.140927 0.002975
v 0.045875 -0.140000 0.000000
v 0.045302 -0.141763 0.002975
v 0.045728 -0.140927 0.000000
v 0.044638 -0.142427 0.002975
v 0.045302 -0.141763 0.000000
v 0.043802 -0.142853 0.002975
v 0.044638 -0.142427 0.000000
v 0.042875 -0.143000 0.002975
v 0.043802 -0.142853 0.000000
v 0.041948 -0.142853 0.002975
v 0.042875 -0.143000 0.000000
v 0.041112 -0.142427 0.002975
v 0.041948 -0.142853 0.000000
v 0.040448 -0.141763 0.002975
v 0.041112 -0.142427 0.000000
v 0.040022 -0.140927 0.002975
v 0.040448 -0.141763 0.000000
v 0.039875 -0.140000 0.002975
v 0.040022 -0.140927 0.000000
v 0.040022 -0.139073 0.002975
v 0.039875 -0.140000 0.000000
v 0.040448 -0.138237 0.002975
v 0.040022 -0.139073 0.000000
v 0.041112 -0.137573 0.002975
v 0.040448 -0.138237 0.000000
v 0.041948 -0.137147 0.002975
v 0.041112 -0.137573 0.000000
v 0.041948 -0.137147 0.000000
v 0.007125 -0.136975 0.003000
v 0.006190 -0.137123 0.003000
v 0.006198 -0.137147 0.002975
v 0.005347 -0.137553 0.003000
v 0.005362 -0.137573 0.002975
v 0.004678 -0.138222 0.003000
v 0.004698 -0.138237 0.002975
v 0.004248 -0.139065 0.003000
v 0.004272 -0.139073 0.002975
v 0.004100 -0.140000 0.003000
v 0.004125 -0.140000 0.002975
v 0.004248 -0.140935 0.003000
v 0.004272 -0.140927 0.002975
v 0.004678 -0.141778 0.003000
v 0.004698 -0.141763 0.002975
v 0.005347 -0.142447 0.003000
v 0.005362 -0.142427 0.002975
v 0.006190 -0.142877 0.003000
v 0.006198 -0.142853 0.002975
v 0.007125 -0.143025 0.003000
v 0.007125 -0.143000 0.002975
v 0.008060 -0.142877 0.003000
v 0.008052 -0.142853 0.002975
v 0.008903 -0.142447 0.003000
v 0.008888 -0.142427 0.002975
v 0.009572 -0.141778 0.003000
v 0.009552 -0.141763 0.002975
v 0.010002 -0.140935 0.003000
v 0.009978 -0.140927 0.002975
v 0.010150 -0.140000 0.003000
v 0.010125 -0.140000 0.002975
v 0.010002 -0.139065 0.003000
v 0.009978 -0.139073 0.002975
v 0.009572 -0.138222 0.003000
v 0.009552 -0.138237 0.002975
v 0.008903 -0.137553 0.003000
v 0.008888 -0.137573 0.002975
v 0.008060 -0.137123 0.003000
v 0.008052 -0.137147 0.002975
v 0.007125 -0.137000 0.002975
v 0.008052 -0.137147 0.002975
v 0.007125 -0.137000 0.002975
v 0.007125 -0.137000 0.000000
v 0.008888 -0.137573 0.002975
v 0.008052 -0.137147 0.000000
v 0.009552 -0.138237 0.002975
v 0.008888 -0.137573 0.000000
v 0.009978 -0.139073 0.002975
v 0.009552 -0.138237 0.000000
v 0.010125 -0.140000 0.002975
v 0.009978 -0.139073 0.000000
v 0.009978 -0.140927 0.002975
v 0.010125 -0.140000 0.000000
v 0.009552 -0.141763 0.002975
v 0.009978 -0.140927 0.000000
v 0.008888 -0.142427 0.002975
v 0.009552 -0.141763 0.000000
v 0.008052 -0.142853 0.002975
v 0.008888 -0.142427 0.000000
v 0.007125 -0.143000 0.002975
v 0.008052 -0.142853 0.000000
v 0.006198 -0.142853 0.002975
v 0.007125 -0.143000 0.000000
v 0.005362 -0.142427 0.002975
v 0.006198 -0.142853 0.000000
v 0.004698 -0.141763 0.002975
v 0.005362 -0.142427 0.000000
v 0.004272 -0.140927 0.002975
v 0.004698 -0.141763 0.000000
v 0.004125 -0.140000 0.002975
v 0.004272 -0.140927 0.000000
v 0.004272 -0.139073 0.002975
v 0.004125 -0.140000 0.000000
v 0.004698 -0.138237 0.002975
v 0.004272 -0.139073 0.000000
v 0.005362 -0.137573 0.002975
v 0.004698 -0.138237 0.000000
v 0.006198 -0.137147 0.002975
v 0.005362 -0.137573 0.000000
v 0.006198 -0.137147 0.000000
v 0.036250 -0.155000 0.003134
v 0.036750 -0.155000 0.003000
v 0.036750 -0.125000 0.003000
v 0.035884 -0.155000 0.003500
v 0.036250 -0.125000 0.003134
v 0.035750 -0.155000 0.004000
v 0.035884 -0.125000 0.003500
v 0.035750 -0.125000 0.004000
v 0.013750 -0.125000 0.003134
v 0.013250 -0.125000 0.003000
v 0.013250 -0.155000 0.003000
v 0.014116 -0.125000 0.003500
v 0.013750 -0.155000 0.003134
v 0.014250 -0.125000 0.004000
v 0.014116 -0.155000 0.003500
v 0.014250 -0.155000 0.004000
v -0.000000 -0.126000 0.000000
v -0.000000 -0.126000 0.003000
v 0.000134 -0.125500 0.003000
v 0.000134 -0.125500 0.000000
v 0.000500 -0.125134 0.003000
v 0.000500 -0.125134 0.000000
v 0.001000 -0.125000 0.003000
v 0.001000 -0.125000 0.000000
v -0.000000 -0.154000 0.003000
v -0.000000 -0.154000 0.000000
v 0.000134 -0.154500 0.000000
v 0.000134 -0.154500 0.003000
v 0.000500 -0.154866 0.000000
v 0.000500 -0.154866 0.003000
v 0.001000 -0.155000 0.000000
v 0.001000 -0.155000 0.003000
v 0.050000 -0.126000 0.003000
v 0.050000 -0.126000 0.000000
v 0.049866 -0.125500 0.000000
v 0.049866 -0.125500 0.003000
v 0.049500 -0.125134 0.000000
v 0.049500 -0.125134 0.003000
v 0.049000 -0.125000 0.000000
v 0.049000 -0.125000 0.003000
v 0.050000 -0.154000 0.000000
v 0.050000 -0.154000 0.003000
v 0.049866 -0.154500 0.003000
v 0.049866 -0.154500 0.000000
v 0.049500 -0.154866 0.003000
v 0.049500 -0.154866 0.000000
v 0.049000 -0.155000 0.003000
v 0.049000 -0.155000 0.000000
v 0.014250 -0.155000 0.004000
v 0.020694 -0.155000 0.006556
v 0.019520 -0.155000 0.007520
v 0.034454 -0.155000 0.018116
v 0.031444 -0.155000 0.017306
v 0.032160 -0.155000 0.015966
v 0.027639 -0.155000 0.023421
v 0.026512 -0.155000 0.020601
v 0.027966 -0.155000 0.020160
v 0.025888 -0.155000 0.023713
v 0.025000 -0.155000 0.020750
v 0.015546 -0.155000 0.018116
v 0.014832 -0.155000 0.016491
v 0.017840 -0.155000 0.015966
v 0.022034 -0.155000 0.005840
v 0.035750 -0.155000 0.004000
v 0.026512 -0.155000 0.005399
v 0.025000 -0.155000 0.005250
v 0.035750 -0.155000 0.013000
v 0.032601 -0.155000 0.011488
v 0.035168 -0.155000 0.016491
v 0.032601 -0.155000 0.014512
v 0.033483 -0.155000 0.019603
v 0.032281 -0.155000 0.020909
v 0.030480 -0.155000 0.018480
v 0.030880 -0.155000 0.022000
v 0.029306 -0.155000 0.019444
v 0.029318 -0.155000 0.022845
v 0.024112 -0.155000 0.023713
v 0.022361 -0.155000 0.023421
v 0.023488 -0.155000 0.020601
v 0.017719 -0.155000 0.020909
v 0.019520 -0.155000 0.018480
v 0.020694 -0.155000 0.019444
v 0.016517 -0.155000 0.019603
v 0.018556 -0.155000 0.017306
v 0.014397 -0.155000 0.014769
v 0.017399 -0.155000 0.014512
v 0.014250 -0.155000 0.013000
v 0.017250 -0.155000 0.013000
v 0.023488 -0.155000 0.005399
v 0.031444 -0.155000 0.008694
v 0.030480 -0.155000 0.007520
v 0.032160 -0.155000 0.010034
v 0.035603 -0.155000 0.014769
v 0.032750 -0.155000 0.013000
v 0.020682 -0.155000 0.022845
v 0.022034 -0.155000 0.020160
v 0.019120 -0.155000 0.022000
v 0.017399 -0.155000 0.011488
v 0.017840 -0.155000 0.010034
v 0.029306 -0.155000 0.006556
v 0.027966 -0.155000 0.005840
v 0.018556 -0.155000 0.008694
v 0.035884 -0.155000 0.003500
v 0.013750 -0.155000 0.003134
v 0.013250 -0.155000 0.003000
v 0.001000 -0.155000 0.000000
v 0.014116 -0.155000 0.003500
v 0.049000 -0.155000 0.000000
v 0.049000 -0.155000 0.003000
v 0.036750 -0.155000 0.003000
v 0.036250 -0.155000 0.003134
v 0.001000 -0.155000 0.003000
v 0.034454 -0.125000 0.018116
v 0.035168 -0.125000 0.016491
v 0.032160 -0.125000 0.015966
v 0.031444 -0.125000 0.017306
v 0.033483 -0.125000 0.019603
v 0.035603 -0.125000 0.014769
v 0.032601 -0.125000 0.014512
v 0.016517 -0.125000 0.019603
v 0.017719 -0.125000 0.020909
v 0.019520 -0.125000 0.018480
v 0.019120 -0.125000 0.022000
v 0.020694 -0.125000 0.019444
v 0.024112 -0.125000 0.023713
v 0.025000 -0.125000 0.020750
v 0.023488 -0.125000 0.020601
v 0.025888 -0.125000 0.023713
v 0.027639 -0.125000 0.023421
v 0.026512 -0.125000 0.020601
v 0.029318 -0.125000 0.022845
v 0.027966 -0.125000 0.020160
v 0.035750 -0.125000 0.013000
v 0.032750 -0.125000 0.013000
v 0.020682 -0.125000 0.022845
v 0.022034 -0.125000 0.020160
v 0.022361 -0.125000 0.023421
v 0.030880 -0.125000 0.022000
v 0.029306 -0.125000 0.019444
v 0.032281 -0.125000 0.020909
v 0.030480 -0.125000 0.018480
v 0.035750 -0.125000 0.004000
v 0.032160 -0.125000 0.010034
v 0.032601 -0.125000 0.011488
v 0.014250 -0.125000 0.004000
v 0.025000 -0.125000 0.005250
v 0.031444 -0.125000 0.008694
v 0.023488 -0.125000 0.005399
v 0.029306 -0.125000 0.006556
v 0.030480 -0.125000 0.007520
v 0.022034 -0.125000 0.005840
v 0.020694 -0.125000 0.006556
v 0.015546 -0.125000 0.018116
v 0.018556 -0.125000 0.017306
v 0.017840 -0.125000 0.015966
v 0.026512 -0.125000 0.005399
v 0.027966 -0.125000 0.005840
v 0.019520 -0.125000 0.007520
v 0.014250 -0.125000 0.013000
v 0.017399 -0.125000 0.011488
v 0.014832 -0.125000 0.016491
v 0.017399 -0.125000 0.014512
v 0.018556 -0.125000 0.008694
v 0.017840 -0.125000 0.010034
v 0.014397 -0.125000 0.014769
v 0.017250 -0.125000 0.013000
v 0.014116 -0.125000 0.003500
v 0.036250 -0.125000 0.003134
v 0.036750 -0.125000 0.003000
v 0.049000 -0.125000 0.000000
v 0.035884 -0.125000 0.003500
v 0.001000 -0.125000 0.000000
v 0.001000 -0.125000 0.003000
v 0.013250 -0.125000 0.003000
v 0.013750 -0.125000 0.003134
v 0.049000 -0.125000 0.003000
v 0.014250 -0.125000 0.004000
v 0.014250 -0.155000 0.004000
v 0.014250 -0.155000 0.013000
v 0.014250 -0.125000 0.013000
v 0.032601 -0.155000 0.011488
v 0.032750 -0.155000 0.013000
v 0.032750 -0.125000 0.013000
v 0.032160 -0.155000 0.010034
v 0.032601 -0.125000 0.011488
v 0.031444 -0.155000 0.008694
v 0.032160 -0.125000 0.010034
v 0.030480 -0.155000 0.007520
v 0.031444 -0.125000 0.008694
v 0.029306 -0.155000 0.006556
v 0.030480 -0.125000 0.007520
v 0.027966 -0.155000 0.005840
v 0.029306 -0.125000 0.006556
v 0.026512 -0.155000 0.005399
v 0.027966 -0.125000 0.005840
v 0.025000 -0.155000 0.005250
v 0.026512 -0.125000 0.005399
v 0.023488 -0.155000 0.005399
v 0.025000 -0.125000 0.005250
v 0.022034 -0.155000 0.005840
v 0.023488 -0.125000 0.005399
v 0.020694 -0.155000 0.006556
v 0.022034 -0.125000 0.005840
v 0.019520 -0.155000 0.007520
v 0.020694 -0.125000 0.006556
v 0.018556 -0.155000 0.008694
v 0.019520 -0.125000 0.007520
v 0.017840 -0.155000 0.010034
v 0.018556 -0.125000 0.008694
v 0.017399 -0.155000 0.011488
v 0.017840 -0.125000 0.010034
v 0.017250 -0.155000 0.013000
v 0.017399 -0.125000 0.011488
v 0.017399 -0.155000 0.014512
v 0.017250 -0.125000 0.013000
v 0.017840 -0.155000 0.015966
v 0.017399 -0.125000 0.014512
v 0.018556 -0.155000 0.017306
v 0.017840 -0.125000 0.015966
v 0.019520 -0.155000 0.018480
v 0.018556 -0.125000 0.017306
v 0.020694 -0.155000 0.019444
v 0.019520 -0.125000 0.018480
v 0.030480 -0.155000 0.018480
v 0.029306 -0.155000 0.019444
v 0.029306 -0.125000 0.019444
v 0.031444 -0.155000 0.017306
v 0.030480 -0.125000 0.018480
v 0.032160 -0.155000 0.015966
v 0.031444 -0.125000 0.017306
v 0.032601 -0.155000 0.014512
v 0.032160 -0.125000 0.015966
v 0.032601 -0.125000 0.014512
v 0.023488 -0.125000 0.020601
v 0.024073 -0.137147 0.020694
v 0.023635 -0.137328 0.020629
v 0.024529 -0.137037 0.020736
v 0.025000 -0.125000 0.020750
v 0.025000 -0.137000 0.020750
v 0.022034 -0.125000 0.020160
v 0.022573 -0.138237 0.020360
v 0.022327 -0.138638 0.020274
v 0.022147 -0.139073 0.020206
v 0.022037 -0.139532 0.020161
v 0.023489 -0.137418 0.020599
v 0.023237 -0.137573 0.020547
v 0.022000 -0.140000 0.020146
v 0.022034 -0.140432 0.020160
v 0.020694 -0.125000 0.019444
v 0.022034 -0.139564 0.020160
v 0.022034 -0.155000 0.020160
v 0.023237 -0.142427 0.020547
v 0.023489 -0.142582 0.020599
v 0.022573 -0.141763 0.020360
v 0.022147 -0.140927 0.020206
v 0.022328 -0.141364 0.020275
v 0.022037 -0.140472 0.020161
v 0.023488 -0.155000 0.020601
v 0.024530 -0.142963 0.020736
v 0.025000 -0.143000 0.020750
v 0.023637 -0.142672 0.020629
v 0.024073 -0.142853 0.020694
v 0.026512 -0.155000 0.020601
v 0.025927 -0.142853 0.020694
v 0.026362 -0.142673 0.020629
v 0.025469 -0.142963 0.020736
v 0.025000 -0.155000 0.020750
v 0.027966 -0.155000 0.020160
v 0.027427 -0.141763 0.020360
v 0.027672 -0.141364 0.020275
v 0.027853 -0.140927 0.020206
v 0.027963 -0.140472 0.020161
v 0.026511 -0.142581 0.020599
v 0.026763 -0.142427 0.020547
v 0.028000 -0.140000 0.020146
v 0.027966 -0.139564 0.020160
v 0.027966 -0.140432 0.020160
v 0.027966 -0.125000 0.020160
v 0.026763 -0.137573 0.020547
v 0.026511 -0.137418 0.020599
v 0.027427 -0.138237 0.020360
v 0.027853 -0.139073 0.020206
v 0.027673 -0.138638 0.020274
v 0.027963 -0.139532 0.020161
v 0.026512 -0.125000 0.020601
v 0.025470 -0.137037 0.020736
v 0.026364 -0.137328 0.020629
v 0.025927 -0.137147 0.020694
v 0.006190 -0.137123 0.003000
v 0.000134 -0.125500 0.003000
v -0.000000 -0.126000 0.003000
v 0.000500 -0.125134 0.003000
v 0.006190 -0.142877 0.003000
v 0.000134 -0.154500 0.003000
v 0.000500 -0.154866 0.003000
v 0.005347 -0.142447 0.003000
v -0.000000 -0.154000 0.003000
v 0.001000 -0.125000 0.003000
v 0.005347 -0.137553 0.003000
v 0.004248 -0.139065 0.003000
v 0.004678 -0.138222 0.003000
v 0.001000 -0.155000 0.003000
v 0.013250 -0.155000 0.003000
v 0.007125 -0.143025 0.003000
v 0.013250 -0.125000 0.003000
v 0.007125 -0.136975 0.003000
v 0.004100 -0.140000 0.003000
v 0.008903 -0.142447 0.003000
v 0.008060 -0.142877 0.003000
v 0.010002 -0.139065 0.003000
v 0.010150 -0.140000 0.003000
v 0.008060 -0.137123 0.003000
v 0.004678 -0.141778 0.003000
v 0.004248 -0.140935 0.003000
v 0.009572 -0.138222 0.003000
v 0.008903 -0.137553 0.003000
v 0.009572 -0.141778 0.003000
v 0.010002 -0.140935 0.003000
v -0.000000 -0.154000 0.003000
v -0.000000 -0.126000 0.003000
v -0.000000 -0.126000 0.000000
v -0.000000 -0.154000 0.000000
v 0.001000 -0.125000 0.000000
v 0.040448 -0.138237 0.000000
v 0.008888 -0.137573 0.000000
v 0.009978 -0.139073 0.000000
v 0.040022 -0.139073 0.000000
v 0.039875 -0.140000 0.000000
v 0.009552 -0.138237 0.000000
v 0.009978 -0.140927 0.000000
v 0.010125 -0.140000 0.000000
v 0.006198 -0.137147 0.000000
v 0.000134 -0.125500 0.000000
v 0.000500 -0.125134 0.000000
v 0.005362 -0.137573 0.000000
v -0.000000 -0.126000 0.000000
v 0.049000 -0.125000 0.000000
v 0.041948 -0.137147 0.000000
v 0.043802 -0.137147 0.000000
v 0.042875 -0.137000 0.000000
v 0.049866 -0.125500 0.000000
v 0.050000 -0.126000 0.000000
v 0.043802 -0.142853 0.000000
v 0.049866 -0.154500 0.000000
v 0.049500 -0.154866 0.000000
v 0.044638 -0.142427 0.000000
v 0.050000 -0.154000 0.000000
v 0.008052 -0.137147 0.000000
v 0.007125 -0.137000 0.000000
v 0.041112 -0.137573 0.000000
v 0.049500 -0.125134 0.000000
v 0.045875 -0.140000 0.000000
v 0.004698 -0.138237 0.000000
v 0.007125 -0.143000 0.000000
v 0.008052 -0.142853 0.000000
v 0.045728 -0.139073 0.000000
v 0.049000 -0.155000 0.000000
v 0.006198 -0.142853 0.000000
v 0.000134 -0.154500 0.000000
v -0.000000 -0.154000 0.000000
v 0.004272 -0.139073 0.000000
v 0.004125 -0.140000 0.000000
v 0.009552 -0.141763 0.000000
v 0.008888 -0.142427 0.000000
v 0.045302 -0.138237 0.000000
v 0.044638 -0.137573 0.000000
v 0.045728 -0.140927 0.000000
v 0.045302 -0.141763 0.000000
v 0.041948 -0.142853 0.000000
v 0.042875 -0.143000 0.000000
v 0.001000 -0.155000 0.000000
v 0.041112 -0.142427 0.000000
v 0.000500 -0.154866 0.000000
v 0.040448 -0.141763 0.000000
v 0.040022 -0.140927 0.000000
v 0.004698 -0.141763 0.000000
v 0.005362 -0.142427 0.000000
v 0.004272 -0.140927 0.000000
v 0.050000 -0.154000 0.003000
v 0.050000 -0.154000 0.000000
v 0.050000 -0.126000 0.000000
v 0.050000 -0.126000 0.003000
v 0.036750 -0.155000 0.003000
v 0.039998 -0.140935 0.003000
v 0.039850 -0.140000 0.003000
v 0.043810 -0.142877 0.003000
v 0.049866 -0.154500 0.003000
v 0.050000 -0.154000 0.003000
v 0.036750 -0.125000 0.003000
v 0.040428 -0.138222 0.003000
v 0.041097 -0.137553 0.003000
v 0.039998 -0.139065 0.003000
v 0.040428 -0.141778 0.003000
v 0.049500 -0.154866 0.003000
v 0.043810 -0.137123 0.003000
v 0.049866 -0.125500 0.003000
v 0.049500 -0.125134 0.003000
v 0.044653 -0.137553 0.003000
v 0.050000 -0.126000 0.003000
v 0.041940 -0.137123 0.003000
v 0.041940 -0.142877 0.003000
v 0.041097 -0.142447 0.003000
v 0.049000 -0.155000 0.003000
v 0.042875 -0.143025 0.003000
v 0.045752 -0.139065 0.003000
v 0.045900 -0.140000 0.003000
v 0.044653 -0.142447 0.003000
v 0.045752 -0.140935 0.003000
v 0.045322 -0.138222 0.003000
v 0.049000 -0.125000 0.003000
v 0.042875 -0.136975 0.003000
v 0.045322 -0.141778 0.003000
v 0.035750 -0.125000 0.004000
v 0.035750 -0.125000 0.013000
v 0.035750 -0.155000 0.013000
v 0.035750 -0.155000 0.004000
v 0.035750 -0.155000 0.013000
v 0.035750 -0.125000 0.013000
v 0.035603 -0.125000 0.014769
v 0.035603 -0.155000 0.014769
v 0.035168 -0.125000 0.016491
v 0.035168 -0.155000 0.016491
v 0.034454 -0.125000 0.018116
v 0.034454 -0.155000 0.018116
v 0.033483 -0.125000 0.019603
v 0.033483 -0.155000 0.019603
v 0.032281 -0.125000 0.020909
v 0.032281 -0.155000 0.020909
v 0.030880 -0.125000 0.022000
v 0.030880 -0.155000 0.022000
v 0.029318 -0.125000 0.022845
v 0.020682 -0.155000 0.022845
v 0.020682 -0.125000 0.022845
v 0.019120 -0.125000 0.022000
v 0.019120 -0.155000 0.022000
v 0.017719 -0.125000 0.020909
v 0.017719 -0.155000 0.020909
v 0.016517 -0.125000 0.019603
v 0.016517 -0.155000 0.019603
v 0.015546 -0.125000 0.018116
v 0.015546 -0.155000 0.018116
v 0.014832 -0.125000 0.016491
v 0.014832 -0.155000 0.016491
v 0.014397 -0.125000 0.014769
v 0.014397 -0.155000 0.014769
v 0.014250 -0.125000 0.013000
v 0.027639 -0.125000 0.023421
v 0.026763 -0.137573 0.023604
v 0.027427 -0.138237 0.023472
v 0.025888 -0.125000 0.023713
v 0.025888 -0.137134 0.023713
v 0.026362 -0.137327 0.023663
v 0.029318 -0.155000 0.022845
v 0.027853 -0.140927 0.023364
v 0.027639 -0.141427 0.023421
v 0.028000 -0.140000 0.023323
v 0.027963 -0.140472 0.023334
v 0.027963 -0.139532 0.023334
v 0.027853 -0.139073 0.023364
v 0.027639 -0.138573 0.023421
v 0.027639 -0.155000 0.023421
v 0.025927 -0.142853 0.023710
v 0.025888 -0.142866 0.023713
v 0.026361 -0.142673 0.023663
v 0.026763 -0.142427 0.023604
v 0.027427 -0.141763 0.023472
v 0.025888 -0.155000 0.023713
v 0.025000 -0.143000 0.023750
v 0.024112 -0.155000 0.023713
v 0.022361 -0.155000 0.023421
v 0.023237 -0.142427 0.023604
v 0.022573 -0.141763 0.023472
v 0.024112 -0.142866 0.023713
v 0.023638 -0.142673 0.023663
v 0.022147 -0.139073 0.023364
v 0.022361 -0.138573 0.023421
v 0.022000 -0.140000 0.023323
v 0.022037 -0.139532 0.023334
v 0.022147 -0.140927 0.023364
v 0.022037 -0.140471 0.023334
v 0.022361 -0.141427 0.023421
v 0.022361 -0.125000 0.023421
v 0.024073 -0.137147 0.023710
v 0.024112 -0.137134 0.023713
v 0.023637 -0.137328 0.023663
v 0.023237 -0.137573 0.023604
v 0.022573 -0.138237 0.023472
v 0.024112 -0.125000 0.023713
v 0.025000 -0.137000 0.023750
v 0.014250 -0.155000 0.013000
v 0.142500 0.139120 -0.011716
v 0.142500 0.140000 -0.011600
v 0.242500 0.140000 -0.011600
v 0.042500 0.139120 -0.011716
v 0.042500 0.140000 -0.011600
v -0.057500 0.139120 -0.011716
v -0.057500 0.140000 -0.011600
v -0.157500 0.139120 -0.011716
v -0.157500 0.140000 -0.011600
v -0.257500 0.139120 -0.011716
v -0.257500 0.140000 -0.011600
v -0.357500 0.139120 -0.011716
v -0.357500 0.140000 -0.011600
v -0.457500 0.139120 -0.011716
v -0.457500 0.140000 -0.011600
v 0.142500 0.138300 -0.012056
v 0.242500 0.139120 -0.011716
v 0.042500 0.138300 -0.012056
v -0.057500 0.138300 -0.012056
v -0.157500 0.138300 -0.012056
v -0.257500 0.138300 -0.012056
v -0.357500 0.138300 -0.012056
v -0.457500 0.138300 -0.012056
v 0.142500 0.137596 -0.012596
v 0.242500 0.138300 -0.012056
v 0.042500 0.137596 -0.012596
v -0.057500 0.137596 -0.012596
v -0.157500 0.137596 -0.012596
v -0.257500 0.137596 -0.012596
v -0.357500 0.137596 -0.012596
v -0.457500 0.137596 -0.012596
v 0.142500 0.137056 -0.013300
v 0.242500 0.137596 -0.012596
v 0.042500 0.137056 -0.013300
v -0.057500 0.137056 -0.013300
v -0.157500 0.137056 -0.013300
v -0.257500 0.137056 -0.013300
v -0.357500 0.137056 -0.013300
v -0.457500 0.137056 -0.013300
v 0.142500 0.136716 -0.014120
v 0.242500 0.137056 -0.013300
v 0.042500 0.136716 -0.014120
v -0.057500 0.136716 -0.014120
v -0.157500 0.136716 -0.014120
v -0.257500 0.136716 -0.014120
v -0.357500 0.136716 -0.014120
v -0.457500 0.136716 -0.014120
v 0.142500 0.136600 -0.015000
v 0.242500 0.136716 -0.014120
v 0.042500 0.136600 -0.015000
v -0.057500 0.136600 -0.015000
v -0.157500 0.136600 -0.015000
v -0.257500 0.136600 -0.015000
v -0.357500 0.136600 -0.015000
v -0.457500 0.136600 -0.015000
v 0.142500 0.136716 -0.015880
v 0.242500 0.136600 -0.015000
v 0.042500 0.136716 -0.015880
v -0.057500 0.136716 -0.015880
v -0.157500 0.136716 -0.015880
v -0.257500 0.136716 -0.015880
v -0.357500 0.136716 -0.015880
v -0.457500 0.136716 -0.015880
v 0.142500 0.137056 -0.016700
v 0.242500 0.136716 -0.015880
v 0.042500 0.137056 -0.016700
v -0.057500 0.137056 -0.016700
v -0.157500 0.137056 -0.016700
v -0.257500 0.137056 -0.016700
v -0.357500 0.137056 -0.016700
v -0.457500 0.137056 -0.016700
v 0.142500 0.137596 -0.017404
v 0.242500 0.137056 -0.016700
v 0.042500 0.137596 -0.017404
v -0.057500 0.137596 -0.017404
v -0.157500 0.137596 -0.017404
v -0.257500 0.137596 -0.017404
v -0.357500 0.137596 -0.017404
v -0.457500 0.137596 -0.017404
v 0.142500 0.138300 -0.017945
v 0.242500 0.137596 -0.017404
v 0.042500 0.138300 -0.017945
v -0.057500 0.138300 -0.017945
v -0.157500 0.138300 -0.017945
v -0.257500 0.138300 -0.017945
v -0.357500 0.138300 -0.017945
v -0.457500 0.138300 -0.017945
v 0.142500 0.139120 -0.018284
v 0.242500 0.138300 -0.017945
v 0.042500 0.139120 -0.018284
v -0.057500 0.139120 -0.018284
v -0.157500 0.139120 -0.018284
v -0.257500 0.139120 -0.018284
v -0.357500 0.139120 -0.018284
v -0.457500 0.139120 -0.018284
v 0.142500 0.140000 -0.018400
v 0.242500 0.139120 -0.018284
v 0.042500 0.140000 -0.018400
v -0.057500 0.140000 -0.018400
v -0.157500 0.140000 -0.018400
v -0.257500 0.140000 -0.018400
v -0.357500 0.140000 -0.018400
v -0.457500 0.140000 -0.018400
v 0.142500 0.140880 -0.018284
v 0.242500 0.140000 -0.018400
v 0.042500 0.140880 -0.018284
v -0.057500 0.140880 -0.018284
v -0.157500 0.140880 -0.018284
v -0.257500 0.140880 -0.018284
v -0.357500 0.140880 -0.018284
v -0.457500 0.140880 -0.018284
v 0.142500 0.141700 -0.017945
v 0.242500 0.140880 -0.018284
v 0.042500 0.141700 -0.017945
v -0.057500 0.141700 -0.017945
v -0.157500 0.141700 -0.017945
v -0.257500 0.141700 -0.017945
v -0.357500 0.141700 -0.017945
v -0.457500 0.141700 -0.017945
v 0.142500 0.142404 -0.017404
v 0.242500 0.141700 -0.017945
v 0.042500 0.142404 -0.017404
v -0.057500 0.142404 -0.017404
v -0.157500 0.142404 -0.017404
v -0.257500 0.142404 -0.017404
v -0.357500 0.142404 -0.017404
v -0.457500 0.142404 -0.017404
v 0.142500 0.142944 -0.016700
v 0.242500 0.142404 -0.017404
v 0.042500 0.142944 -0.016700
v -0.057500 0.142944 -0.016700
v -0.157500 0.142944 -0.016700
v -0.257500 0.142944 -0.016700
v -0.357500 0.142944 -0.016700
v -0.457500 0.142944 -0.016700
v 0.142500 0.143284 -0.015880
v 0.242500 0.142944 -0.016700
v 0.042500 0.143284 -0.015880
v -0.057500 0.143284 -0.015880
v -0.157500 0.143284 -0.015880
v -0.257500 0.143284 -0.015880
v -0.357500 0.143284 -0.015880
v -0.457500 0.143284 -0.015880
v 0.142500 0.143400 -0.015000
v 0.242500 0.143284 -0.015880
v 0.042500 0.143400 -0.015000
v -0.057500 0.143400 -0.015000
v -0.157500 0.143400 -0.015000
v -0.257500 0.143400 -0.015000
v -0.357500 0.143400 -0.015000
v -0.457500 0.143400 -0.015000
v 0.142500 0.143284 -0.014120
v 0.242500 0.143400 -0.015000
v 0.042500 0.143284 -0.014120
v -0.057500 0.143284 -0.014120
v -0.157500 0.143284 -0.014120
v -0.257500 0.143284 -0.014120
v -0.357500 0.143284 -0.014120
v -0.457500 0.143284 -0.014120
v 0.142500 0.142944 -0.013300
v 0.242500 0.143284 -0.014120
v 0.042500 0.142944 -0.013300
v -0.057500 0.142944 -0.013300
v -0.157500 0.142944 -0.013300
v -0.257500 0.142944 -0.013300
v -0.357500 0.142944 -0.013300
v -0.457500 0.142944 -0.013300
v 0.142500 0.142404 -0.012596
v 0.242500 0.142944 -0.013300
v 0.042500 0.142404 -0.012596
v -0.057500 0.142404 -0.012596
v -0.157500 0.142404 -0.012596
v -0.257500 0.142404 -0.012596
v -0.357500 0.142404 -0.012596
v -0.457500 0.142404 -0.012596
v 0.142500 0.141700 -0.012056
v 0.242500 0.142404 -0.012596
v 0.042500 0.141700 -0.012056
v -0.057500 0.141700 -0.012056
v -0.157500 0.141700 -0.012056
v -0.257500 0.141700 -0.012056
v -0.357500 0.141700 -0.012056
v -0.457500 0.141700 -0.012056
v 0.142500 0.140880 -0.011716
v 0.242500 0.141700 -0.012056
v 0.042500 0.140880 -0.011716
v -0.057500 0.140880 -0.011716
v -0.157500 0.140880 -0.011716
v -0.257500 0.140880 -0.011716
v -0.357500 0.140880 -0.011716
v -0.457500 0.140880 -0.011716
v 0.242500 0.140880 -0.011716
v 0.242500 0.135300 -0.000287
v 0.242500 0.135900 -0.000287
v 0.142500 0.135900 -0.000287
v 0.142500 0.135300 -0.000287
v 0.042500 0.135900 -0.000287
v 0.042500 0.135300 -0.000287
v -0.057500 0.135900 -0.000287
v -0.057500 0.135300 -0.000287
v -0.157500 0.135900 -0.000287
v -0.157500 0.135300 -0.000287
v -0.257500 0.135900 -0.000287
v -0.257500 0.135300 -0.000287
v -0.357500 0.135900 -0.000287
v -0.357500 0.135300 -0.000287
v -0.457500 0.135900 -0.000287
v -0.457500 0.135300 -0.000287
v 0.242500 0.135900 -0.000287
v 0.242500 0.135900 -0.002000
v 0.142500 0.135900 -0.002000
v 0.142500 0.135900 -0.000287
v 0.042500 0.135900 -0.002000
v 0.042500 0.135900 -0.000287
v -0.057500 0.135900 -0.002000
v -0.057500 0.135900 -0.000287
v -0.157500 0.135900 -0.002000
v -0.157500 0.135900 -0.000287
v -0.257500 0.135900 -0.002000
v -0.257500 0.135900 -0.000287
v -0.357500 0.135900 -0.002000
v -0.357500 0.135900 -0.000287
v -0.457500 0.135900 -0.002000
v -0.457500 0.135900 -0.000287
v 0.242500 0.135900 -0.002000
v 0.242500 0.131500 -0.002000
v 0.142500 0.131500 -0.002000
v 0.142500 0.135900 -0.002000
v 0.042500 0.131500 -0.002000
v 0.042500 0.135900 -0.002000
v -0.057500 0.131500 -0.002000
v -0.057500 0.135900 -0.002000
v -0.157500 0.131500 -0.002000
v -0.157500 0.135900 -0.002000
v -0.257500 0.131500 -0.002000
v -0.257500 0.135900 -0.002000
v -0.357500 0.131500 -0.002000
v -0.357500 0.135900 -0.002000
v -0.457500 0.131500 -0.002000
v -0.457500 0.135900 -0.002000
v 0.242500 0.131500 -0.002000
v 0.242500 0.131500 -0.004928
v 0.142500 0.131500 -0.004928
v 0.142500 0.131500 -0.002000
v 0.042500 0.131500 -0.004928
v 0.042500 0.131500 -0.002000
v -0.057500 0.131500 -0.004928
v -0.057500 0.131500 -0.002000
v -0.157500 0.131500 -0.004928
v -0.157500 0.131500 -0.002000
v -0.257500 0.131500 -0.004928
v -0.257500 0.131500 -0.002000
v -0.357500 0.131500 -0.004928
v -0.357500 0.131500 -0.002000
v -0.457500 0.131500 -0.004928
v -0.457500 0.131500 -0.002000
v 0.242500 0.131500 -0.004928
v 0.242500 0.136505 -0.010123
v 0.142500 0.136505 -0.010123
v 0.142500 0.131500 -0.004928
v 0.042500 0.136505 -0.010123
v 0.042500 0.131500 -0.004928
v -0.057500 0.136505 -0.010123
v -0.057500 0.131500 -0.004928
v -0.157500 0.136505 -0.010123
v -0.157500 0.131500 -0.004928
v -0.257500 0.136505 -0.010123
v -0.257500 0.131500 -0.004928
v -0.357500 0.136505 -0.010123
v -0.357500 0.131500 -0.004928
v -0.457500 0.136505 -0.010123
v -0.457500 0.131500 -0.004928
v 0.142500 0.136505 -0.010123
v 0.242500 0.136505 -0.010123
v 0.242500 0.137813 -0.009413
v 0.042500 0.136505 -0.010123
v 0.142500 0.137813 -0.009413
v -0.057500 0.136505 -0.010123
v 0.042500 0.137813 -0.009413
v -0.157500 0.136505 -0.010123
v -0.057500 0.137813 -0.009413
v -0.257500 0.136505 -0.010123
v -0.157500 0.137813 -0.009413
v -0.357500 0.136505 -0.010123
v -0.257500 0.137813 -0.009413
v -0.457500 0.136505 -0.010123
v -0.357500 0.137813 -0.009413
v 0.242500 0.139256 -0.009046
v 0.142500 0.139256 -0.009046
v 0.042500 0.139256 -0.009046
v -0.057500 0.139256 -0.009046
v -0.157500 0.139256 -0.009046
v -0.257500 0.139256 -0.009046
v -0.457500 0.137813 -0.009413
v -0.357500 0.139256 -0.009046
v 0.242500 0.140744 -0.009046
v 0.142500 0.140744 -0.009046
v 0.042500 0.140744 -0.009046
v -0.057500 0.140744 -0.009046
v -0.157500 0.140744 -0.009046
v -0.257500 0.140744 -0.009046
v -0.457500 0.139256 -0.009046
v -0.357500 0.140744 -0.009046
v 0.242500 0.142187 -0.009413
v 0.142500 0.142187 -0.009413
v 0.042500 0.142187 -0.009413
v -0.057500 0.142187 -0.009413
v -0.157500 0.142187 -0.009413
v -0.257500 0.142187 -0.009413
v -0.457500 0.140744 -0.009046
v -0.357500 0.142187 -0.009413
v 0.242500 0.143495 -0.010123
v 0.142500 0.143495 -0.010123
v 0.042500 0.143495 -0.010123
v -0.057500 0.143495 -0.010123
v -0.157500 0.143495 -0.010123
v -0.257500 0.143495 -0.010123
v -0.457500 0.142187 -0.009413
v -0.357500 0.143495 -0.010123
v -0.457500 0.143495 -0.010123
v 0.242500 0.143495 -0.010123
v 0.242500 0.148500 -0.004928
v 0.142500 0.148500 -0.004928
v 0.142500 0.143495 -0.010123
v 0.042500 0.148500 -0.004928
v 0.042500 0.143495 -0.010123
v -0.057500 0.148500 -0.004928
v -0.057500 0.143495 -0.010123
v -0.157500 0.148500 -0.004928
v -0.157500 0.143495 -0.010123
v -0.257500 0.148500 -0.004928
v -0.257500 0.143495 -0.010123
v -0.357500 0.148500 -0.004928
v -0.357500 0.143495 -0.010123
v -0.457500 0.148500 -0.004928
v -0.457500 0.143495 -0.010123
v 0.242500 0.148500 -0.004928
v 0.242500 0.148500 -0.002000
v 0.142500 0.148500 -0.002000
v 0.142500 0.148500 -0.004928
v 0.042500 0.148500 -0.002000
v 0.042500 0.148500 -0.004928
v -0.057500 0.148500 -0.002000
v -0.057500 0.148500 -0.004928
v -0.157500 0.148500 -0.002000
v -0.157500 0.148500 -0.004928
v -0.257500 0.148500 -0.002000
v -0.257500 0.148500 -0.004928
v -0.357500 0.148500 -0.002000
v -0.357500 0.148500 -0.004928
v -0.457500 0.148500 -0.002000
v -0.457500 0.148500 -0.004928
v 0.242500 0.148500 -0.002000
v 0.242500 0.144100 -0.002000
v 0.142500 0.144100 -0.002000
v 0.142500 0.148500 -0.002000
v 0.042500 0.144100 -0.002000
v 0.042500 0.148500 -0.002000
v -0.057500 0.144100 -0.002000
v -0.057500 0.148500 -0.002000
v -0.157500 0.144100 -0.002000
v -0.157500 0.148500 -0.002000
v -0.257500 0.144100 -0.002000
v -0.257500 0.148500 -0.002000
v -0.357500 0.144100 -0.002000
v -0.357500 0.148500 -0.002000
v -0.457500 0.144100 -0.002000
v -0.457500 0.148500 -0.002000
v 0.242500 0.144100 -0.002000
v 0.242500 0.144100 -0.000287
v 0.142500 0.144100 -0.000287
v 0.142500 0.144100 -0.002000
v 0.042500 0.144100 -0.000287
v 0.042500 0.144100 -0.002000
v -0.057500 0.144100 -0.000287
v -0.057500 0.144100 -0.002000
v -0.157500 0.144100 -0.000287
v -0.157500 0.144100 -0.002000
v -0.257500 0.144100 -0.000287
v -0.257500 0.144100 -0.002000
v -0.357500 0.144100 -0.000287
v -0.357500 0.144100 -0.002000
v -0.457500 0.144100 -0.000287
v -0.457500 0.144100 -0.002000
v 0.242500 0.144100 -0.000287
v 0.242500 0.144700 -0.000287
v 0.142500 0.144700 -0.000287
v 0.142500 0.144100 -0.000287
v 0.042500 0.144700 -0.000287
v 0.042500 0.144100 -0.000287
v -0.057500 0.144700 -0.000287
v -0.057500 0.144100 -0.000287
v -0.157500 0.144700 -0.000287
v -0.157500 0.144100 -0.000287
v -0.257500 0.144700 -0.000287
v -0.257500 0.144100 -0.000287
v -0.357500 0.144700 -0.000287
v -0.357500 0.144100 -0.000287
v -0.457500 0.144700 -0.000287
v -0.457500 0.144100 -0.000287
v 0.242500 0.144700 -0.000287
v 0.242500 0.144700 0.000000
v 0.142500 0.144700 0.000000
v 0.142500 0.144700 -0.000287
v 0.042500 0.144700 0.000000
v 0.042500 0.144700 -0.000287
v -0.057500 0.144700 0.000000
v -0.057500 0.144700 -0.000287
v -0.157500 0.144700 0.000000
v -0.157500 0.144700 -0.000287
v -0.257500 0.144700 0.000000
v -0.257500 0.144700 -0.000287
v -0.357500 0.144700 0.000000
v -0.357500 0.144700 -0.000287
v -0.457500 0.144700 0.000000
v -0.457500 0.144700 -0.000287
v 0.242500 0.144700 0.000000
v 0.242500 0.155000 0.000000
v 0.142500 0.155000 0.000000
v 0.142500 0.144700 0.000000
v 0.042500 0.155000 0.000000
v 0.042500 0.144700 0.000000
v -0.057500 0.155000 0.000000
v -0.057500 0.144700 0.000000
v -0.157500 0.155000 0.000000
v -0.157500 0.144700 0.000000
v -0.257500 0.155000 0.000000
v -0.257500 0.144700 0.000000
v -0.357500 0.155000 0.000000
v -0.357500 0.144700 0.000000
v -0.457500 0.155000 0.000000
v -0.457500 0.144700 0.000000
v 0.242500 0.155000 0.000000
v 0.242500 0.155000 -0.010300
v 0.142500 0.155000 -0.010300
v 0.142500 0.155000 0.000000
v 0.042500 0.155000 -0.010300
v 0.042500 0.155000 0.000000
v -0.057500 0.155000 -0.010300
v -0.057500 0.155000 0.000000
v -0.157500 0.155000 -0.010300
v -0.157500 0.155000 0.000000
v -0.257500 0.155000 -0.010300
v -0.257500 0.155000 0.000000
v -0.357500 0.155000 -0.010300
v -0.357500 0.155000 0.000000
v -0.457500 0.155000 -0.010300
v -0.457500 0.155000 0.000000
v 0.242500 0.155000 -0.010300
v 0.242500 0.154645 -0.010300
v 0.142500 0.154645 -0.010300
v 0.142500 0.155000 -0.010300
v 0.042500 0.154645 -0.010300
v 0.042500 0.155000 -0.010300
v -0.057500 0.154645 -0.010300
v -0.057500 0.155000 -0.010300
v -0.157500 0.154645 -0.010300
v -0.157500 0.155000 -0.010300
v -0.257500 0.154645 -0.010300
v -0.257500 0.155000 -0.010300
v -0.357500 0.154645 -0.010300
v -0.357500 0.155000 -0.010300
v -0.457500 0.154645 -0.010300
v -0.457500 0.155000 -0.010300
v 0.242500 0.154645 -0.010300
v 0.242500 0.154645 -0.010900
v 0.142500 0.154645 -0.010900
v 0.142500 0.154645 -0.010300
v 0.042500 0.154645 -0.010900
v 0.042500 0.154645 -0.010300
v -0.057500 0.154645 -0.010900
v -0.057500 0.154645 -0.010300
v -0.157500 0.154645 -0.010900
v -0.157500 0.154645 -0.010300
v -0.257500 0.154645 -0.010900
v -0.257500 0.154645 -0.010300
v -0.357500 0.154645 -0.010900
v -0.357500 0.154645 -0.010300
v -0.457500 0.154645 -0.010900
v -0.457500 0.154645 -0.010300
v 0.242500 0.154645 -0.010900
v 0.242500 0.153000 -0.010900
v 0.142500 0.153000 -0.010900
v 0.142500 0.154645 -0.010900
v 0.042500 0.153000 -0.010900
v 0.042500 0.154645 -0.010900
v -0.057500 0.153000 -0.010900
v -0.057500 0.154645 -0.010900
v -0.157500 0.153000 -0.010900
v -0.157500 0.154645 -0.010900
v -0.257500 0.153000 -0.010900
v -0.257500 0.154645 -0.010900
v -0.357500 0.153000 -0.010900
v -0.357500 0.154645 -0.010900
v -0.457500 0.153000 -0.010900
v -0.457500 0.154645 -0.010900
v 0.242500 0.153000 -0.010900
v 0.242500 0.153000 -0.006209
v 0.142500 0.153000 -0.006209
v 0.142500 0.153000 -0.010900
v 0.042500 0.153000 -0.006209
v 0.042500 0.153000 -0.010900
v -0.057500 0.153000 -0.006209
v -0.057500 0.153000 -0.010900
v -0.157500 0.153000 -0.006209
v -0.157500 0.153000 -0.010900
v -0.257500 0.153000 -0.006209
v -0.257500 0.153000 -0.010900
v -0.357500 0.153000 -0.006209
v -0.357500 0.153000 -0.010900
v -0.457500 0.153000 -0.006209
v -0.457500 0.153000 -0.010900
v 0.242500 0.153000 -0.006209
v 0.242500 0.150240 -0.006209
v 0.142500 0.150240 -0.006209
v 0.142500 0.153000 -0.006209
v 0.042500 0.150240 -0.006209
v 0.042500 0.153000 -0.006209
v -0.057500 0.150240 -0.006209
v -0.057500 0.153000 -0.006209
v -0.157500 0.150240 -0.006209
v -0.157500 0.153000 -0.006209
v -0.257500 0.150240 -0.006209
v -0.257500 0.153000 -0.006209
v -0.357500 0.150240 -0.006209
v -0.357500 0.153000 -0.006209
v -0.457500 0.150240 -0.006209
v -0.457500 0.153000 -0.006209
v 0.242500 0.150240 -0.006209
v 0.242500 0.144986 -0.011663
v 0.142500 0.144986 -0.011663
v 0.142500 0.150240 -0.006209
v 0.042500 0.144986 -0.011663
v 0.042500 0.150240 -0.006209
v -0.057500 0.144986 -0.011663
v -0.057500 0.150240 -0.006209
v -0.157500 0.144986 -0.011663
v -0.157500 0.150240 -0.006209
v -0.257500 0.144986 -0.011663
v -0.257500 0.150240 -0.006209
v -0.357500 0.144986 -0.011663
v -0.357500 0.150240 -0.006209
v -0.457500 0.144986 -0.011663
v -0.457500 0.150240 -0.006209
v 0.142500 0.144986 -0.011663
v 0.242500 0.144986 -0.011663
v 0.242500 0.145628 -0.012921
v 0.042500 0.144986 -0.011663
v 0.142500 0.145628 -0.012921
v -0.057500 0.144986 -0.011663
v 0.042500 0.145628 -0.012921
v -0.157500 0.144986 -0.011663
v -0.057500 0.145628 -0.012921
v -0.257500 0.144986 -0.011663
v -0.157500 0.145628 -0.012921
v -0.357500 0.144986 -0.011663
v -0.257500 0.145628 -0.012921
v -0.457500 0.144986 -0.011663
v -0.357500 0.145628 -0.012921
v 0.242500 0.145958 -0.014294
v 0.142500 0.145958 -0.014294
v 0.042500 0.145958 -0.014294
v -0.057500 0.145958 -0.014294
v -0.157500 0.145958 -0.014294
v -0.257500 0.145958 -0.014294
v -0.457500 0.145628 -0.012921
v -0.357500 0.145958 -0.014294
v 0.242500 0.145958 -0.015706
v 0.142500 0.145958 -0.015706
v 0.042500 0.145958 -0.015706
v -0.057500 0.145958 -0.015706
v -0.157500 0.145958 -0.015706
v -0.257500 0.145958 -0.015706
v -0.457500 0.145958 -0.014294
v -0.357500 0.145958 -0.015706
v 0.242500 0.145628 -0.017079
v 0.142500 0.145628 -0.017079
v 0.042500 0.145628 -0.017079
v -0.057500 0.145628 -0.017079
v -0.157500 0.145628 -0.017079
v -0.257500 0.145628 -0.017079
v -0.457500 0.145958 -0.015706
v -0.357500 0.145628 -0.017079
v 0.242500 0.144986 -0.018337
v 0.142500 0.144986 -0.018337
v 0.042500 0.144986 -0.018337
v -0.057500 0.144986 -0.018337
v -0.157500 0.144986 -0.018337
v -0.257500 0.144986 -0.018337
v -0.457500 0.145628 -0.017079
v -0.357500 0.144986 -0.018337
v -0.457500 0.144986 -0.018337
v 0.242500 0.144986 -0.018337
v 0.242500 0.150240 -0.023791
v 0.142500 0.150240 -0.023791
v 0.142500 0.144986 -0.018337
v 0.042500 0.150240 -0.023791
v 0.042500 0.144986 -0.018337
v -0.057500 0.150240 -0.023791
v -0.057500 0.144986 -0.018337
v -0.157500 0.150240 -0.023791
v -0.157500 0.144986 -0.018337
v -0.257500 0.150240 -0.023791
v -0.257500 0.144986 -0.018337
v -0.357500 0.150240 -0.023791
v -0.357500 0.144986 -0.018337
v -0.457500 0.150240 -0.023791
v -0.457500 0.144986 -0.018337
v 0.242500 0.150240 -0.023791
v 0.242500 0.153000 -0.023791
v 0.142500 0.153000 -0.023791
v 0.142500 0.150240 -0.023791
v 0.042500 0.153000 -0.023791
v 0.042500 0.150240 -0.023791
v -0.057500 0.153000 -0.023791
v -0.057500 0.150240 -0.023791
v -0.157500 0.153000 -0.023791
v -0.157500 0.150240 -0.023791
v -0.257500 0.153000 -0.023791
v -0.257500 0.150240 -0.023791
v -0.357500 0.153000 -0.023791
v -0.357500 0.150240 -0.023791
v -0.457500 0.153000 -0.023791
v -0.457500 0.150240 -0.023791
v 0.242500 0.153000 -0.023791
v 0.242500 0.153000 -0.019100
v 0.142500 0.153000 -0.019100
v 0.142500 0.153000 -0.023791
v 0.042500 0.153000 -0.019100
v 0.042500 0.153000 -0.023791
v -0.057500 0.153000 -0.019100
v -0.057500 0.153000 -0.023791
v -0.157500 0.153000 -0.019100
v -0.157500 0.153000 -0.023791
v -0.257500 0.153000 -0.019100
v -0.257500 0.153000 -0.023791
v -0.357500 0.153000 -0.019100
v -0.357500 0.153000 -0.023791
v -0.457500 0.153000 -0.019100
v -0.457500 0.153000 -0.023791
v 0.242500 0.153000 -0.019100
v 0.242500 0.154645 -0.019100
v 0.142500 0.154645 -0.019100
v 0.142500 0.153000 -0.019100
v 0.042500 0.154645 -0.019100
v 0.042500 0.153000 -0.019100
v -0.057500 0.154645 -0.019100
v -0.057500 0.153000 -0.019100
v -0.157500 0.154645 -0.019100
v -0.157500 0.153000 -0.019100
v -0.257500 0.154645 -0.019100
v -0.257500 0.153000 -0.019100
v -0.357500 0.154645 -0.019100
v -0.357500 0.153000 -0.019100
v -0.457500 0.154645 -0.019100
v -0.457500 0.153000 -0.019100
v 0.242500 0.154645 -0.019100
v 0.242500 0.154645 -0.019700
v 0.142500 0.154645 -0.019700
v 0.142500 0.154645 -0.019100
v 0.042500 0.154645 -0.019700
v 0.042500 0.154645 -0.019100
v -0.057500 0.154645 -0.019700
v -0.057500 0.154645 -0.019100
v -0.157500 0.154645 -0.019700
v -0.157500 0.154645 -0.019100
v -0.257500 0.154645 -0.019700
v -0.257500 0.154645 -0.019100
v -0.357500 0.154645 -0.019700
v -0.357500 0.154645 -0.019100
v -0.457500 0.154645 -0.019700
v -0.457500 0.154645 -0.019100
v 0.242500 0.154645 -0.019700
v 0.242500 0.155000 -0.019700
v 0.142500 0.155000 -0.019700
v 0.142500 0.154645 -0.019700
v 0.042500 0.155000 -0.019700
v 0.042500 0.154645 -0.019700
v -0.057500 0.155000 -0.019700
v -0.057500 0.154645 -0.019700
v -0.157500 0.155000 -0.019700
v -0.157500 0.154645 -0.019700
v -0.257500 0.155000 -0.019700
v -0.257500 0.154645 -0.019700
v -0.357500 0.155000 -0.019700
v -0.357500 0.154645 -0.019700
v -0.457500 0.155000 -0.019700
v -0.457500 0.154645 -0.019700
v 0.242500 0.155000 -0.019700
v 0.242500 0.155000 -0.030000
v 0.142500 0.155000 -0.030000
v 0.142500 0.155000 -0.019700
v 0.042500 0.155000 -0.030000
v 0.042500 0.155000 -0.019700
v -0.057500 0.155000 -0.030000
v -0.057500 0.155000 -0.019700
v -0.157500 0.155000 -0.030000
v -0.157500 0.155000 -0.019700
v -0.257500 0.155000 -0.030000
v -0.257500 0.155000 -0.019700
v -0.357500 0.155000 -0.030000
v -0.357500 0.155000 -0.019700
v -0.457500 0.155000 -0.030000
v -0.457500 0.155000 -0.019700
v 0.242500 0.155000 -0.030000
v 0.242500 0.144700 -0.030000
v 0.142500 0.144700 -0.030000
v 0.142500 0.155000 -0.030000
v 0.042500 0.144700 -0.030000
v 0.042500 0.155000 -0.030000
v -0.057500 0.144700 -0.030000
v -0.057500 0.155000 -0.030000
v -0.157500 0.144700 -0.030000
v -0.157500 0.155000 -0.030000
v -0.257500 0.144700 -0.030000
v -0.257500 0.155000 -0.030000
v -0.357500 0.144700 -0.030000
v -0.357500 0.155000 -0.030000
v -0.457500 0.144700 -0.030000
v -0.457500 0.155000 -0.030000
v 0.242500 0.144700 -0.030000
v 0.242500 0.144700 -0.029713
v 0.142500 0.144700 -0.029713
v 0.142500 0.144700 -0.030000
v 0.042500 0.144700 -0.029713
v 0.042500 0.144700 -0.030000
v -0.057500 0.144700 -0.029713
v -0.057500 0.144700 -0.030000
v -0.157500 0.144700 -0.029713
v -0.157500 0.144700 -0.030000
v -0.257500 0.144700 -0.029713
v -0.257500 0.144700 -0.030000
v -0.357500 0.144700 -0.029713
v -0.357500 0.144700 -0.030000
v -0.457500 0.144700 -0.029713
v -0.457500 0.144700 -0.030000
v 0.242500 0.144700 -0.029713
v 0.242500 0.144100 -0.029713
v 0.142500 0.144100 -0.029713
v 0.142500 0.144700 -0.029713
v 0.042500 0.144100 -0.029713
v 0.042500 0.144700 -0.029713
v -0.057500 0.144100 -0.029713
v -0.057500 0.144700 -0.029713
v -0.157500 0.144100 -0.029713
v -0.157500 0.144700 -0.029713
v -0.257500 0.144100 -0.029713
v -0.257500 0.144700 -0.029713
v -0.357500 0.144100 -0.029713
v -0.357500 0.144700 -0.029713
v -0.457500 0.144100 -0.029713
v -0.457500 0.144700 -0.029713
v 0.242500 0.144100 -0.029713
v 0.242500 0.144100 -0.028000
v 0.142500 0.144100 -0.028000
v 0.142500 0.144100 -0.029713
v 0.042500 0.144100 -0.028000
v 0.042500 0.144100 -0.029713
v -0.057500 0.144100 -0.028000
v -0.057500 0.144100 -0.029713
v -0.157500 0.144100 -0.028000
v -0.157500 0.144100 -0.029713
v -0.257500 0.144100 -0.028000
v -0.257500 0.144100 -0.029713
v -0.357500 0.144100 -0.028000
v -0.357500 0.144100 -0.029713
v -0.457500 0.144100 -0.028000
v -0.457500 0.144100 -0.029713
v 0.242500 0.144100 -0.028000
v 0.242500 0.148500 -0.028000
v 0.142500 0.148500 -0.028000
v 0.142500 0.144100 -0.028000
v 0.042500 0.148500 -0.028000
v 0.042500 0.144100 -0.028000
v -0.057500 0.148500 -0.028000
v -0.057500 0.144100 -0.028000
v -0.157500 0.148500 -0.028000
v -0.157500 0.144100 -0.028000
v -0.257500 0.148500 -0.028000
v -0.257500 0.144100 -0.028000
v -0.357500 0.148500 -0.028000
v -0.357500 0.144100 -0.028000
v -0.457500 0.148500 -0.028000
v -0.457500 0.144100 -0.028000
v 0.242500 0.148500 -0.028000
v 0.242500 0.148500 -0.025072
v 0.142500 0.148500 -0.025072
v 0.142500 0.148500 -0.028000
v 0.042500 0.148500 -0.025072
v 0.042500 0.148500 -0.028000
v -0.057500 0.148500 -0.025072
v -0.057500 0.148500 -0.028000
v -0.157500 0.148500 -0.025072
v -0.157500 0.148500 -0.028000
v -0.257500 0.148500 -0.025072
v -0.257500 0.148500 -0.028000
v -0.357500 0.148500 -0.025072
v -0.357500 0.148500 -0.028000
v -0.457500 0.148500 -0.025072
v -0.457500 0.148500 -0.028000
v 0.242500 0.148500 -0.025072
v 0.242500 0.143495 -0.019877
v 0.142500 0.143495 -0.019877
v 0.142500 0.148500 -0.025072
v 0.042500 0.143495 -0.019877
v 0.042500 0.148500 -0.025072
v -0.057500 0.143495 -0.019877
v -0.057500 0.148500 -0.025072
v -0.157500 0.143495 -0.019877
v -0.157500 0.148500 -0.025072
v -0.257500 0.143495 -0.019877
v -0.257500 0.148500 -0.025072
v -0.357500 0.143495 -0.019877
v -0.357500 0.148500 -0.025072
v -0.457500 0.143495 -0.019877
v -0.457500 0.148500 -0.025072
v 0.142500 0.143495 -0.019877
v 0.242500 0.143495 -0.019877
v 0.242500 0.142187 -0.020587
v 0.042500 0.143495 -0.019877
v 0.142500 0.142187 -0.020587
v -0.057500 0.143495 -0.019877
v 0.042500 0.142187 -0.020587
v -0.157500 0.143495 -0.019877
v -0.057500 0.142187 -0.020587
v -0.257500 0.143495 -0.019877
v -0.157500 0.142187 -0.020587
v -0.357500 0.143495 -0.019877
v -0.257500 0.142187 -0.020587
v -0.457500 0.143495 -0.019877
v -0.357500 0.142187 -0.020587
v 0.242500 0.140744 -0.020954
v 0.142500 0.140744 -0.020954
v 0.042500 0.140744 -0.020954
v -0.057500 0.140744 -0.020954
v -0.157500 0.140744 -0.020954
v -0.257500 0.140744 -0.020954
v -0.457500 0.142187 -0.020587
v -0.357500 0.140744 -0.020954
v 0.242500 0.139256 -0.020954
v 0.142500 0.139256 -0.020954
v 0.042500 0.139256 -0.020954
v -0.057500 0.139256 -0.020954
v -0.157500 0.139256 -0.020954
v -0.257500 0.139256 -0.020954
v -0.457500 0.140744 -0.020954
v -0.357500 0.139256 -0.020954
v 0.242500 0.137813 -0.020587
v 0.142500 0.137813 -0.020587
v 0.042500 0.137813 -0.020587
v -0.057500 0.137813 -0.020587
v -0.157500 0.137813 -0.020587
v -0.257500 0.137813 -0.020587
v -0.457500 0.139256 -0.020954
v -0.357500 0.137813 -0.020587
v 0.242500 0.136505 -0.019877
v 0.142500 0.136505 -0.019877
v 0.042500 0.136505 -0.019877
v -0.057500 0.136505 -0.019877
v -0.157500 0.136505 -0.019877
v -0.257500 0.136505 -0.019877
v -0.457500 0.137813 -0.020587
v -0.357500 0.136505 -0.019877
v -0.457500 0.136505 -0.019877
v 0.242500 0.136505 -0.019877
v 0.242500 0.131500 -0.025072
v 0.142500 0.131500 -0.025072
v 0.142500 0.136505 -0.019877
v 0.042500 0.131500 -0.025072
v 0.042500 0.136505 -0.019877
v -0.057500 0.131500 -0.025072
v -0.057500 0.136505 -0.019877
v -0.157500 0.131500 -0.025072
v -0.157500 0.136505 -0.019877
v -0.257500 0.131500 -0.025072
v -0.257500 0.136505 -0.019877
v -0.357500 0.131500 -0.025072
v -0.357500 0.136505 -0.019877
v -0.457500 0.131500 -0.025072
v -0.457500 0.136505 -0.019877
v 0.242500 0.131500 -0.025072
v 0.242500 0.131500 -0.028000
v 0.142500 0.131500 -0.028000
v 0.142500 0.131500 -0.025072
v 0.042500 0.131500 -0.028000
v 0.042500 0.131500 -0.025072
v -0.057500 0.131500 -0.028000
v -0.057500 0.131500 -0.025072
v -0.157500 0.131500 -0.028000
v -0.157500 0.131500 -0.025072
v -0.257500 0.131500 -0.028000
v -0.257500 0.131500 -0.025072
v -0.357500 0.131500 -0.028000
v -0.357500 0.131500 -0.025072
v -0.457500 0.131500 -0.028000
v -0.457500 0.131500 -0.025072
v 0.242500 0.131500 -0.028000
v 0.242500 0.135900 -0.028000
v 0.142500 0.135900 -0.028000
v 0.142500 0.131500 -0.028000
v 0.042500 0.135900 -0.028000
v 0.042500 0.131500 -0.028000
v -0.057500 0.135900 -0.028000
v -0.057500 0.131500 -0.028000
v -0.157500 0.135900 -0.028000
v -0.157500 0.131500 -0.028000
v -0.257500 0.135900 -0.028000
v -0.257500 0.131500 -0.028000
v -0.357500 0.135900 -0.028000
v -0.357500 0.131500 -0.028000
v -0.457500 0.135900 -0.028000
v -0.457500 0.131500 -0.028000
v 0.242500 0.135900 -0.028000
v 0.242500 0.135900 -0.029713
v 0.142500 0.135900 -0.029713
v 0.142500 0.135900 -0.028000
v 0.042500 0.135900 -0.029713
v 0.042500 0.135900 -0.028000
v -0.057500 0.135900 -0.029713
v -0.057500 0.135900 -0.028000
v -0.157500 0.135900 -0.029713
v -0.157500 0.135900 -0.028000
v -0.257500 0.135900 -0.029713
v -0.257500 0.135900 -0.028000
v -0.357500 0.135900 -0.029713
v -0.357500 0.135900 -0.028000
v -0.457500 0.135900 -0.029713
v -0.457500 0.135900 -0.028000
v 0.242500 0.135900 -0.029713
v 0.242500 0.135300 -0.029713
v 0.142500 0.135300 -0.029713
v 0.142500 0.135900 -0.029713
v 0.042500 0.135300 -0.029713
v 0.042500 0.135900 -0.029713
v -0.057500 0.135300 -0.029713
v -0.057500 0.135900 -0.029713
v -0.157500 0.135300 -0.029713
v -0.157500 0.135900 -0.029713
v -0.257500 0.135300 -0.029713
v -0.257500 0.135900 -0.029713
v -0.357500 0.135300 -0.029713
v -0.357500 0.135900 -0.029713
v -0.457500 0.135300 -0.029713
v -0.457500 0.135900 -0.029713
v 0.242500 0.135300 -0.029713
v 0.242500 0.135300 -0.030000
v 0.142500 0.135300 -0.030000
v 0.142500 0.135300 -0.029713
v 0.042500 0.135300 -0.030000
v 0.042500 0.135300 -0.029713
v -0.057500 0.135300 -0.030000
v -0.057500 0.135300 -0.029713
v -0.157500 0.135300 -0.030000
v -0.157500 0.135300 -0.029713
v -0.257500 0.135300 -0.030000
v -0.257500 0.135300 -0.029713
v -0.357500 0.135300 -0.030000
v -0.357500 0.135300 -0.029713
v -0.457500 0.135300 -0.030000
v -0.457500 0.135300 -0.029713
v 0.242500 0.135300 -0.030000
v 0.242500 0.125000 -0.030000
v 0.142500 0.125000 -0.030000
v 0.142500 0.135300 -0.030000
v 0.042500 0.125000 -0.030000
v 0.042500 0.135300 -0.030000
v -0.057500 0.125000 -0.030000
v -0.057500 0.135300 -0.030000
v -0.157500 0.125000 -0.030000
v -0.157500 0.135300 -0.030000
v -0.257500 0.125000 -0.030000
v -0.257500 0.135300 -0.030000
v -0.357500 0.125000 -0.030000
v -0.357500 0.135300 -0.030000
v -0.457500 0.125000 -0.030000
v -0.457500 0.135300 -0.030000
v 0.242500 0.125000 -0.030000
v 0.242500 0.125000 -0.019700
v 0.142500 0.125000 -0.019700
v 0.142500 0.125000 -0.030000
v 0.042500 0.125000 -0.019700
v 0.042500 0.125000 -0.030000
v -0.057500 0.125000 -0.019700
v -0.057500 0.125000 -0.030000
v -0.157500 0.125000 -0.019700
v -0.157500 0.125000 -0.030000
v -0.257500 0.125000 -0.019700
v -0.257500 0.125000 -0.030000
v -0.357500 0.125000 -0.019700
v -0.357500 0.125000 -0.030000
v -0.457500 0.125000 -0.019700
v -0.457500 0.125000 -0.030000
v 0.242500 0.125000 -0.019700
v 0.242500 0.125355 -0.019700
v 0.142500 0.125355 -0.019700
v 0.142500 0.125000 -0.019700
v 0.042500 0.125355 -0.019700
v 0.042500 0.125000 -0.019700
v -0.057500 0.125355 -0.019700
v -0.057500 0.125000 -0.019700
v -0.157500 0.125355 -0.019700
v -0.157500 0.125000 -0.019700
v -0.257500 0.125355 -0.019700
v -0.257500 0.125000 -0.019700
v -0.357500 0.125355 -0.019700
v -0.357500 0.125000 -0.019700
v -0.457500 0.125355 -0.019700
v -0.457500 0.125000 -0.019700
v 0.242500 0.125355 -0.019700
v 0.242500 0.125355 -0.019100
v 0.142500 0.125355 -0.019100
v 0.142500 0.125355 -0.019700
v 0.042500 0.125355 -0.019100
v 0.042500 0.125355 -0.019700
v -0.057500 0.125355 -0.019100
v -0.057500 0.125355 -0.019700
v -0.157500 0.125355 -0.019100
v -0.157500 0.125355 -0.019700
v -0.257500 0.125355 -0.019100
v -0.257500 0.125355 -0.019700
v -0.357500 0.125355 -0.019100
v -0.357500 0.125355 -0.019700
v -0.457500 0.125355 -0.019100
v -0.457500 0.125355 -0.019700
v 0.242500 0.125355 -0.019100
v 0.242500 0.127000 -0.019100
v 0.142500 0.127000 -0.019100
v 0.142500 0.125355 -0.019100
v 0.042500 0.127000 -0.019100
v 0.042500 0.125355 -0.019100
v -0.057500 0.127000 -0.019100
v -0.057500 0.125355 -0.019100
v -0.157500 0.127000 -0.019100
v -0.157500 0.125355 -0.019100
v -0.257500 0.127000 -0.019100
v -0.257500 0.125355 -0.019100
v -0.357500 0.127000 -0.019100
v -0.357500 0.125355 -0.019100
v -0.457500 0.127000 -0.019100
v -0.457500 0.125355 -0.019100
v 0.242500 0.127000 -0.019100
v 0.242500 0.127000 -0.023791
v 0.142500 0.127000 -0.023791
v 0.142500 0.127000 -0.019100
v 0.042500 0.127000 -0.023791
v 0.042500 0.127000 -0.019100
v -0.057500 0.127000 -0.023791
v -0.057500 0.127000 -0.019100
v -0.157500 0.127000 -0.023791
v -0.157500 0.127000 -0.019100
v -0.257500 0.127000 -0.023791
v -0.257500 0.127000 -0.019100
v -0.357500 0.127000 -0.023791
v -0.357500 0.127000 -0.019100
v -0.457500 0.127000 -0.023791
v -0.457500 0.127000 -0.019100
v 0.242500 0.127000 -0.023791
v 0.242500 0.129760 -0.023791
v 0.142500 0.129760 -0.023791
v 0.142500 0.127000 -0.023791
v 0.042500 0.129760 -0.023791
v 0.042500 0.127000 -0.023791
v -0.057500 0.129760 -0.023791
v -0.057500 0.127000 -0.023791
v -0.157500 0.129760 -0.023791
v -0.157500 0.127000 -0.023791
v -0.257500 0.129760 -0.023791
v -0.257500 0.127000 -0.023791
v -0.357500 0.129760 -0.023791
v -0.357500 0.127000 -0.023791
v -0.457500 0.129760 -0.023791
v -0.457500 0.127000 -0.023791
v 0.242500 0.129760 -0.023791
v 0.242500 0.135014 -0.018337
v 0.142500 0.135014 -0.018337
v 0.142500 0.129760 -0.023791
v 0.042500 0.135014 -0.018337
v 0.042500 0.129760 -0.023791
v -0.057500 0.135014 -0.018337
v -0.057500 0.129760 -0.023791
v -0.157500 0.135014 -0.018337
v -0.157500 0.129760 -0.023791
v -0.257500 0.135014 -0.018337
v -0.257500 0.129760 -0.023791
v -0.357500 0.135014 -0.018337
v -0.357500 0.129760 -0.023791
v -0.457500 0.135014 -0.018337
v -0.457500 0.129760 -0.023791
v 0.142500 0.135014 -0.018337
v 0.242500 0.135014 -0.018337
v 0.242500 0.134372 -0.017079
v 0.042500 0.135014 -0.018337
v 0.142500 0.134372 -0.017079
v -0.057500 0.135014 -0.018337
v 0.042500 0.134372 -0.017079
v -0.157500 0.135014 -0.018337
v -0.057500 0.134372 -0.017079
v -0.257500 0.135014 -0.018337
v -0.157500 0.134372 -0.017079
v -0.357500 0.135014 -0.018337
v -0.257500 0.134372 -0.017079
v -0.457500 0.135014 -0.018337
v -0.357500 0.134372 -0.017079
v 0.242500 0.134042 -0.015706
v 0.142500 0.134042 -0.015706
v 0.042500 0.134042 -0.015706
v -0.057500 0.134042 -0.015706
v -0.157500 0.134042 -0.015706
v -0.257500 0.134042 -0.015706
v -0.457500 0.134372 -0.017079
v -0.357500 0.134042 -0.015706
v 0.242500 0.134042 -0.014294
v 0.142500 0.134042 -0.014294
v 0.042500 0.134042 -0.014294
v -0.057500 0.134042 -0.014294
v -0.157500 0.134042 -0.014294
v -0.257500 0.134042 -0.014294
v -0.457500 0.134042 -0.015706
v -0.357500 0.134042 -0.014294
v 0.242500 0.134372 -0.012921
v 0.142500 0.134372 -0.012921
v 0.042500 0.134372 -0.012921
v -0.057500 0.134372 -0.012921
v -0.157500 0.134372 -0.012921
v -0.257500 0.134372 -0.012921
v -0.457500 0.134042 -0.014294
v -0.357500 0.134372 -0.012921
v 0.242500 0.135014 -0.011663
v 0.142500 0.135014 -0.011663
v 0.042500 0.135014 -0.011663
v -0.057500 0.135014 -0.011663
v -0.157500 0.135014 -0.011663
v -0.257500 0.135014 -0.011663
v -0.457500 0.134372 -0.012921
v -0.357500 0.135014 -0.011663
v -0.457500 0.135014 -0.011663
v 0.242500 0.135014 -0.011663
v 0.242500 0.129760 -0.006209
v 0.142500 0.129760 -0.006209
v 0.142500 0.135014 -0.011663
v 0.042500 0.129760 -0.006209
v 0.042500 0.135014 -0.011663
v -0.057500 0.129760 -0.006209
v -0.057500 0.135014 -0.011663
v -0.157500 0.129760 -0.006209
v -0.157500 0.135014 -0.011663
v -0.257500 0.129760 -0.006209
v -0.257500 0.135014 -0.011663
v -0.357500 0.129760 -0.006209
v -0.357500 0.135014 -0.011663
v -0.457500 0.129760 -0.006209
v -0.457500 0.135014 -0.011663
v 0.242500 0.129760 -0.006209
v 0.242500 0.127000 -0.006209
v 0.142500 0.127000 -0.006209
v 0.142500 0.129760 -0.006209
v 0.042500 0.127000 -0.006209
v 0.042500 0.129760 -0.006209
v -0.057500 0.127000 -0.006209
v -0.057500 0.129760 -0.006209
v -0.157500 0.127000 -0.006209
v -0.157500 0.129760 -0.006209
v -0.257500 0.127000 -0.006209
v -0.257500 0.129760 -0.006209
v -0.357500 0.127000 -0.006209
v -0.357500 0.129760 -0.006209
v -0.457500 0.127000 -0.006209
v -0.457500 0.129760 -0.006209
v 0.242500 0.127000 -0.006209
v 0.242500 0.127000 -0.010900
v 0.142500 0.127000 -0.010900
v 0.142500 0.127000 -0.006209
v 0.042500 0.127000 -0.010900
v 0.042500 0.127000 -0.006209
v -0.057500 0.127000 -0.010900
v -0.057500 0.127000 -0.006209
v -0.157500 0.127000 -0.010900
v -0.157500 0.127000 -0.006209
v -0.257500 0.127000 -0.010900
v -0.257500 0.127000 -0.006209
v -0.357500 0.127000 -0.010900
v -0.357500 0.127000 -0.006209
v -0.457500 0.127000 -0.010900
v -0.457500 0.127000 -0.006209
v 0.242500 0.127000 -0.010900
v 0.242500 0.125355 -0.010900
v 0.142500 0.125355 -0.010900
v 0.142500 0.127000 -0.010900
v 0.042500 0.125355 -0.010900
v 0.042500 0.127000 -0.010900
v -0.057500 0.125355 -0.010900
v -0.057500 0.127000 -0.010900
v -0.157500 0.125355 -0.010900
v -0.157500 0.127000 -0.010900
v -0.257500 0.125355 -0.010900
v -0.257500 0.127000 -0.010900
v -0.357500 0.125355 -0.010900
v -0.357500 0.127000 -0.010900
v -0.457500 0.125355 -0.010900
v -0.457500 0.127000 -0.010900
v 0.242500 0.125355 -0.010900
v 0.242500 0.125355 -0.010300
v 0.142500 0.125355 -0.010300
v 0.142500 0.125355 -0.010900
v 0.042500 0.125355 -0.010300
v 0.042500 0.125355 -0.010900
v -0.057500 0.125355 -0.010300
v -0.057500 0.125355 -0.010900
v -0.157500 0.125355 -0.010300
v -0.157500 0.125355 -0.010900
v -0.257500 0.125355 -0.010300
v -0.257500 0.125355 -0.010900
v -0.357500 0.125355 -0.010300
v -0.357500 0.125355 -0.010900
v -0.457500 0.125355 -0.010300
v -0.457500 0.125355 -0.010900
v 0.242500 0.125355 -0.010300
v 0.242500 0.125000 -0.010300
v 0.142500 0.125000 -0.010300
v 0.142500 0.125355 -0.010300
v 0.042500 0.125000 -0.010300
v 0.042500 0.125355 -0.010300
v -0.057500 0.125000 -0.010300
v -0.057500 0.125355 -0.010300
v -0.157500 0.125000 -0.010300
v -0.157500 0.125355 -0.010300
v -0.257500 0.125000 -0.010300
v -0.257500 0.125355 -0.010300
v -0.357500 0.125000 -0.010300
v -0.357500 0.125355 -0.010300
v -0.457500 0.125000 -0.010300
v -0.457500 0.125355 -0.010300
v 0.242500 0.125000 -0.010300
v 0.242500 0.125000 0.000000
v 0.142500 0.125000 0.000000
v 0.142500 0.125000 -0.010300
v 0.042500 0.125000 0.000000
v 0.042500 0.125000 -0.010300
v -0.057500 0.125000 0.000000
v -0.057500 0.125000 -0.010300
v -0.157500 0.125000 0.000000
v -0.157500 0.125000 -0.010300
v -0.257500 0.125000 0.000000
v -0.257500 0.125000 -0.010300
v -0.357500 0.125000 0.000000
v -0.357500 0.125000 -0.010300
v -0.457500 0.125000 0.000000
v -0.457500 0.125000 -0.010300
v 0.242500 0.125000 0.000000
v 0.242500 0.135300 0.000000
v 0.142500 0.135300 0.000000
v 0.142500 0.125000 0.000000
v 0.042500 0.135300 0.000000
v 0.042500 0.125000 0.000000
v -0.057500 0.135300 0.000000
v -0.057500 0.125000 0.000000
v -0.157500 0.135300 0.000000
v -0.157500 0.125000 0.000000
v -0.257500 0.135300 0.000000
v -0.257500 0.125000 0.000000
v -0.357500 0.135300 0.000000
v -0.357500 0.125000 0.000000
v -0.457500 0.135300 0.000000
v -0.457500 0.125000 0.000000
v 0.242500 0.135300 0.000000
v 0.242500 0.135300 -0.000287
v 0.142500 0.135300 -0.000287
v 0.142500 0.135300 0.000000
v 0.042500 0.135300 -0.000287
v 0.042500 0.135300 0.000000
v -0.057500 0.135300 -0.000287
v -0.057500 0.135300 0.000000
v -0.157500 0.135300 -0.000287
v -0.157500 0.135300 0.000000
v -0.257500 0.135300 -0.000287
v -0.257500 0.135300 0.000000
v -0.357500 0.135300 -0.000287
v -0.357500 0.135300 0.000000
v -0.457500 0.135300 -0.000287
v -0.457500 0.135300 0.000000
v -0.457500 0.137813 -0.020587
v -0.457500 0.136505 -0.019877
v -0.457500 0.138300 -0.017945
v -0.457500 0.137596 -0.017404
v -0.457500 0.137056 -0.016700
v -0.457500 0.140744 -0.009046
v -0.457500 0.142187 -0.009413
v -0.457500 0.140880 -0.011716
v -0.457500 0.136716 -0.015880
v -0.457500 0.140000 -0.011600
v -0.457500 0.139256 -0.009046
v -0.457500 0.143495 -0.010123
v -0.457500 0.141700 -0.012056
v -0.457500 0.142944 -0.013300
v -0.457500 0.142404 -0.012596
v -0.457500 0.143495 -0.019877
v -0.457500 0.143284 -0.015880
v -0.457500 0.143400 -0.015000
v -0.457500 0.136600 -0.015000
v -0.457500 0.136505 -0.010123
v -0.457500 0.136716 -0.014120
v -0.457500 0.143284 -0.014120
v -0.457500 0.140744 -0.020954
v -0.457500 0.140000 -0.018400
v -0.457500 0.140880 -0.018284
v -0.457500 0.137596 -0.012596
v -0.457500 0.137056 -0.013300
v -0.457500 0.137813 -0.009413
v -0.457500 0.139120 -0.011716
v -0.457500 0.138300 -0.012056
v -0.457500 0.142944 -0.016700
v -0.457500 0.141700 -0.017945
v -0.457500 0.142404 -0.017404
v -0.457500 0.142187 -0.020587
v -0.457500 0.139256 -0.020954
v -0.457500 0.139120 -0.018284
v -0.457500 0.135014 -0.011663
v -0.457500 0.129760 -0.006209
v -0.457500 0.131500 -0.004928
v -0.457500 0.134042 -0.014294
v -0.457500 0.134372 -0.012921
v -0.457500 0.135014 -0.018337
v -0.457500 0.131500 -0.025072
v -0.457500 0.125000 0.000000
v -0.457500 0.131500 -0.002000
v -0.457500 0.144986 -0.018337
v -0.457500 0.150240 -0.023791
v -0.457500 0.148500 -0.025072
v -0.457500 0.134042 -0.015706
v -0.457500 0.134372 -0.017079
v -0.457500 0.129760 -0.023791
v -0.457500 0.125000 -0.030000
v -0.457500 0.127000 -0.023791
v -0.457500 0.135300 0.000000
v -0.457500 0.135300 -0.000287
v -0.457500 0.145628 -0.012921
v -0.457500 0.145958 -0.014294
v -0.457500 0.145958 -0.015706
v -0.457500 0.144986 -0.011663
v -0.457500 0.148500 -0.004928
v -0.457500 0.131500 -0.028000
v -0.457500 0.155000 -0.030000
v -0.457500 0.148500 -0.028000
v -0.457500 0.145628 -0.017079
v -0.457500 0.150240 -0.006209
v -0.457500 0.155000 0.000000
v -0.457500 0.153000 -0.006209
v -0.457500 0.127000 -0.006209
v -0.457500 0.144700 -0.030000
v -0.457500 0.144700 -0.029713
v -0.457500 0.148500 -0.002000
v -0.457500 0.125000 -0.010300
v -0.457500 0.127000 -0.010900
v -0.457500 0.125355 -0.010900
v -0.457500 0.125355 -0.010300
v -0.457500 0.153000 -0.023791
v -0.457500 0.125000 -0.019700
v -0.457500 0.125355 -0.019700
v -0.457500 0.135300 -0.030000
v -0.457500 0.135900 -0.028000
v -0.457500 0.135900 -0.029713
v -0.457500 0.135300 -0.029713
v -0.457500 0.127000 -0.019100
v -0.457500 0.155000 -0.019700
v -0.457500 0.153000 -0.019100
v -0.457500 0.154645 -0.019100
v -0.457500 0.154645 -0.019700
v -0.457500 0.144100 -0.028000
v -0.457500 0.125355 -0.019100
v -0.457500 0.155000 -0.010300
v -0.457500 0.154645 -0.010300
v -0.457500 0.144100 -0.029713
v -0.457500 0.144700 0.000000
v -0.457500 0.144100 -0.002000
v -0.457500 0.144100 -0.000287
v -0.457500 0.144700 -0.000287
v -0.457500 0.153000 -0.010900
v -0.457500 0.135900 -0.002000
v -0.457500 0.154645 -0.010900
v -0.457500 0.135900 -0.000287
v 0.242500 0.137813 -0.009413
v 0.242500 0.136505 -0.010123
v 0.242500 0.138300 -0.012056
v 0.242500 0.143495 -0.010123
v 0.242500 0.143284 -0.014120
v 0.242500 0.143400 -0.015000
v 0.242500 0.140744 -0.009046
v 0.242500 0.140000 -0.011600
v 0.242500 0.140880 -0.011716
v 0.242500 0.137596 -0.012596
v 0.242500 0.136716 -0.014120
v 0.242500 0.137056 -0.013300
v 0.242500 0.143495 -0.019877
v 0.242500 0.141700 -0.012056
v 0.242500 0.142404 -0.012596
v 0.242500 0.142187 -0.009413
v 0.242500 0.136505 -0.019877
v 0.242500 0.136600 -0.015000
v 0.242500 0.138300 -0.017945
v 0.242500 0.137596 -0.017404
v 0.242500 0.137813 -0.020587
v 0.242500 0.139120 -0.018284
v 0.242500 0.140744 -0.020954
v 0.242500 0.142187 -0.020587
v 0.242500 0.140880 -0.018284
v 0.242500 0.141700 -0.017945
v 0.242500 0.142944 -0.016700
v 0.242500 0.142404 -0.017404
v 0.242500 0.143284 -0.015880
v 0.242500 0.142944 -0.013300
v 0.242500 0.139256 -0.009046
v 0.242500 0.139120 -0.011716
v 0.242500 0.135014 -0.018337
v 0.242500 0.129760 -0.023791
v 0.242500 0.131500 -0.025072
v 0.242500 0.140000 -0.018400
v 0.242500 0.139256 -0.020954
v 0.242500 0.136716 -0.015880
v 0.242500 0.137056 -0.016700
v 0.242500 0.135014 -0.011663
v 0.242500 0.131500 -0.004928
v 0.242500 0.144986 -0.018337
v 0.242500 0.148500 -0.025072
v 0.242500 0.125000 -0.030000
v 0.242500 0.131500 -0.028000
v 0.242500 0.134042 -0.015706
v 0.242500 0.134372 -0.017079
v 0.242500 0.129760 -0.006209
v 0.242500 0.125000 0.000000
v 0.242500 0.127000 -0.006209
v 0.242500 0.150240 -0.023791
v 0.242500 0.135300 -0.030000
v 0.242500 0.135300 -0.029713
v 0.242500 0.144986 -0.011663
v 0.242500 0.150240 -0.006209
v 0.242500 0.148500 -0.004928
v 0.242500 0.134042 -0.014294
v 0.242500 0.134372 -0.012921
v 0.242500 0.135300 0.000000
v 0.242500 0.131500 -0.002000
v 0.242500 0.155000 -0.030000
v 0.242500 0.153000 -0.023791
v 0.242500 0.155000 0.000000
v 0.242500 0.148500 -0.002000
v 0.242500 0.145628 -0.012921
v 0.242500 0.145628 -0.017079
v 0.242500 0.145958 -0.015706
v 0.242500 0.148500 -0.028000
v 0.242500 0.127000 -0.023791
v 0.242500 0.144700 0.000000
v 0.242500 0.144700 -0.000287
v 0.242500 0.135300 -0.000287
v 0.242500 0.145958 -0.014294
v 0.242500 0.155000 -0.010300
v 0.242500 0.153000 -0.006209
v 0.242500 0.153000 -0.010900
v 0.242500 0.154645 -0.010900
v 0.242500 0.154645 -0.010300
v 0.242500 0.144100 -0.002000
v 0.242500 0.155000 -0.019700
v 0.242500 0.154645 -0.019700
v 0.242500 0.144100 -0.000287
v 0.242500 0.144700 -0.030000
v 0.242500 0.144100 -0.028000
v 0.242500 0.144100 -0.029713
v 0.242500 0.144700 -0.029713
v 0.242500 0.153000 -0.019100
v 0.242500 0.125000 -0.019700
v 0.242500 0.127000 -0.019100
v 0.242500 0.125355 -0.019100
v 0.242500 0.125355 -0.019700
v 0.242500 0.135900 -0.028000
v 0.242500 0.154645 -0.019100
v 0.242500 0.125355 -0.010300
v 0.242500 0.127000 -0.010900
v 0.242500 0.135900 -0.029713
v 0.242500 0.125355 -0.010900
v 0.242500 0.125000 -0.010300
v 0.242500 0.135900 -0.002000
v 0.242500 0.135900 -0.000287
v -0.013300 0.041667 -0.012056
v -0.015000 0.041667 -0.011600
v -0.015000 0.125000 -0.011600
v -0.013300 -0.041667 -0.012056
v -0.015000 -0.041667 -0.011600
v -0.013300 -0.125000 -0.012056
v -0.015000 -0.125000 -0.011600
v -0.012056 0.041667 -0.013300
v -0.013300 0.125000 -0.012056
v -0.012056 -0.041667 -0.013300
v -0.012056 -0.125000 -0.013300
v -0.011600 0.041667 -0.015000
v -0.012056 0.125000 -0.013300
v -0.011600 -0.041667 -0.015000
v -0.011600 -0.125000 -0.015000
v -0.012056 0.041667 -0.016700
v -0.011600 0.125000 -0.015000
v -0.012056 -0.041667 -0.016700
v -0.012056 -0.125000 -0.016700
v -0.013300 0.041667 -0.017944
v -0.012056 0.125000 -0.016700
v -0.013300 -0.041667 -0.017944
v -0.013300 -0.125000 -0.017944
v -0.015000 0.041667 -0.018400
v -0.013300 0.125000 -0.017945
v -0.015000 -0.041667 -0.018400
v -0.015000 -0.125000 -0.018400
v -0.016700 0.041667 -0.017944
v -0.015000 0.125000 -0.018400
v -0.016700 -0.041667 -0.017944
v -0.016700 -0.125000 -0.017944
v -0.017944 0.041667 -0.016700
v -0.016700 0.125000 -0.017945
v -0.017944 -0.041667 -0.016700
v -0.017944 -0.125000 -0.016700
v -0.018400 0.041667 -0.015000
v -0.017944 0.125000 -0.016700
v -0.018400 -0.041667 -0.015000
v -0.018400 -0.125000 -0.015000
v -0.017944 0.041667 -0.013300
v -0.018400 0.125000 -0.015000
v -0.017944 -0.041667 -0.013300
v -0.017944 -0.125000 -0.013300
v -0.016700 0.041667 -0.012056
v -0.017944 0.125000 -0.013300
v -0.016700 -0.041667 -0.012056
v -0.016700 -0.125000 -0.012056
v -0.016700 0.125000 -0.012056
v -0.010300 0.125000 -0.000287
v -0.010900 0.125000 -0.000287
v -0.010900 0.041667 -0.000287
v -0.010300 0.041667 -0.000287
v -0.010900 -0.041667 -0.000287
v -0.010300 -0.041667 -0.000287
v -0.010900 -0.125000 -0.000287
v -0.010300 -0.125000 -0.000287
v -0.010900 0.125000 -0.000287
v -0.010900 0.125000 -0.002000
v -0.010900 0.041667 -0.002000
v -0.010900 0.041667 -0.000287
v -0.010900 -0.041667 -0.002000
v -0.010900 -0.041667 -0.000287
v -0.010900 -0.125000 -0.002000
v -0.010900 -0.125000 -0.000287
v -0.010900 0.125000 -0.002000
v -0.006500 0.125000 -0.002000
v -0.006500 0.041667 -0.002000
v -0.010900 0.041667 -0.002000
v -0.006500 -0.041667 -0.002000
v -0.010900 -0.041667 -0.002000
v -0.006500 -0.125000 -0.002000
v -0.010900 -0.125000 -0.002000
v -0.006500 0.125000 -0.002000
v -0.006500 0.125000 -0.004928
v -0.006500 0.041667 -0.004928
v -0.006500 0.041667 -0.002000
v -0.006500 -0.041667 -0.004928
v -0.006500 -0.041667 -0.002000
v -0.006500 -0.125000 -0.004928
v -0.006500 -0.125000 -0.002000
v -0.006500 0.125000 -0.004928
v -0.011505 0.125000 -0.010123
v -0.011505 0.041667 -0.010123
v -0.006500 0.041667 -0.004928
v -0.011505 -0.041667 -0.010123
v -0.006500 -0.041667 -0.004928
v -0.011505 -0.125000 -0.010123
v -0.006500 -0.125000 -0.004928
v -0.011505 0.041667 -0.010123
v -0.011505 0.125000 -0.010123
v -0.013765 0.125000 -0.009128
v -0.011505 -0.041667 -0.010123
v -0.013765 0.041667 -0.009128
v -0.011505 -0.125000 -0.010123
v -0.013765 -0.041667 -0.009128
v -0.016235 0.125000 -0.009128
v -0.016235 0.041667 -0.009128
v -0.013765 -0.125000 -0.009128
v -0.016235 -0.041667 -0.009128
v -0.018495 0.125000 -0.010123
v -0.018495 0.041667 -0.010123
v -0.016235 -0.125000 -0.009128
v -0.018495 -0.041667 -0.010123
v -0.018495 -0.125000 -0.010123
v -0.018495 0.125000 -0.010123
v -0.023500 0.125000 -0.004928
v -0.023500 0.041667 -0.004928
v -0.018495 0.041667 -0.010123
v -0.023500 -0.041667 -0.004928
v -0.018495 -0.041667 -0.010123
v -0.023500 -0.125000 -0.004928
v -0.018495 -0.125000 -0.010123
v -0.023500 0.125000 -0.004928
v -0.023500 0.125000 -0.002000
v -0.023500 0.041667 -0.002000
v -0.023500 0.041667 -0.004928
v -0.023500 -0.041667 -0.002000
v -0.023500 -0.041667 -0.004928
v -0.023500 -0.125000 -0.002000
v -0.023500 -0.125000 -0.004928
v -0.023500 0.125000 -0.002000
v -0.019100 0.125000 -0.002000
v -0.019100 0.041667 -0.002000
v -0.023500 0.041667 -0.002000
v -0.019100 -0.041667 -0.002000
v -0.023500 -0.041667 -0.002000
v -0.019100 -0.125000 -0.002000
v -0.023500 -0.125000 -0.002000
v -0.019100 0.125000 -0.002000
v -0.019100 0.125000 -0.000287
v -0.019100 0.041667 -0.000287
v -0.019100 0.041667 -0.002000
v -0.019100 -0.041667 -0.000287
v -0.019100 -0.041667 -0.002000
v -0.019100 -0.125000 -0.000287
v -0.019100 -0.125000 -0.002000
v -0.019100 0.125000 -0.000287
v -0.019700 0.125000 -0.000287
v -0.019700 0.041667 -0.000287
v -0.019100 0.041667 -0.000287
v -0.019700 -0.041667 -0.000287
v -0.019100 -0.041667 -0.000287
v -0.019700 -0.125000 -0.000287
v -0.019100 -0.125000 -0.000287
v -0.019700 0.125000 -0.000287
v -0.019700 0.125000 0.000000
v -0.019700 0.041667 0.000000
v -0.019700 0.041667 -0.000287
v -0.019700 -0.041667 0.000000
v -0.019700 -0.041667 -0.000287
v -0.019700 -0.125000 0.000000
v -0.019700 -0.125000 -0.000287
v -0.019700 0.125000 0.000000
v -0.030000 0.125000 0.000000
v -0.030000 0.041667 0.000000
v -0.019700 0.041667 0.000000
v -0.030000 -0.041667 0.000000
v -0.019700 -0.041667 0.000000
v -0.030000 -0.125000 0.000000
v -0.019700 -0.125000 0.000000
v -0.030000 0.125000 0.000000
v -0.030000 0.125000 -0.010300
v -0.030000 0.041667 -0.010300
v -0.030000 0.041667 0.000000
v -0.030000 -0.041667 -0.010300
v -0.030000 -0.041667 0.000000
v -0.030000 -0.125000 -0.010300
v -0.030000 -0.125000 0.000000
v -0.030000 0.125000 -0.010300
v -0.029645 0.125000 -0.010300
v -0.029645 0.041667 -0.010300
v -0.030000 0.041667 -0.010300
v -0.029645 -0.041667 -0.010300
v -0.030000 -0.041667 -0.010300
v -0.029645 -0.125000 -0.010300
v -0.030000 -0.125000 -0.010300
v -0.029645 0.125000 -0.010300
v -0.029645 0.125000 -0.010900
v -0.029645 0.041667 -0.010900
v -0.029645 0.041667 -0.010300
v -0.029645 -0.041667 -0.010900
v -0.029645 -0.041667 -0.010300
v -0.029645 -0.125000 -0.010900
v -0.029645 -0.125000 -0.010300
v -0.029645 0.125000 -0.010900
v -0.028000 0.125000 -0.010900
v -0.028000 0.041667 -0.010900
v -0.029645 0.041667 -0.010900
v -0.028000 -0.041667 -0.010900
v -0.029645 -0.041667 -0.010900
v -0.028000 -0.125000 -0.010900
v -0.029645 -0.125000 -0.010900
v -0.028000 0.125000 -0.010900
v -0.028000 0.125000 -0.006209
v -0.028000 0.041667 -0.006209
v -0.028000 0.041667 -0.010900
v -0.028000 -0.041667 -0.006209
v -0.028000 -0.041667 -0.010900
v -0.028000 -0.125000 -0.006209
v -0.028000 -0.125000 -0.010900
v -0.028000 0.125000 -0.006209
v -0.025240 0.125000 -0.006209
v -0.025240 0.041667 -0.006209
v -0.028000 0.041667 -0.006209
v -0.025240 -0.041667 -0.006209
v -0.028000 -0.041667 -0.006209
v -0.025240 -0.125000 -0.006209
v -0.028000 -0.125000 -0.006209
v -0.025240 0.125000 -0.006209
v -0.019986 0.125000 -0.011663
v -0.019986 0.041667 -0.011663
v -0.025240 0.041667 -0.006209
v -0.019986 -0.041667 -0.011663
v -0.025240 -0.041667 -0.006209
v -0.019986 -0.125000 -0.011663
v -0.025240 -0.125000 -0.006209
v -0.019986 0.041667 -0.011663
v -0.019986 0.125000 -0.011663
v -0.020884 0.125000 -0.013828
v -0.019986 -0.041667 -0.011663
v -0.020884 0.041667 -0.013828
v -0.019986 -0.125000 -0.011663
v -0.020884 -0.041667 -0.013828
v -0.020884 0.125000 -0.016172
v -0.020884 0.041667 -0.016172
v -0.020884 -0.125000 -0.013828
v -0.020884 -0.041667 -0.016172
v -0.019986 0.125000 -0.018337
v -0.019986 0.041667 -0.018337
v -0.020884 -0.125000 -0.016172
v -0.019986 -0.041667 -0.018337
v -0.019986 -0.125000 -0.018337
v -0.019986 0.125000 -0.018337
v -0.025240 0.125000 -0.023791
v -0.025240 0.041667 -0.023791
v -0.019986 0.041667 -0.018337
v -0.025240 -0.041667 -0.023791
v -0.019986 -0.041667 -0.018337
v -0.025240 -0.125000 -0.023791
v -0.019986 -0.125000 -0.018337
v -0.025240 0.125000 -0.023791
v -0.028000 0.125000 -0.023791
v -0.028000 0.041667 -0.023791
v -0.025240 0.041667 -0.023791
v -0.028000 -0.041667 -0.023791
v -0.025240 -0.041667 -0.023791
v -0.028000 -0.125000 -0.023791
v -0.025240 -0.125000 -0.023791
v -0.028000 0.125000 -0.023791
v -0.028000 0.125000 -0.019100
v -0.028000 0.041667 -0.019100
v -0.028000 0.041667 -0.023791
v -0.028000 -0.041667 -0.019100
v -0.028000 -0.041667 -0.023791
v -0.028000 -0.125000 -0.019100
v -0.028000 -0.125000 -0.023791
v -0.028000 0.125000 -0.019100
v -0.029645 0.125000 -0.019100
v -0.029645 0.041667 -0.019100
v -0.028000 0.041667 -0.019100
v -0.029645 -0.041667 -0.019100
v -0.028000 -0.041667 -0.019100
v -0.029645 -0.125000 -0.019100
v -0.028000 -0.125000 -0.019100
v -0.029645 0.125000 -0.019100
v -0.029645 0.125000 -0.019700
v -0.029645 0.041667 -0.019700
v -0.029645 0.041667 -0.019100
v -0.029645 -0.041667 -0.019700
v -0.029645 -0.041667 -0.019100
v -0.029645 -0.125000 -0.019700
v -0.029645 -0.125000 -0.019100
v -0.029645 0.125000 -0.019700
v -0.030000 0.125000 -0.019700
v -0.030000 0.041667 -0.019700
v -0.029645 0.041667 -0.019700
v -0.030000 -0.041667 -0.019700
v -0.029645 -0.041667 -0.019700
v -0.030000 -0.125000 -0.019700
v -0.029645 -0.125000 -0.019700
v -0.030000 0.125000 -0.019700
v -0.030000 0.125000 -0.030000
v -0.030000 0.041667 -0.030000
v -0.030000 0.041667 -0.019700
v -0.030000 -0.041667 -0.030000
v -0.030000 -0.041667 -0.019700
v -0.030000 -0.125000 -0.030000
v -0.030000 -0.125000 -0.019700
v -0.030000 0.125000 -0.030000
v -0.019700 0.125000 -0.030000
v -0.019700 0.041667 -0.030000
v -0.030000 0.041667 -0.030000
v -0.019700 -0.041667 -0.030000
v -0.030000 -0.041667 -0.030000
v -0.019700 -0.125000 -0.030000
v -0.030000 -0.125000 -0.030000
v -0.019700 0.125000 -0.030000
v -0.019700 0.125000 -0.029713
v -0.019700 0.041667 -0.029713
v -0.019700 0.041667 -0.030000
v -0.019700 -0.041667 -0.029713
v -0.019700 -0.041667 -0.030000
v -0.019700 -0.125000 -0.029713
v -0.019700 -0.125000 -0.030000
v -0.019700 0.125000 -0.029713
v -0.019100 0.125000 -0.029713
v -0.019100 0.041667 -0.029713
v -0.019700 0.041667 -0.029713
v -0.019100 -0.041667 -0.029713
v -0.019700 -0.041667 -0.029713
v -0.019100 -0.125000 -0.029713
v -0.019700 -0.125000 -0.029713
v -0.019100 0.125000 -0.029713
v -0.019100 0.125000 -0.028000
v -0.019100 0.041667 -0.028000
v -0.019100 0.041667 -0.029713
v -0.019100 -0.041667 -0.028000
v -0.019100 -0.041667 -0.029713
v -0.019100 -0.125000 -0.028000
v -0.019100 -0.125000 -0.029713
v -0.019100 0.125000 -0.028000
v -0.023500 0.125000 -0.028000
v -0.023500 0.041667 -0.028000
v -0.019100 0.041667 -0.028000
v -0.023500 -0.041667 -0.028000
v -0.019100 -0.041667 -0.028000
v -0.023500 -0.125000 -0.028000
v -0.019100 -0.125000 -0.028000
v -0.023500 0.125000 -0.028000
v -0.023500 0.125000 -0.025072
v -0.023500 0.041667 -0.025072
v -0.023500 0.041667 -0.028000
v -0.023500 -0.041667 -0.025072
v -0.023500 -0.041667 -0.028000
v -0.023500 -0.125000 -0.025072
v -0.023500 -0.125000 -0.028000
v -0.023500 0.125000 -0.025072
v -0.018495 0.125000 -0.019877
v -0.018495 0.041667 -0.019877
v -0.023500 0.041667 -0.025072
v -0.018495 -0.041667 -0.019877
v -0.023500 -0.041667 -0.025072
v -0.018495 -0.125000 -0.019877
v -0.023500 -0.125000 -0.025072
v -0.018495 0.041667 -0.019877
v -0.018495 0.125000 -0.019877
v -0.016235 0.125000 -0.020872
v -0.018495 -0.041667 -0.019877
v -0.016235 0.041667 -0.020872
v -0.018495 -0.125000 -0.019877
v -0.016235 -0.041667 -0.020872
v -0.013765 0.125000 -0.020872
v -0.013765 0.041667 -0.020872
v -0.016235 -0.125000 -0.020872
v -0.013765 -0.041667 -0.020872
v -0.011505 0.125000 -0.019877
v -0.011505 0.041667 -0.019877
v -0.013765 -0.125000 -0.020872
v -0.011505 -0.041667 -0.019877
v -0.011505 -0.125000 -0.019877
v -0.011505 0.125000 -0.019877
v -0.006500 0.125000 -0.025072
v -0.006500 0.041667 -0.025072
v -0.011505 0.041667 -0.019877
v -0.006500 -0.041667 -0.025072
v -0.011505 -0.041667 -0.019877
v -0.006500 -0.125000 -0.025072
v -0.011505 -0.125000 -0.019877
v -0.006500 0.125000 -0.025072
v -0.006500 0.125000 -0.028000
v -0.006500 0.041667 -0.028000
v -0.006500 0.041667 -0.025072
v -0.006500 -0.041667 -0.028000
v -0.006500 -0.041667 -0.025072
v -0.006500 -0.125000 -0.028000
v -0.006500 -0.125000 -0.025072
v -0.006500 0.125000 -0.028000
v -0.010900 0.125000 -0.028000
v -0.010900 0.041667 -0.028000
v -0.006500 0.041667 -0.028000
v -0.010900 -0.041667 -0.028000
v -0.006500 -0.041667 -0.028000
v -0.010900 -0.125000 -0.028000
v -0.006500 -0.125000 -0.028000
v -0.010900 0.125000 -0.028000
v -0.010900 0.125000 -0.029713
v -0.010900 0.041667 -0.029713
v -0.010900 0.041667 -0.028000
v -0.010900 -0.041667 -0.029713
v -0.010900 -0.041667 -0.028000
v -0.010900 -0.125000 -0.029713
v -0.010900 -0.125000 -0.028000
v -0.010900 0.125000 -0.029713
v -0.010300 0.125000 -0.029713
v -0.010300 0.041667 -0.029713
v -0.010900 0.041667 -0.029713
v -0.010300 -0.041667 -0.029713
v -0.010900 -0.041667 -0.029713
v -0.010300 -0.125000 -0.029713
v -0.010900 -0.125000 -0.029713
v -0.010300 0.125000 -0.029713
v -0.010300 0.125000 -0.030000
v -0.010300 0.041667 -0.030000
v -0.010300 0.041667 -0.029713
v -0.010300 -0.041667 -0.030000
v -0.010300 -0.041667 -0.029713
v -0.010300 -0.125000 -0.030000
v -0.010300 -0.125000 -0.029713
v -0.010300 0.125000 -0.030000
v 0.000000 0.125000 -0.030000
v 0.000000 0.041667 -0.030000
v -0.010300 0.041667 -0.030000
v -0.000000 -0.041667 -0.030000
v -0.010300 -0.041667 -0.030000
v -0.000000 -0.125000 -0.030000
v -0.010300 -0.125000 -0.030000
v 0.000000 0.125000 -0.030000
v 0.000000 0.125000 -0.019700
v 0.000000 0.041667 -0.019700
v 0.000000 0.041667 -0.030000
v -0.000000 -0.041667 -0.019700
v -0.000000 -0.041667 -0.030000
v -0.000000 -0.125000 -0.019700
v -0.000000 -0.125000 -0.030000
v 0.000000 0.125000 -0.019700
v -0.000355 0.125000 -0.019700
v -0.000355 0.041667 -0.019700
v 0.000000 0.041667 -0.019700
v -0.000355 -0.041667 -0.019700
v -0.000000 -0.041667 -0.019700
v -0.000355 -0.125000 -0.019700
v -0.000000 -0.125000 -0.019700
v -0.000355 0.125000 -0.019700
v -0.000355 0.125000 -0.019100
v -0.000355 0.041667 -0.019100
v -0.000355 0.041667 -0.019700
v -0.000355 -0.041667 -0.019100
v -0.000355 -0.041667 -0.019700
v -0.000355 -0.125000 -0.019100
v -0.000355 -0.125000 -0.019700
v -0.000355 0.125000 -0.019100
v -0.002000 0.125000 -0.019100
v -0.002000 0.041667 -0.019100
v -0.000355 0.041667 -0.019100
v -0.002000 -0.041667 -0.019100
v -0.000355 -0.041667 -0.019100
v -0.002000 -0.125000 -0.019100
v -0.000355 -0.125000 -0.019100
v -0.002000 0.125000 -0.019100
v -0.002000 0.125000 -0.023791
v -0.002000 0.041667 -0.023791
v -0.002000 0.041667 -0.019100
v -0.002000 -0.041667 -0.023791
v -0.002000 -0.041667 -0.019100
v -0.002000 -0.125000 -0.023791
v -0.002000 -0.125000 -0.019100
v -0.002000 0.125000 -0.023791
v -0.004760 0.125000 -0.023791
v -0.004760 0.041667 -0.023791
v -0.002000 0.041667 -0.023791
v -0.004760 -0.041667 -0.023791
v -0.002000 -0.041667 -0.023791
v -0.004760 -0.125000 -0.023791
v -0.002000 -0.125000 -0.023791
v -0.004760 0.125000 -0.023791
v -0.010014 0.125000 -0.018337
v -0.010014 0.041667 -0.018337
v -0.004760 0.041667 -0.023791
v -0.010014 -0.041667 -0.018337
v -0.004760 -0.041667 -0.023791
v -0.010014 -0.125000 -0.018337
v -0.004760 -0.125000 -0.023791
v -0.010014 0.041667 -0.018337
v -0.010014 0.125000 -0.018337
v -0.009116 0.125000 -0.016172
v -0.010014 -0.041667 -0.018337
v -0.009116 0.041667 -0.016172
v -0.010014 -0.125000 -0.018337
v -0.009116 -0.041667 -0.016172
v -0.009116 0.125000 -0.013828
v -0.009116 0.041667 -0.013828
v -0.009116 -0.125000 -0.016172
v -0.009116 -0.041667 -0.013828
v -0.010014 0.125000 -0.011663
v -0.010014 0.041667 -0.011663
v -0.009116 -0.125000 -0.013828
v -0.010014 -0.041667 -0.011663
v -0.010014 -0.125000 -0.011663
v -0.010014 0.125000 -0.011663
v -0.004760 0.125000 -0.006209
v -0.004760 0.041667 -0.006209
v -0.010014 0.041667 -0.011663
v -0.004760 -0.041667 -0.006209
v -0.010014 -0.041667 -0.011663
v -0.004760 -0.125000 -0.006209
v -0.010014 -0.125000 -0.011663
v -0.004760 0.125000 -0.006209
v -0.002000 0.125000 -0.006209
v -0.002000 0.041667 -0.006209
v -0.004760 0.041667 -0.006209
v -0.002000 -0.041667 -0.006209
v -0.004760 -0.041667 -0.006209
v -0.002000 -0.125000 -0.006209
v -0.004760 -0.125000 -0.006209
v -0.002000 0.125000 -0.006209
v -0.002000 0.125000 -0.010900
v -0.002000 0.041667 -0.010900
v -0.002000 0.041667 -0.006209
v -0.002000 -0.041667 -0.010900
v -0.002000 -0.041667 -0.006209
v -0.002000 -0.125000 -0.010900
v -0.002000 -0.125000 -0.006209
v -0.002000 0.125000 -0.010900
v -0.000355 0.125000 -0.010900
v -0.000355 0.041667 -0.010900
v -0.002000 0.041667 -0.010900
v -0.000355 -0.041667 -0.010900
v -0.002000 -0.041667 -0.010900
v -0.000355 -0.125000 -0.010900
v -0.002000 -0.125000 -0.010900
v -0.000355 0.125000 -0.010900
v -0.000355 0.125000 -0.010300
v -0.000355 0.041667 -0.010300
v -0.000355 0.041667 -0.010900
v -0.000355 -0.041667 -0.010300
v -0.000355 -0.041667 -0.010900
v -0.000355 -0.125000 -0.010300
v -0.000355 -0.125000 -0.010900
v -0.000355 0.125000 -0.010300
v 0.000000 0.125000 -0.010300
v 0.000000 0.041667 -0.010300
v -0.000355 0.041667 -0.010300
v -0.000000 -0.041667 -0.010300
v -0.000355 -0.041667 -0.010300
v -0.000000 -0.125000 -0.010300
v -0.000355 -0.125000 -0.010300
v 0.000000 0.125000 -0.010300
v 0.000000 0.125000 0.000000
v 0.000000 0.041667 0.000000
v 0.000000 0.041667 -0.010300
v -0.000000 -0.041667 0.000000
v -0.000000 -0.041667 -0.010300
v -0.000000 -0.125000 0.000000
v -0.000000 -0.125000 -0.010300
v 0.000000 0.125000 0.000000
v -0.010300 0.125000 0.000000
v -0.010300 0.041667 0.000000
v 0.000000 0.041667 0.000000
v -0.010300 -0.041667 0.000000
v -0.000000 -0.041667 0.000000
v -0.010300 -0.125000 0.000000
v -0.000000 -0.125000 0.000000
v -0.010300 0.125000 0.000000
v -0.010300 0.125000 -0.000287
v -0.010300 0.041667 -0.000287
v -0.010300 0.041667 0.000000
v -0.010300 -0.041667 -0.000287
v -0.010300 -0.041667 0.000000
v -0.010300 -0.125000 -0.000287
v -0.010300 -0.125000 0.000000
v -0.016235 -0.125000 -0.020872
v -0.015000 -0.125000 -0.018400
v -0.016700 -0.125000 -0.017944
v -0.015000 -0.125000 -0.011600
v -0.011505 -0.125000 -0.010123
v -0.013765 -0.125000 -0.009128
v -0.016235 -0.125000 -0.009128
v -0.018495 -0.125000 -0.010123
v -0.016700 -0.125000 -0.012056
v -0.018495 -0.125000 -0.019877
v -0.013765 -0.125000 -0.020872
v -0.011505 -0.125000 -0.019877
v -0.013300 -0.125000 -0.017944
v -0.017944 -0.125000 -0.016700
v -0.018400 -0.125000 -0.015000
v -0.012056 -0.125000 -0.016700
v -0.017944 -0.125000 -0.013300
v -0.010014 -0.125000 -0.011663
v -0.011600 -0.125000 -0.015000
v -0.013300 -0.125000 -0.012056
v -0.012056 -0.125000 -0.013300
v -0.004760 -0.125000 -0.006209
v -0.006500 -0.125000 -0.004928
v -0.019986 -0.125000 -0.011663
v -0.023500 -0.125000 -0.004928
v -0.010014 -0.125000 -0.018337
v -0.006500 -0.125000 -0.025072
v -0.025240 -0.125000 -0.006209
v -0.000000 -0.125000 0.000000
v -0.006500 -0.125000 -0.002000
v -0.019986 -0.125000 -0.018337
v -0.025240 -0.125000 -0.023791
v -0.023500 -0.125000 -0.025072
v -0.009116 -0.125000 -0.016172
v -0.004760 -0.125000 -0.023791
v -0.000000 -0.125000 -0.030000
v -0.002000 -0.125000 -0.023791
v -0.030000 -0.125000 0.000000
v -0.028000 -0.125000 -0.006209
v -0.010300 -0.125000 0.000000
v -0.010300 -0.125000 -0.000287
v -0.030000 -0.125000 -0.030000
v -0.023500 -0.125000 -0.028000
v -0.006500 -0.125000 -0.028000
v -0.023500 -0.125000 -0.002000
v -0.019700 -0.125000 -0.030000
v -0.019700 -0.125000 -0.029713
v -0.020884 -0.125000 -0.013828
v -0.002000 -0.125000 -0.006209
v -0.020884 -0.125000 -0.016172
v -0.000000 -0.125000 -0.010300
v -0.002000 -0.125000 -0.010900
v -0.000355 -0.125000 -0.010900
v -0.000355 -0.125000 -0.010300
v -0.028000 -0.125000 -0.023791
v -0.000000 -0.125000 -0.019700
v -0.000355 -0.125000 -0.019700
v -0.009116 -0.125000 -0.013828
v -0.010300 -0.125000 -0.030000
v -0.010900 -0.125000 -0.028000
v -0.010900 -0.125000 -0.029713
v -0.010300 -0.125000 -0.029713
v -0.002000 -0.125000 -0.019100
v -0.030000 -0.125000 -0.019700
v -0.028000 -0.125000 -0.019100
v -0.029645 -0.125000 -0.019100
v -0.029645 -0.125000 -0.019700
v -0.019100 -0.125000 -0.028000
v -0.000355 -0.125000 -0.019100
v -0.030000 -0.125000 -0.010300
v -0.029645 -0.125000 -0.010300
v -0.019100 -0.125000 -0.029713
v -0.019700 -0.125000 0.000000
v -0.019100 -0.125000 -0.002000
v -0.019100 -0.125000 -0.000287
v -0.019700 -0.125000 -0.000287
v -0.028000 -0.125000 -0.010900
v -0.010900 -0.125000 -0.002000
v -0.029645 -0.125000 -0.010900
v -0.010900 -0.125000 -0.000287
v -0.016235 0.125000 -0.020872
v -0.018495 0.125000 -0.019877
v -0.016700 0.125000 -0.017945
v -0.018495 0.125000 -0.010123
v -0.018400 0.125000 -0.015000
v -0.017944 0.125000 -0.016700
v -0.017944 0.125000 -0.013300
v -0.016235 0.125000 -0.009128
v -0.015000 0.125000 -0.011600
v -0.016700 0.125000 -0.012056
v -0.013765 0.125000 -0.009128
v -0.011505 0.125000 -0.010123
v -0.013300 0.125000 -0.012056
v -0.013765 0.125000 -0.020872
v -0.015000 0.125000 -0.018400
v -0.013300 0.125000 -0.017945
v -0.019986 0.125000 -0.018337
v -0.023500 0.125000 -0.025072
v -0.011505 0.125000 -0.019877
v -0.011600 0.125000 -0.015000
v -0.010014 0.125000 -0.018337
v -0.004760 0.125000 -0.023791
v -0.006500 0.125000 -0.025072
v -0.010014 0.125000 -0.011663
v -0.006500 0.125000 -0.004928
v -0.025240 0.125000 -0.023791
v -0.012056 0.125000 -0.013300
v -0.004760 0.125000 -0.006209
v 0.000000 0.125000 0.000000
v -0.002000 0.125000 -0.006209
v -0.030000 0.125000 -0.030000
v -0.028000 0.125000 -0.023791
v -0.012056 0.125000 -0.016700
v 0.000000 0.125000 -0.030000
v -0.006500 0.125000 -0.028000
v -0.019986 0.125000 -0.011663
v -0.025240 0.125000 -0.006209
v -0.023500 0.125000 -0.004928
v -0.009116 0.125000 -0.013828
v -0.009116 0.125000 -0.016172
v -0.010300 0.125000 0.000000
v -0.006500 0.125000 -0.002000
v -0.023500 0.125000 -0.028000
v -0.010300 0.125000 -0.030000
v -0.010300 0.125000 -0.029713
v -0.030000 0.125000 0.000000
v -0.023500 0.125000 -0.002000
v -0.019700 0.125000 0.000000
v -0.019700 0.125000 -0.000287
v -0.020884 0.125000 -0.016172
v -0.020884 0.125000 -0.013828
v -0.010300 0.125000 -0.000287
v -0.002000 0.125000 -0.023791
v -0.030000 0.125000 -0.010300
v -0.028000 0.125000 -0.006209
v -0.028000 0.125000 -0.010900
v -0.029645 0.125000 -0.010900
v -0.029645 0.125000 -0.010300
v -0.019100 0.125000 -0.002000
v -0.030000 0.125000 -0.019700
v -0.029645 0.125000 -0.019700
v -0.019100 0.125000 -0.000287
v -0.019700 0.125000 -0.030000
v -0.019100 0.125000 -0.028000
v -0.019100 0.125000 -0.029713
v -0.019700 0.125000 -0.029713
v -0.028000 0.125000 -0.019100
v 0.000000 0.125000 -0.019700
v -0.002000 0.125000 -0.019100
v -0.000355 0.125000 -0.019100
v -0.000355 0.125000 -0.019700
v -0.010900 0.125000 -0.028000
v -0.029645 0.125000 -0.019100
v -0.000355 0.125000 -0.010300
v -0.002000 0.125000 -0.010900
v -0.010900 0.125000 -0.029713
v -0.000355 0.125000 -0.010900
v 0.000000 0.125000 -0.010300
v -0.010900 0.125000 -0.002000
v -0.010900 0.125000 -0.000287
v 0.229200 0.041667 -0.012056
v 0.227500 0.041667 -0.011600
v 0.227500 0.125000 -0.011600
v 0.229200 -0.041667 -0.012056
v 0.227500 -0.041667 -0.011600
v 0.229200 -0.125000 -0.012056
v 0.227500 -0.125000 -0.011600
v 0.230444 0.041667 -0.013300
v 0.229200 0.125000 -0.012056
v 0.230444 -0.041667 -0.013300
v 0.230444 -0.125000 -0.013300
v 0.230900 0.041667 -0.015000
v 0.230444 0.125000 -0.013300
v 0.230900 -0.041667 -0.015000
v 0.230900 -0.125000 -0.015000
v 0.230444 0.041667 -0.016700
v 0.230900 0.125000 -0.015000
v 0.230444 -0.041667 -0.016700
v 0.230444 -0.125000 -0.016700
v 0.229200 0.041667 -0.017944
v 0.230444 0.125000 -0.016700
v 0.229200 -0.041667 -0.017944
v 0.229200 -0.125000 -0.017944
v 0.227500 0.041667 -0.018400
v 0.229200 0.125000 -0.017945
v 0.227500 -0.041667 -0.018400
v 0.227500 -0.125000 -0.018400
v 0.225800 0.041667 -0.017944
v 0.227500 0.125000 -0.018400
v 0.225800 -0.041667 -0.017944
v 0.225800 -0.125000 -0.017944
v 0.224556 0.041667 -0.016700
v 0.225800 0.125000 -0.017945
v 0.224556 -0.041667 -0.016700
v 0.224556 -0.125000 -0.016700
v 0.224100 0.041667 -0.015000
v 0.224556 0.125000 -0.016700
v 0.224100 -0.041667 -0.015000
v 0.224100 -0.125000 -0.015000
v 0.224556 0.041667 -0.013300
v 0.224100 0.125000 -0.015000
v 0.224556 -0.041667 -0.013300
v 0.224556 -0.125000 -0.013300
v 0.225800 0.041667 -0.012056
v 0.224556 0.125000 -0.013300
v 0.225800 -0.041667 -0.012056
v 0.225800 -0.125000 -0.012056
v 0.225800 0.125000 -0.012056
v 0.232200 0.125000 -0.000287
v 0.231600 0.125000 -0.000287
v 0.231600 0.041667 -0.000287
v 0.232200 0.041667 -0.000287
v 0.231600 -0.041667 -0.000287
v 0.232200 -0.041667 -0.000287
v 0.231600 -0.125000 -0.000287
v 0.232200 -0.125000 -0.000287
v 0.231600 0.125000 -0.000287
v 0.231600 0.125000 -0.002000
v 0.231600 0.041667 -0.002000
v 0.231600 0.041667 -0.000287
v 0.231600 -0.041667 -0.002000
v 0.231600 -0.041667 -0.000287
v 0.231600 -0.125000 -0.002000
v 0.231600 -0.125000 -0.000287
v 0.231600 0.125000 -0.002000
v 0.236000 0.125000 -0.002000
v 0.236000 0.041667 -0.002000
v 0.231600 0.041667 -0.002000
v 0.236000 -0.041667 -0.002000
v 0.231600 -0.041667 -0.002000
v 0.236000 -0.125000 -0.002000
v 0.231600 -0.125000 -0.002000
v 0.236000 0.125000 -0.002000
v 0.236000 0.125000 -0.004928
v 0.236000 0.041667 -0.004928
v 0.236000 0.041667 -0.002000
v 0.236000 -0.041667 -0.004928
v 0.236000 -0.041667 -0.002000
v 0.236000 -0.125000 -0.004928
v 0.236000 -0.125000 -0.002000
v 0.236000 0.125000 -0.004928
v 0.230995 0.125000 -0.010123
v 0.230995 0.041667 -0.010123
v 0.236000 0.041667 -0.004928
v 0.230995 -0.041667 -0.010123
v 0.236000 -0.041667 -0.004928
v 0.230995 -0.125000 -0.010123
v 0.236000 -0.125000 -0.004928
v 0.230995 0.041667 -0.010123
v 0.230995 0.125000 -0.010123
v 0.228735 0.125000 -0.009128
v 0.230995 -0.041667 -0.010123
v 0.228735 0.041667 -0.009128
v 0.230995 -0.125000 -0.010123
v 0.228735 -0.041667 -0.009128
v 0.226265 0.125000 -0.009128
v 0.226265 0.041667 -0.009128
v 0.228735 -0.125000 -0.009128
v 0.226265 -0.041667 -0.009128
v 0.224005 0.125000 -0.010123
v 0.224005 0.041667 -0.010123
v 0.226265 -0.125000 -0.009128
v 0.224005 -0.041667 -0.010123
v 0.224005 -0.125000 -0.010123
v 0.224005 0.125000 -0.010123
v 0.219000 0.125000 -0.004928
v 0.219000 0.041667 -0.004928
v 0.224005 0.041667 -0.010123
v 0.219000 -0.041667 -0.004928
v 0.224005 -0.041667 -0.010123
v 0.219000 -0.125000 -0.004928
v 0.224005 -0.125000 -0.010123
v 0.219000 0.125000 -0.004928
v 0.219000 0.125000 -0.002000
v 0.219000 0.041667 -0.002000
v 0.219000 0.041667 -0.004928
v 0.219000 -0.041667 -0.002000
v 0.219000 -0.041667 -0.004928
v 0.219000 -0.125000 -0.002000
v 0.219000 -0.125000 -0.004928
v 0.219000 0.125000 -0.002000
v 0.223400 0.125000 -0.002000
v 0.223400 0.041667 -0.002000
v 0.219000 0.041667 -0.002000
v 0.223400 -0.041667 -0.002000
v 0.219000 -0.041667 -0.002000
v 0.223400 -0.125000 -0.002000
v 0.219000 -0.125000 -0.002000
v 0.223400 0.125000 -0.002000
v 0.223400 0.125000 -0.000287
v 0.223400 0.041667 -0.000287
v 0.223400 0.041667 -0.002000
v 0.223400 -0.041667 -0.000287
v 0.223400 -0.041667 -0.002000
v 0.223400 -0.125000 -0.000287
v 0.223400 -0.125000 -0.002000
v 0.223400 0.125000 -0.000287
v 0.222800 0.125000 -0.000287
v 0.222800 0.041667 -0.000287
v 0.223400 0.041667 -0.000287
v 0.222800 -0.041667 -0.000287
v 0.223400 -0.041667 -0.000287
v 0.222800 -0.125000 -0.000287
v 0.223400 -0.125000 -0.000287
v 0.222800 0.125000 -0.000287
v 0.222800 0.125000 0.000000
v 0.222800 0.041667 0.000000
v 0.222800 0.041667 -0.000287
v 0.222800 -0.041667 0.000000
v 0.222800 -0.041667 -0.000287
v 0.222800 -0.125000 0.000000
v 0.222800 -0.125000 -0.000287
v 0.222800 0.125000 0.000000
v 0.212500 0.125000 0.000000
v 0.212500 0.041667 0.000000
v 0.222800 0.041667 0.000000
v 0.212500 -0.041667 0.000000
v 0.222800 -0.041667 0.000000
v 0.212500 -0.125000 0.000000
v 0.222800 -0.125000 0.000000
v 0.212500 0.125000 0.000000
v 0.212500 0.125000 -0.010300
v 0.212500 0.041667 -0.010300
v 0.212500 0.041667 0.000000
v 0.212500 -0.041667 -0.010300
v 0.212500 -0.041667 0.000000
v 0.212500 -0.125000 -0.010300
v 0.212500 -0.125000 0.000000
v 0.212500 0.125000 -0.010300
v 0.212855 0.125000 -0.010300
v 0.212855 0.041667 -0.010300
v 0.212500 0.041667 -0.010300
v 0.212855 -0.041667 -0.010300
v 0.212500 -0.041667 -0.010300
v 0.212855 -0.125000 -0.010300
v 0.212500 -0.125000 -0.010300
v 0.212855 0.125000 -0.010300
v 0.212855 0.125000 -0.010900
v 0.212855 0.041667 -0.010900
v 0.212855 0.041667 -0.010300
v 0.212855 -0.041667 -0.010900
v 0.212855 -0.041667 -0.010300
v 0.212855 -0.125000 -0.010900
v 0.212855 -0.125000 -0.010300
v 0.212855 0.125000 -0.010900
v 0.214500 0.125000 -0.010900
v 0.214500 0.041667 -0.010900
v 0.212855 0.041667 -0.010900
v 0.214500 -0.041667 -0.010900
v 0.212855 -0.041667 -0.010900
v 0.214500 -0.125000 -0.010900
v 0.212855 -0.125000 -0.010900
v 0.214500 0.125000 -0.010900
v 0.214500 0.125000 -0.006209
v 0.214500 0.041667 -0.006209
v 0.214500 0.041667 -0.010900
v 0.214500 -0.041667 -0.006209
v 0.214500 -0.041667 -0.010900
v 0.214500 -0.125000 -0.006209
v 0.214500 -0.125000 -0.010900
v 0.214500 0.125000 -0.006209
v 0.217260 0.125000 -0.006209
v 0.217260 0.041667 -0.006209
v 0.214500 0.041667 -0.006209
v 0.217260 -0.041667 -0.006209
v 0.214500 -0.041667 -0.006209
v 0.217260 -0.125000 -0.006209
v 0.214500 -0.125000 -0.006209
v 0.217260 0.125000 -0.006209
v 0.222514 0.125000 -0.011663
v 0.222514 0.041667 -0.011663
v 0.217260 0.041667 -0.006209
v 0.222514 -0.041667 -0.011663
v 0.217260 -0.041667 -0.006209
v 0.222514 -0.125000 -0.011663
v 0.217260 -0.125000 -0.006209
v 0.222514 0.041667 -0.011663
v 0.222514 0.125000 -0.011663
v 0.221616 0.125000 -0.013828
v 0.222514 -0.041667 -0.011663
v 0.221616 0.041667 -0.013828
v 0.222514 -0.125000 -0.011663
v 0.221616 -0.041667 -0.013828
v 0.221616 0.125000 -0.016172
v 0.221616 0.041667 -0.016172
v 0.221616 -0.125000 -0.013828
v 0.221616 -0.041667 -0.016172
v 0.222514 0.125000 -0.018337
v 0.222514 0.041667 -0.018337
v 0.221616 -0.125000 -0.016172
v 0.222514 -0.041667 -0.018337
v 0.222514 -0.125000 -0.018337
v 0.222514 0.125000 -0.018337
v 0.217260 0.125000 -0.023791
v 0.217260 0.041667 -0.023791
v 0.222514 0.041667 -0.018337
v 0.217260 -0.041667 -0.023791
v 0.222514 -0.041667 -0.018337
v 0.217260 -0.125000 -0.023791
v 0.222514 -0.125000 -0.018337
v 0.217260 0.125000 -0.023791
v 0.214500 0.125000 -0.023791
v 0.214500 0.041667 -0.023791
v 0.217260 0.041667 -0.023791
v 0.214500 -0.041667 -0.023791
v 0.217260 -0.041667 -0.023791
v 0.214500 -0.125000 -0.023791
v 0.217260 -0.125000 -0.023791
v 0.214500 0.125000 -0.023791
v 0.214500 0.125000 -0.019100
v 0.214500 0.041667 -0.019100
v 0.214500 0.041667 -0.023791
v 0.214500 -0.041667 -0.019100
v 0.214500 -0.041667 -0.023791
v 0.214500 -0.125000 -0.019100
v 0.214500 -0.125000 -0.023791
v 0.214500 0.125000 -0.019100
v 0.212855 0.125000 -0.019100
v 0.212855 0.041667 -0.019100
v 0.214500 0.041667 -0.019100
v 0.212855 -0.041667 -0.019100
v 0.214500 -0.041667 -0.019100
v 0.212855 -0.125000 -0.019100
v 0.214500 -0.125000 -0.019100
v 0.212855 0.125000 -0.019100
v 0.212855 0.125000 -0.019700
v 0.212855 0.041667 -0.019700
v 0.212855 0.041667 -0.019100
v 0.212855 -0.041667 -0.019700
v 0.212855 -0.041667 -0.019100
v 0.212855 -0.125000 -0.019700
v 0.212855 -0.125000 -0.019100
v 0.212855 0.125000 -0.019700
v 0.212500 0.125000 -0.019700
v 0.212500 0.041667 -0.019700
v 0.212855 0.041667 -0.019700
v 0.212500 -0.041667 -0.019700
v 0.212855 -0.041667 -0.019700
v 0.212500 -0.125000 -0.019700
v 0.212855 -0.125000 -0.019700
v 0.212500 0.125000 -0.019700
v 0.212500 0.125000 -0.030000
v 0.212500 0.041667 -0.030000
v 0.212500 0.041667 -0.019700
v 0.212500 -0.041667 -0.030000
v 0.212500 -0.041667 -0.019700
v 0.212500 -0.125000 -0.030000
v 0.212500 -0.125000 -0.019700
v 0.212500 0.125000 -0.030000
v 0.222800 0.125000 -0.030000
v 0.222800 0.041667 -0.030000
v 0.212500 0.041667 -0.030000
v 0.222800 -0.041667 -0.030000
v 0.212500 -0.041667 -0.030000
v 0.222800 -0.125000 -0.030000
v 0.212500 -0.125000 -0.030000
v 0.222800 0.125000 -0.030000
v 0.222800 0.125000 -0.029713
v 0.222800 0.041667 -0.029713
v 0.222800 0.041667 -0.030000
v 0.222800 -0.041667 -0.029713
v 0.222800 -0.041667 -0.030000
v 0.222800 -0.125000 -0.029713
v 0.222800 -0.125000 -0.030000
v 0.222800 0.125000 -0.029713
v 0.223400 0.125000 -0.029713
v 0.223400 0.041667 -0.029713
v 0.222800 0.041667 -0.029713
v 0.223400 -0.041667 -0.029713
v 0.222800 -0.041667 -0.029713
v 0.223400 -0.125000 -0.029713
v 0.222800 -0.125000 -0.029713
v 0.223400 0.125000 -0.029713
v 0.223400 0.125000 -0.028000
v 0.223400 0.041667 -0.028000
v 0.223400 0.041667 -0.029713
v 0.223400 -0.041667 -0.028000
v 0.223400 -0.041667 -0.029713
v 0.223400 -0.125000 -0.028000
v 0.223400 -0.125000 -0.029713
v 0.223400 0.125000 -0.028000
v 0.219000 0.125000 -0.028000
v 0.219000 0.041667 -0.028000
v 0.223400 0.041667 -0.028000
v 0.219000 -0.041667 -0.028000
v 0.223400 -0.041667 -0.028000
v 0.219000 -0.125000 -0.028000
v 0.223400 -0.125000 -0.028000
v 0.219000 0.125000 -0.028000
v 0.219000 0.125000 -0.025072
v 0.219000 0.041667 -0.025072
v 0.219000 0.041667 -0.028000
v 0.219000 -0.041667 -0.025072
v 0.219000 -0.041667 -0.028000
v 0.219000 -0.125000 -0.025072
v 0.219000 -0.125000 -0.028000
v 0.219000 0.125000 -0.025072
v 0.224005 0.125000 -0.019877
v 0.224005 0.041667 -0.019877
v 0.219000 0.041667 -0.025072
v 0.224005 -0.041667 -0.019877
v 0.219000 -0.041667 -0.025072
v 0.224005 -0.125000 -0.019877
v 0.219000 -0.125000 -0.025072
v 0.224005 0.041667 -0.019877
v 0.224005 0.125000 -0.019877
v 0.226265 0.125000 -0.020872
v 0.224005 -0.041667 -0.019877
v 0.226265 0.041667 -0.020872
v 0.224005 -0.125000 -0.019877
v 0.226265 -0.041667 -0.020872
v 0.228735 0.125000 -0.020872
v 0.228735 0.041667 -0.020872
v 0.226265 -0.125000 -0.020872
v 0.228735 -0.041667 -0.020872
v 0.230995 0.125000 -0.019877
v 0.230995 0.041667 -0.019877
v 0.228735 -0.125000 -0.020872
v 0.230995 -0.041667 -0.019877
v 0.230995 -0.125000 -0.019877
v 0.230995 0.125000 -0.019877
v 0.236000 0.125000 -0.025072
v 0.236000 0.041667 -0.025072
v 0.230995 0.041667 -0.019877
v 0.236000 -0.041667 -0.025072
v 0.230995 -0.041667 -0.019877
v 0.236000 -0.125000 -0.025072
v 0.230995 -0.125000 -0.019877
v 0.236000 0.125000 -0.025072
v 0.236000 0.125000 -0.028000
v 0.236000 0.041667 -0.028000
v 0.236000 0.041667 -0.025072
v 0.236000 -0.041667 -0.028000
v 0.236000 -0.041667 -0.025072
v 0.236000 -0.125000 -0.028000
v 0.236000 -0.125000 -0.025072
v 0.236000 0.125000 -0.028000
v 0.231600 0.125000 -0.028000
v 0.231600 0.041667 -0.028000
v 0.236000 0.041667 -0.028000
v 0.231600 -0.041667 -0.028000
v 0.236000 -0.041667 -0.028000
v 0.231600 -0.125000 -0.028000
v 0.236000 -0.125000 -0.028000
v 0.231600 0.125000 -0.028000
v 0.231600 0.125000 -0.029713
v 0.231600 0.041667 -0.029713
v 0.231600 0.041667 -0.028000
v 0.231600 -0.041667 -0.029713
v 0.231600 -0.041667 -0.028000
v 0.231600 -0.125000 -0.029713
v 0.231600 -0.125000 -0.028000
v 0.231600 0.125000 -0.029713
v 0.232200 0.125000 -0.029713
v 0.232200 0.041667 -0.029713
v 0.231600 0.041667 -0.029713
v 0.232200 -0.041667 -0.029713
v 0.231600 -0.041667 -0.029713
v 0.232200 -0.125000 -0.029713
v 0.231600 -0.125000 -0.029713
v 0.232200 0.125000 -0.029713
v 0.232200 0.125000 -0.030000
v 0.232200 0.041667 -0.030000
v 0.232200 0.041667 -0.029713
v 0.232200 -0.041667 -0.030000
v 0.232200 -0.041667 -0.029713
v 0.232200 -0.125000 -0.030000
v 0.232200 -0.125000 -0.029713
v 0.232200 0.125000 -0.030000
v 0.242500 0.125000 -0.030000
v 0.242500 0.041667 -0.030000
v 0.232200 0.041667 -0.030000
v 0.242500 -0.041667 -0.030000
v 0.232200 -0.041667 -0.030000
v 0.242500 -0.125000 -0.030000
v 0.232200 -0.125000 -0.030000
v 0.242500 0.125000 -0.030000
v 0.242500 0.125000 -0.019700
v 0.242500 0.041667 -0.019700
v 0.242500 0.041667 -0.030000
v 0.242500 -0.041667 -0.019700
v 0.242500 -0.041667 -0.030000
v 0.242500 -0.125000 -0.019700
v 0.242500 -0.125000 -0.030000
v 0.242500 0.125000 -0.019700
v 0.242145 0.125000 -0.019700
v 0.242145 0.041667 -0.019700
v 0.242500 0.041667 -0.019700
v 0.242145 -0.041667 -0.019700
v 0.242500 -0.041667 -0.019700
v 0.242145 -0.125000 -0.019700
v 0.242500 -0.125000 -0.019700
v 0.242145 0.125000 -0.019700
v 0.242145 0.125000 -0.019100
v 0.242145 0.041667 -0.019100
v 0.242145 0.041667 -0.019700
v 0.242145 -0.041667 -0.019100
v 0.242145 -0.041667 -0.019700
v 0.242145 -0.125000 -0.019100
v 0.242145 -0.125000 -0.019700
v 0.242145 0.125000 -0.019100
v 0.240500 0.125000 -0.019100
v 0.240500 0.041667 -0.019100
v 0.242145 0.041667 -0.019100
v 0.240500 -0.041667 -0.019100
v 0.242145 -0.041667 -0.019100
v 0.240500 -0.125000 -0.019100
v 0.242145 -0.125000 -0.019100
v 0.240500 0.125000 -0.019100
v 0.240500 0.125000 -0.023791
v 0.240500 0.041667 -0.023791
v 0.240500 0.041667 -0.019100
v 0.240500 -0.041667 -0.023791
v 0.240500 -0.041667 -0.019100
v 0.240500 -0.125000 -0.023791
v 0.240500 -0.125000 -0.019100
v 0.240500 0.125000 -0.023791
v 0.237740 0.125000 -0.023791
v 0.237740 0.041667 -0.023791
v 0.240500 0.041667 -0.023791
v 0.237740 -0.041667 -0.023791
v 0.240500 -0.041667 -0.023791
v 0.237740 -0.125000 -0.023791
v 0.240500 -0.125000 -0.023791
v 0.237740 0.125000 -0.023791
v 0.232486 0.125000 -0.018337
v 0.232486 0.041667 -0.018337
v 0.237740 0.041667 -0.023791
v 0.232486 -0.041667 -0.018337
v 0.237740 -0.041667 -0.023791
v 0.232486 -0.125000 -0.018337
v 0.237740 -0.125000 -0.023791
v 0.232486 0.041667 -0.018337
v 0.232486 0.125000 -0.018337
v 0.233384 0.125000 -0.016172
v 0.232486 -0.041667 -0.018337
v 0.233384 0.041667 -0.016172
v 0.232486 -0.125000 -0.018337
v 0.233384 -0.041667 -0.016172
v 0.233384 0.125000 -0.013828
v 0.233384 0.041667 -0.013828
v 0.233384 -0.125000 -0.016172
v 0.233384 -0.041667 -0.013828
v 0.232486 0.125000 -0.011663
v 0.232486 0.041667 -0.011663
v 0.233384 -0.125000 -0.013828
v 0.232486 -0.041667 -0.011663
v 0.232486 -0.125000 -0.011663
v 0.232486 0.125000 -0.011663
v 0.237740 0.125000 -0.006209
v 0.237740 0.041667 -0.006209
v 0.232486 0.041667 -0.011663
v 0.237740 -0.041667 -0.006209
v 0.232486 -0.041667 -0.011663
v 0.237740 -0.125000 -0.006209
v 0.232486 -0.125000 -0.011663
v 0.237740 0.125000 -0.006209
v 0.240500 0.125000 -0.006209
v 0.240500 0.041667 -0.006209
v 0.237740 0.041667 -0.006209
v 0.240500 -0.041667 -0.006209
v 0.237740 -0.041667 -0.006209
v 0.240500 -0.125000 -0.006209
v 0.237740 -0.125000 -0.006209
v 0.240500 0.125000 -0.006209
v 0.240500 0.125000 -0.010900
v 0.240500 0.041667 -0.010900
v 0.240500 0.041667 -0.006209
v 0.240500 -0.041667 -0.010900
v 0.240500 -0.041667 -0.006209
v 0.240500 -0.125000 -0.010900
v 0.240500 -0.125000 -0.006209
v 0.240500 0.125000 -0.010900
v 0.242145 0.125000 -0.010900
v 0.242145 0.041667 -0.010900
v 0.240500 0.041667 -0.010900
v 0.242145 -0.041667 -0.010900
v 0.240500 -0.041667 -0.010900
v 0.242145 -0.125000 -0.010900
v 0.240500 -0.125000 -0.010900
v 0.242145 0.125000 -0.010900
v 0.242145 0.125000 -0.010300
v 0.242145 0.041667 -0.010300
v 0.242145 0.041667 -0.010900
v 0.242145 -0.041667 -0.010300
v 0.242145 -0.041667 -0.010900
v 0.242145 -0.125000 -0.010300
v 0.242145 -0.125000 -0.010900
v 0.242145 0.125000 -0.010300
v 0.242500 0.125000 -0.010300
v 0.242500 0.041667 -0.010300
v 0.242145 0.041667 -0.010300
v 0.242500 -0.041667 -0.010300
v 0.242145 -0.041667 -0.010300
v 0.242500 -0.125000 -0.010300
v 0.242145 -0.125000 -0.010300
v 0.242500 0.125000 -0.010300
v 0.242500 0.125000 0.000000
v 0.242500 0.041667 0.000000
v 0.242500 0.041667 -0.010300
v 0.242500 -0.041667 0.000000
v 0.242500 -0.041667 -0.010300
v 0.242500 -0.125000 0.000000
v 0.242500 -0.125000 -0.010300
v 0.242500 0.125000 0.000000
v 0.232200 0.125000 0.000000
v 0.232200 0.041667 0.000000
v 0.242500 0.041667 0.000000
v 0.232200 -0.041667 0.000000
v 0.242500 -0.041667 0.000000
v 0.232200 -0.125000 0.000000
v 0.242500 -0.125000 0.000000
v 0.232200 0.125000 0.000000
v 0.232200 0.125000 -0.000287
v 0.232200 0.041667 -0.000287
v 0.232200 0.041667 0.000000
v 0.232200 -0.041667 -0.000287
v 0.232200 -0.041667 0.000000
v 0.232200 -0.125000 -0.000287
v 0.232200 -0.125000 0.000000
v 0.226265 -0.125000 -0.020872
v 0.227500 -0.125000 -0.018400
v 0.225800 -0.125000 -0.017944
v 0.227500 -0.125000 -0.011600
v 0.230995 -0.125000 -0.010123
v 0.228735 -0.125000 -0.009128
v 0.226265 -0.125000 -0.009128
v 0.224005 -0.125000 -0.010123
v 0.225800 -0.125000 -0.012056
v 0.224005 -0.125000 -0.019877
v 0.228735 -0.125000 -0.020872
v 0.230995 -0.125000 -0.019877
v 0.229200 -0.125000 -0.017944
v 0.224556 -0.125000 -0.016700
v 0.224100 -0.125000 -0.015000
v 0.230444 -0.125000 -0.016700
v 0.224556 -0.125000 -0.013300
v 0.232486 -0.125000 -0.011663
v 0.230900 -0.125000 -0.015000
v 0.229200 -0.125000 -0.012056
v 0.230444 -0.125000 -0.013300
v 0.237740 -0.125000 -0.006209
v 0.236000 -0.125000 -0.004928
v 0.222514 -0.125000 -0.011663
v 0.219000 -0.125000 -0.004928
v 0.232486 -0.125000 -0.018337
v 0.236000 -0.125000 -0.025072
v 0.217260 -0.125000 -0.006209
v 0.242500 -0.125000 0.000000
v 0.236000 -0.125000 -0.002000
v 0.222514 -0.125000 -0.018337
v 0.217260 -0.125000 -0.023791
v 0.219000 -0.125000 -0.025072
v 0.233384 -0.125000 -0.016172
v 0.237740 -0.125000 -0.023791
v 0.242500 -0.125000 -0.030000
v 0.240500 -0.125000 -0.023791
v 0.212500 -0.125000 0.000000
v 0.214500 -0.125000 -0.006209
v 0.232200 -0.125000 0.000000
v 0.232200 -0.125000 -0.000287
v 0.212500 -0.125000 -0.030000
v 0.219000 -0.125000 -0.028000
v 0.236000 -0.125000 -0.028000
v 0.219000 -0.125000 -0.002000
v 0.222800 -0.125000 -0.030000
v 0.222800 -0.125000 -0.029713
v 0.221616 -0.125000 -0.013828
v 0.240500 -0.125000 -0.006209
v 0.221616 -0.125000 -0.016172
v 0.242500 -0.125000 -0.010300
v 0.240500 -0.125000 -0.010900
v 0.242145 -0.125000 -0.010900
v 0.242145 -0.125000 -0.010300
v 0.214500 -0.125000 -0.023791
v 0.242500 -0.125000 -0.019700
v 0.242145 -0.125000 -0.019700
v 0.233384 -0.125000 -0.013828
v 0.232200 -0.125000 -0.030000
v 0.231600 -0.125000 -0.028000
v 0.231600 -0.125000 -0.029713
v 0.232200 -0.125000 -0.029713
v 0.240500 -0.125000 -0.019100
v 0.212500 -0.125000 -0.019700
v 0.214500 -0.125000 -0.019100
v 0.212855 -0.125000 -0.019100
v 0.212855 -0.125000 -0.019700
v 0.223400 -0.125000 -0.028000
v 0.242145 -0.125000 -0.019100
v 0.212500 -0.125000 -0.010300
v 0.212855 -0.125000 -0.010300
v 0.223400 -0.125000 -0.029713
v 0.222800 -0.125000 0.000000
v 0.223400 -0.125000 -0.002000
v 0.223400 -0.125000 -0.000287
v 0.222800 -0.125000 -0.000287
v 0.214500 -0.125000 -0.010900
v 0.231600 -0.125000 -0.002000
v 0.212855 -0.125000 -0.010900
v 0.231600 -0.125000 -0.000287
v 0.226265 0.125000 -0.020872
v 0.224005 0.125000 -0.019877
v 0.225800 0.125000 -0.017945
v 0.224005 0.125000 -0.010123
v 0.224100 0.125000 -0.015000
v 0.224556 0.125000 -0.016700
v 0.224556 0.125000 -0.013300
v 0.226265 0.125000 -0.009128
v 0.227500 0.125000 -0.011600
v 0.225800 0.125000 -0.012056
v 0.228735 0.125000 -0.009128
v 0.230995 0.125000 -0.010123
v 0.229200 0.125000 -0.012056
v 0.228735 0.125000 -0.020872
v 0.227500 0.125000 -0.018400
v 0.229200 0.125000 -0.017945
v 0.222514 0.125000 -0.018337
v 0.219000 0.125000 -0.025072
v 0.230995 0.125000 -0.019877
v 0.230900 0.125000 -0.015000
v 0.232486 0.125000 -0.018337
v 0.237740 0.125000 -0.023791
v 0.236000 0.125000 -0.025072
v 0.232486 0.125000 -0.011663
v 0.236000 0.125000 -0.004928
v 0.217260 0.125000 -0.023791
v 0.230444 0.125000 -0.013300
v 0.237740 0.125000 -0.006209
v 0.242500 0.125000 0.000000
v 0.240500 0.125000 -0.006209
v 0.212500 0.125000 -0.030000
v 0.214500 0.125000 -0.023791
v 0.230444 0.125000 -0.016700
v 0.242500 0.125000 -0.030000
v 0.236000 0.125000 -0.028000
v 0.222514 0.125000 -0.011663
v 0.217260 0.125000 -0.006209
v 0.219000 0.125000 -0.004928
v 0.233384 0.125000 -0.013828
v 0.233384 0.125000 -0.016172
v 0.232200 0.125000 0.000000
v 0.236000 0.125000 -0.002000
v 0.219000 0.125000 -0.028000
v 0.232200 0.125000 -0.030000
v 0.232200 0.125000 -0.029713
v 0.212500 0.125000 0.000000
v 0.219000 0.125000 -0.002000
v 0.222800 0.125000 0.000000
v 0.222800 0.125000 -0.000287
v 0.221616 0.125000 -0.016172
v 0.221616 0.125000 -0.013828
v 0.232200 0.125000 -0.000287
v 0.240500 0.125000 -0.023791
v 0.212500 0.125000 -0.010300
v 0.214500 0.125000 -0.006209
v 0.214500 0.125000 -0.010900
v 0.212855 0.125000 -0.010900
v 0.212855 0.125000 -0.010300
v 0.223400 0.125000 -0.002000
v 0.212500 0.125000 -0.019700
v 0.212855 0.125000 -0.019700
v 0.223400 0.125000 -0.000287
v 0.222800 0.125000 -0.030000
v 0.223400 0.125000 -0.028000
v 0.223400 0.125000 -0.029713
v 0.222800 0.125000 -0.029713
v 0.214500 0.125000 -0.019100
v 0.242500 0.125000 -0.019700
v 0.240500 0.125000 -0.019100
v 0.242145 0.125000 -0.019100
v 0.242145 0.125000 -0.019700
v 0.231600 0.125000 -0.028000
v 0.212855 0.125000 -0.019100
v 0.242145 0.125000 -0.010300
v 0.240500 0.125000 -0.010900
v 0.231600 0.125000 -0.029713
v 0.242145 0.125000 -0.010900
v 0.242500 0.125000 -0.010300
v 0.231600 0.125000 -0.002000
v 0.231600 0.125000 -0.000287
v 0.025000 -0.350000 0.013000
v 0.020717 -0.350000 0.019157
v 0.019270 -0.350000 0.017839
v 0.018213 -0.350000 0.016191
v 0.017618 -0.350000 0.014326
v 0.017527 -0.350000 0.012370
v 0.017944 -0.350000 0.010457
v 0.018843 -0.350000 0.008717
v 0.020161 -0.350000 0.007270
v 0.021809 -0.350000 0.006213
v 0.023674 -0.350000 0.005618
v 0.025630 -0.350000 0.005527
v 0.027543 -0.350000 0.005944
v 0.029283 -0.350000 0.006843
v 0.030730 -0.350000 0.008161
v 0.031787 -0.350000 0.009809
v 0.032382 -0.350000 0.011675
v 0.032473 -0.350000 0.013630
v 0.032056 -0.350000 0.015543
v 0.031157 -0.350000 0.017283
v 0.029839 -0.350000 0.018730
v 0.028191 -0.350000 0.019787
v 0.026325 -0.350000 0.020382
v 0.024370 -0.350000 0.020473
v 0.022457 -0.350000 0.020056
v 0.025000 0.350000 0.013000
v 0.020717 0.350000 0.019157
v 0.022457 0.350000 0.020056
v 0.024370 0.350000 0.020473
v 0.026325 0.350000 0.020382
v 0.028191 0.350000 0.019787
v 0.029839 0.350000 0.018730
v 0.031157 0.350000 0.017282
v 0.032056 0.350000 0.015543
v 0.032473 0.350000 0.013630
v 0.032382 0.350000 0.011674
v 0.031787 0.350000 0.009809
v 0.030730 0.350000 0.008161
v 0.029283 0.350000 0.006843
v 0.027543 0.350000 0.005944
v 0.025630 0.350000 0.005526
v 0.023674 0.350000 0.005618
v 0.021809 0.350000 0.006213
v 0.020161 0.350000 0.007270
v 0.018843 0.350000 0.008717
v 0.017944 0.350000 0.010457
v 0.017527 0.350000 0.012370
v 0.017618 0.350000 0.014325
v 0.018213 0.350000 0.016191
v 0.019270 0.350000 0.017839
v 0.029283 0.250000 0.006843
v 0.029283 0.350000 0.006843
v 0.030730 0.350000 0.008161
v 0.029283 0.150000 0.006843
v 0.030730 0.250000 0.008161
v 0.029283 0.050000 0.006843
v 0.030730 0.150000 0.008161
v 0.029283 -0.050000 0.006843
v 0.030730 0.050000 0.008161
v 0.029283 -0.150000 0.006843
v 0.030730 -0.050000 0.008161
v 0.029283 -0.250000 0.006843
v 0.030730 -0.150000 0.008161
v 0.029283 -0.350000 0.006843
v 0.030730 -0.250000 0.008161
v 0.031787 0.350000 0.009809
v 0.031787 0.250000 0.009809
v 0.031787 0.150000 0.009809
v 0.031787 0.050000 0.009809
v 0.031787 -0.050000 0.009809
v 0.031787 -0.150000 0.009809
v 0.030730 -0.350000 0.008161
v 0.031787 -0.250000 0.009809
v 0.032382 0.350000 0.011674
v 0.032382 0.250000 0.011674
v 0.032382 0.150000 0.011674
v 0.032382 0.050000 0.011674
v 0.032382 -0.050000 0.011674
v 0.032382 -0.150000 0.011674
v 0.031787 -0.350000 0.009809
v 0.032382 -0.250000 0.011674
v 0.032473 0.350000 0.013630
v 0.032473 0.250000 0.013630
v 0.032473 0.150000 0.013630
v 0.032473 0.050000 0.013630
v 0.032473 -0.050000 0.013630
v 0.032473 -0.150000 0.013630
v 0.032382 -0.350000 0.011675
v 0.032473 -0.250000 0.013630
v 0.032056 0.350000 0.015543
v 0.032056 0.250000 0.015543
v 0.032056 0.150000 0.015543
v 0.032056 0.050000 0.015543
v 0.032056 -0.050000 0.015543
v 0.032056 -0.150000 0.015543
v 0.032473 -0.350000 0.013630
v 0.032056 -0.250000 0.015543
v 0.031157 0.350000 0.017282
v 0.031157 0.250000 0.017283
v 0.031157 0.150000 0.017283
v 0.031157 0.050000 0.017283
v 0.031157 -0.050000 0.017283
v 0.031157 -0.150000 0.017283
v 0.032056 -0.350000 0.015543
v 0.031157 -0.250000 0.017283
v 0.029839 0.350000 0.018730
v 0.029839 0.250000 0.018730
v 0.029839 0.150000 0.018730
v 0.029839 0.050000 0.018730
v 0.029839 -0.050000 0.018730
v 0.029839 -0.150000 0.018730
v 0.031157 -0.350000 0.017283
v 0.029839 -0.250000 0.018730
v 0.028191 0.350000 0.019787
v 0.028191 0.250000 0.019787
v 0.028191 0.150000 0.019787
v 0.028191 0.050000 0.019787
v 0.028191 -0.050000 0.019787
v 0.028191 -0.150000 0.019787
v 0.029839 -0.350000 0.018730
v 0.028191 -0.250000 0.019787
v 0.026325 0.350000 0.020382
v 0.026325 0.250000 0.020382
v 0.026325 0.150000 0.020382
v 0.026325 0.050000 0.020382
v 0.026325 -0.050000 0.020382
v 0.026325 -0.150000 0.020382
v 0.028191 -0.350000 0.019787
v 0.026325 -0.250000 0.020382
v 0.024370 0.350000 0.020473
v 0.024370 0.250000 0.020473
v 0.024370 0.150000 0.020473
v 0.024370 0.050000 0.020473
v 0.024370 -0.050000 0.020473
v 0.024370 -0.150000 0.020473
v 0.026325 -0.350000 0.020382
v 0.024370 -0.250000 0.020473
v 0.022457 0.350000 0.020056
v 0.022457 0.250000 0.020056
v 0.022457 0.150000 0.020056
v 0.022457 0.050000 0.020056
v 0.022457 -0.050000 0.020056
v 0.022457 -0.150000 0.020056
v 0.024370 -0.350000 0.020473
v 0.022457 -0.250000 0.020056
v 0.020717 0.350000 0.019157
v 0.020717 0.250000 0.019157
v 0.020717 0.150000 0.019157
v 0.020717 0.050000 0.019157
v 0.020717 -0.050000 0.019157
v 0.020717 -0.150000 0.019157
v 0.022457 -0.350000 0.020056
v 0.020717 -0.250000 0.019157
v 0.019270 0.350000 0.017839
v 0.019270 0.250000 0.017839
v 0.019270 0.150000 0.017839
v 0.019270 0.050000 0.017839
v 0.019270 -0.050000 0.017839
v 0.019270 -0.150000 0.017839
v 0.020717 -0.350000 0.019157
v 0.019270 -0.250000 0.017839
v 0.018213 0.350000 0.016191
v 0.018213 0.250000 0.016191
v 0.018213 0.150000 0.016191
v 0.018213 0.050000 0.016191
v 0.018213 -0.050000 0.016191
v 0.018213 -0.150000 0.016191
v 0.019270 -0.350000 0.017839
v 0.018213 -0.250000 0.016191
v 0.017618 0.350000 0.014325
v 0.017618 0.250000 0.014325
v 0.017618 0.150000 0.014325
v 0.017618 0.050000 0.014326
v 0.017618 -0.050000 0.014326
v 0.017618 -0.150000 0.014326
v 0.018213 -0.350000 0.016191
v 0.017618 -0.250000 0.014326
v 0.017527 0.350000 0.012370
v 0.017527 0.250000 0.012370
v 0.017527 0.150000 0.012370
v 0.017527 0.050000 0.012370
v 0.017527 -0.050000 0.012370
v 0.017527 -0.150000 0.012370
v 0.017618 -0.350000 0.014326
v 0.017527 -0.250000 0.012370
v 0.017944 0.350000 0.010457
v 0.017944 0.250000 0.010457
v 0.017944 0.150000 0.010457
v 0.017944 0.050000 0.010457
v 0.017944 -0.050000 0.010457
v 0.017944 -0.150000 0.010457
v 0.017527 -0.350000 0.012370
v 0.017944 -0.250000 0.010457
v 0.018843 0.350000 0.008717
v 0.018843 0.250000 0.008717
v 0.018843 0.150000 0.008717
v 0.018843 0.050000 0.008717
v 0.018843 -0.050000 0.008717
v 0.018843 -0.150000 0.008717
v 0.017944 -0.350000 0.010457
v 0.018843 -0.250000 0.008717
v 0.020161 0.350000 0.007270
v 0.020161 0.250000 0.007270
v 0.020161 0.150000 0.007270
v 0.020161 0.050000 0.007270
v 0.020161 -0.050000 0.007270
v 0.020161 -0.150000 0.007270
v 0.018843 -0.350000 0.008717
v 0.020161 -0.250000 0.007270
v 0.021809 0.350000 0.006213
v 0.021809 0.250000 0.006213
v 0.021809 0.150000 0.006213
v 0.021809 0.050000 0.006213
v 0.021809 -0.050000 0.006213
v 0.021809 -0.150000 0.006213
v 0.020161 -0.350000 0.007270
v 0.021809 -0.250000 0.006213
v 0.023674 0.350000 0.005618
v 0.023674 0.250000 0.005618
v 0.023674 0.150000 0.005618
v 0.023674 0.050000 0.005618
v 0.023674 -0.050000 0.005618
v 0.023674 -0.150000 0.005618
v 0.021809 -0.350000 0.006213
v 0.023674 -0.250000 0.005618
v 0.025630 0.350000 0.005526
v 0.025630 0.250000 0.005526
v 0.025630 0.150000 0.005527
v 0.025630 0.050000 0.005527
v 0.025630 -0.050000 0.005527
v 0.025630 -0.150000 0.005527
v 0.023674 -0.350000 0.005618
v 0.025630 -0.250000 0.005527
v 0.027543 0.350000 0.005944
v 0.027543 0.250000 0.005944
v 0.027543 0.150000 0.005944
v 0.027543 0.050000 0.005944
v 0.027543 -0.050000 0.005944
v 0.027543 -0.150000 0.005944
v 0.025630 -0.350000 0.005527
v 0.027543 -0.250000 0.005944
v 0.027543 -0.350000 0.005944
v 0.025470 0.142963 0.020736
v 0.025927 0.142853 0.020694
v 0.025926 0.142850 0.023709
v 0.025000 0.143000 0.023750
v 0.025000 0.143000 0.020750
v 0.025888 0.142866 0.023713
v 0.026364 0.142672 0.020629
v 0.026763 0.142427 0.023604
v 0.026362 0.142673 0.023663
v 0.027427 0.141763 0.023472
v 0.026763 0.142427 0.020547
v 0.027853 0.140927 0.023364
v 0.027639 0.141427 0.023421
v 0.027427 0.141763 0.020360
v 0.027673 0.141362 0.020274
v 0.027853 0.140927 0.020206
v 0.027963 0.140468 0.023334
v 0.028000 0.140000 0.023323
v 0.027963 0.140468 0.020161
v 0.028000 0.140000 0.020146
v 0.027963 0.139528 0.020161
v 0.027963 0.139528 0.023334
v 0.027853 0.139073 0.020206
v 0.027853 0.139073 0.023364
v 0.027672 0.138636 0.020275
v 0.027427 0.138237 0.020360
v 0.027427 0.138237 0.023472
v 0.027639 0.138573 0.023421
v 0.026763 0.137573 0.020547
v 0.026362 0.137327 0.020629
v 0.025927 0.137147 0.020694
v 0.026361 0.137327 0.023663
v 0.025927 0.137147 0.023710
v 0.026763 0.137573 0.023604
v 0.025000 0.137000 0.023750
v 0.025888 0.137134 0.023713
v 0.025469 0.137037 0.020736
v 0.024530 0.137037 0.020736
v 0.024073 0.137147 0.020694
v 0.024074 0.137150 0.023709
v 0.025000 0.137000 0.020750
v 0.024112 0.137134 0.023713
v 0.023637 0.137328 0.020629
v 0.023237 0.137573 0.023604
v 0.023638 0.137327 0.023663
v 0.022573 0.138237 0.023472
v 0.023237 0.137573 0.020547
v 0.022147 0.139073 0.023364
v 0.022361 0.138573 0.023421
v 0.022573 0.138237 0.020360
v 0.022328 0.138636 0.020275
v 0.022147 0.139073 0.020206
v 0.022037 0.139529 0.023334
v 0.022000 0.140000 0.023323
v 0.022037 0.139528 0.020161
v 0.022000 0.140000 0.020146
v 0.022037 0.140468 0.020161
v 0.022037 0.140468 0.023333
v 0.022147 0.140927 0.020206
v 0.022147 0.140927 0.023364
v 0.022327 0.141362 0.020274
v 0.022573 0.141763 0.020360
v 0.022573 0.141763 0.023472
v 0.022361 0.141427 0.023421
v 0.023237 0.142427 0.020547
v 0.023635 0.142672 0.020629
v 0.024073 0.142853 0.020694
v 0.023637 0.142672 0.023663
v 0.024073 0.142853 0.023710
v 0.023237 0.142427 0.023604
v 0.024112 0.142866 0.023713
v 0.024529 0.142963 0.020736
v 0.042875 0.143025 0.003000
v 0.041940 0.142877 0.003000
v 0.041948 0.142853 0.002975
v 0.041097 0.142447 0.003000
v 0.041112 0.142427 0.002975
v 0.040428 0.141778 0.003000
v 0.040448 0.141763 0.002975
v 0.039998 0.140935 0.003000
v 0.040022 0.140927 0.002975
v 0.039850 0.140000 0.003000
v 0.039875 0.140000 0.002975
v 0.039998 0.139065 0.003000
v 0.040022 0.139073 0.002975
v 0.040428 0.138222 0.003000
v 0.040448 0.138237 0.002975
v 0.041097 0.137553 0.003000
v 0.041112 0.137573 0.002975
v 0.041940 0.137123 0.003000
v 0.041948 0.137147 0.002975
v 0.042875 0.136975 0.003000
v 0.042875 0.137000 0.002975
v 0.043810 0.137123 0.003000
v 0.043802 0.137147 0.002975
v 0.044653 0.137553 0.003000
v 0.044638 0.137573 0.002975
v 0.045322 0.138222 0.003000
v 0.045302 0.138237 0.002975
v 0.045752 0.139065 0.003000
v 0.045728 0.139073 0.002975
v 0.045900 0.140000 0.003000
v 0.045875 0.140000 0.002975
v 0.045752 0.140935 0.003000
v 0.045728 0.140927 0.002975
v 0.045322 0.141778 0.003000
v 0.045302 0.141763 0.002975
v 0.044653 0.142447 0.003000
v 0.044638 0.142427 0.002975
v 0.043810 0.142877 0.003000
v 0.043802 0.142853 0.002975
v 0.042875 0.143000 0.002975
v 0.043802 0.142853 0.002975
v 0.042875 0.143000 0.002975
v 0.042875 0.143000 0.000000
v 0.044638 0.142427 0.002975
v 0.043802 0.142853 0.000000
v 0.045302 0.141763 0.002975
v 0.044638 0.142427 0.000000
v 0.045728 0.140927 0.002975
v 0.045302 0.141763 0.000000
v 0.045875 0.140000 0.002975
v 0.045728 0.140927 0.000000
v 0.045728 0.139073 0.002975
v 0.045875 0.140000 0.000000
v 0.045302 0.138237 0.002975
v 0.045728 0.139073 0.000000
v 0.044638 0.137573 0.002975
v 0.045302 0.138237 0.000000
v 0.043802 0.137147 0.002975
v 0.044638 0.137573 0.000000
v 0.042875 0.137000 0.002975
v 0.043802 0.137147 0.000000
v 0.041948 0.137147 0.002975
v 0.042875 0.137000 0.000000
v 0.041112 0.137573 0.002975
v 0.041948 0.137147 0.000000
v 0.040448 0.138237 0.002975
v 0.041112 0.137573 0.000000
v 0.040022 0.139073 0.002975
v 0.040448 0.138237 0.000000
v 0.039875 0.140000 0.002975
v 0.040022 0.139073 0.000000
v 0.040022 0.140927 0.002975
v 0.039875 0.140000 0.000000
v 0.040448 0.141763 0.002975
v 0.040022 0.140927 0.000000
v 0.041112 0.142427 0.002975
v 0.040448 0.141763 0.000000
v 0.041948 0.142853 0.002975
v 0.041112 0.142427 0.000000
v 0.041948 0.142853 0.000000
v 0.007125 0.143025 0.003000
v 0.006190 0.142877 0.003000
v 0.006198 0.142853 0.002975
v 0.005347 0.142447 0.003000
v 0.005362 0.142427 0.002975
v 0.004678 0.141778 0.003000
v 0.004698 0.141763 0.002975
v 0.004248 0.140935 0.003000
v 0.004272 0.140927 0.002975
v 0.004100 0.140000 0.003000
v 0.004125 0.140000 0.002975
v 0.004248 0.139065 0.003000
v 0.004272 0.139073 0.002975
v 0.004678 0.138222 0.003000
v 0.004698 0.138237 0.002975
v 0.005347 0.137553 0.003000
v 0.005362 0.137573 0.002975
v 0.006190 0.137123 0.003000
v 0.006198 0.137147 0.002975
v 0.007125 0.136975 0.003000
v 0.007125 0.137000 0.002975
v 0.008060 0.137123 0.003000
v 0.008052 0.137147 0.002975
v 0.008903 0.137553 0.003000
v 0.008888 0.137573 0.002975
v 0.009572 0.138222 0.003000
v 0.009552 0.138237 0.002975
v 0.010002 0.139065 0.003000
v 0.009978 0.139073 0.002975
v 0.010150 0.140000 0.003000
v 0.010125 0.140000 0.002975
v 0.010002 0.140935 0.003000
v 0.009978 0.140927 0.002975
v 0.009572 0.141778 0.003000
v 0.009552 0.141763 0.002975
v 0.008903 0.142447 0.003000
v 0.008888 0.142427 0.002975
v 0.008060 0.142877 0.003000
v 0.008052 0.142853 0.002975
v 0.007125 0.143000 0.002975
v 0.008052 0.142853 0.002975
v 0.007125 0.143000 0.002975
v 0.007125 0.143000 0.000000
v 0.008888 0.142427 0.002975
v 0.008052 0.142853 0.000000
v 0.009552 0.141763 0.002975
v 0.008888 0.142427 0.000000
v 0.009978 0.140927 0.002975
v 0.009552 0.141763 0.000000
v 0.010125 0.140000 0.002975
v 0.009978 0.140927 0.000000
v 0.009978 0.139073 0.002975
v 0.010125 0.140000 0.000000
v 0.009552 0.138237 0.002975
v 0.009978 0.139073 0.000000
v 0.008888 0.137573 0.002975
v 0.009552 0.138237 0.000000
v 0.008052 0.137147 0.002975
v 0.008888 0.137573 0.000000
v 0.007125 0.137000 0.002975
v 0.008052 0.137147 0.000000
v 0.006198 0.137147 0.002975
v 0.007125 0.137000 0.000000
v 0.005362 0.137573 0.002975
v 0.006198 0.137147 0.000000
v 0.004698 0.138237 0.002975
v 0.005362 0.137573 0.000000
v 0.004272 0.139073 0.002975
v 0.004698 0.138237 0.000000
v 0.004125 0.140000 0.002975
v 0.004272 0.139073 0.000000
v 0.004272 0.140927 0.002975
v 0.004125 0.140000 0.000000
v 0.004698 0.141763 0.002975
v 0.004272 0.140927 0.000000
v 0.005362 0.142427 0.002975
v 0.004698 0.141763 0.000000
v 0.006198 0.142853 0.002975
v 0.005362 0.142427 0.000000
v 0.006198 0.142853 0.000000
v 0.036250 0.125000 0.003134
v 0.036750 0.125000 0.003000
v 0.036750 0.155000 0.003000
v 0.035884 0.125000 0.003500
v 0.036250 0.155000 0.003134
v 0.035750 0.125000 0.004000
v 0.035884 0.155000 0.003500
v 0.035750 0.155000 0.004000
v 0.013750 0.155000 0.003134
v 0.013250 0.155000 0.003000
v 0.013250 0.125000 0.003000
v 0.014116 0.155000 0.003500
v 0.013750 0.125000 0.003134
v 0.014250 0.155000 0.004000
v 0.014116 0.125000 0.003500
v 0.014250 0.125000 0.004000
v 0.000000 0.154000 0.000000
v 0.000000 0.154000 0.003000
v 0.000134 0.154500 0.003000
v 0.000134 0.154500 0.000000
v 0.000500 0.154866 0.003000
v 0.000500 0.154866 0.000000
v 0.001000 0.155000 0.003000
v 0.001000 0.155000 0.000000
v 0.000000 0.126000 0.003000
v 0.000000 0.126000 0.000000
v 0.000134 0.125500 0.000000
v 0.000134 0.125500 0.003000
v 0.000500 0.125134 0.000000
v 0.000500 0.125134 0.003000
v 0.001000 0.125000 0.000000
v 0.001000 0.125000 0.003000
v 0.050000 0.154000 0.003000
v 0.050000 0.154000 0.000000
v 0.049866 0.154500 0.000000
v 0.049866 0.154500 0.003000
v 0.049500 0.154866 0.000000
v 0.049500 0.154866 0.003000
v 0.049000 0.155000 0.000000
v 0.049000 0.155000 0.003000
v 0.050000 0.126000 0.000000
v 0.050000 0.126000 0.003000
v 0.049866 0.125500 0.003000
v 0.049866 0.125500 0.000000
v 0.049500 0.125134 0.003000
v 0.049500 0.125134 0.000000
v 0.049000 0.125000 0.003000
v 0.049000 0.125000 0.000000
v 0.014250 0.125000 0.004000
v 0.020694 0.125000 0.006556
v 0.019520 0.125000 0.007520
v 0.034454 0.125000 0.018116
v 0.031444 0.125000 0.017306
v 0.032160 0.125000 0.015966
v 0.027639 0.125000 0.023421
v 0.026512 0.125000 0.020601
v 0.027966 0.125000 0.020160
v 0.025888 0.125000 0.023713
v 0.025000 0.125000 0.020750
v 0.015546 0.125000 0.018116
v 0.014832 0.125000 0.016491
v 0.017840 0.125000 0.015966
v 0.022034 0.125000 0.005840
v 0.035750 0.125000 0.004000
v 0.026512 0.125000 0.005399
v 0.025000 0.125000 0.005250
v 0.035750 0.125000 0.013000
v 0.032601 0.125000 0.011488
v 0.035168 0.125000 0.016491
v 0.032601 0.125000 0.014512
v 0.033483 0.125000 0.019603
v 0.032281 0.125000 0.020909
v 0.030480 0.125000 0.018480
v 0.030880 0.125000 0.022000
v 0.029306 0.125000 0.019444
v 0.029318 0.125000 0.022845
v 0.024112 0.125000 0.023713
v 0.022361 0.125000 0.023421
v 0.023488 0.125000 0.020601
v 0.017719 0.125000 0.020909
v 0.019520 0.125000 0.018480
v 0.020694 0.125000 0.019444
v 0.016517 0.125000 0.019603
v 0.018556 0.125000 0.017306
v 0.014397 0.125000 0.014769
v 0.017399 0.125000 0.014512
v 0.014250 0.125000 0.013000
v 0.017250 0.125000 0.013000
v 0.023488 0.125000 0.005399
v 0.031444 0.125000 0.008694
v 0.030480 0.125000 0.007520
v 0.032160 0.125000 0.010034
v 0.035603 0.125000 0.014769
v 0.032750 0.125000 0.013000
v 0.020682 0.125000 0.022845
v 0.022034 0.125000 0.020160
v 0.019120 0.125000 0.022000
v 0.017399 0.125000 0.011488
v 0.017840 0.125000 0.010034
v 0.029306 0.125000 0.006556
v 0.027966 0.125000 0.005840
v 0.018556 0.125000 0.008694
v 0.035884 0.125000 0.003500
v 0.013750 0.125000 0.003134
v 0.013250 0.125000 0.003000
v 0.001000 0.125000 0.000000
v 0.014116 0.125000 0.003500
v 0.049000 0.125000 0.000000
v 0.049000 0.125000 0.003000
v 0.036750 0.125000 0.003000
v 0.036250 0.125000 0.003134
v 0.001000 0.125000 0.003000
v 0.034454 0.155000 0.018116
v 0.035168 0.155000 0.016490
v 0.032160 0.155000 0.015966
v 0.031444 0.155000 0.017306
v 0.033483 0.155000 0.019603
v 0.035603 0.155000 0.014769
v 0.032601 0.155000 0.014512
v 0.016517 0.155000 0.019603
v 0.017719 0.155000 0.020909
v 0.019520 0.155000 0.018480
v 0.019120 0.155000 0.022000
v 0.020694 0.155000 0.019444
v 0.024112 0.155000 0.023713
v 0.025000 0.155000 0.020750
v 0.023488 0.155000 0.020601
v 0.025888 0.155000 0.023713
v 0.027639 0.155000 0.023421
v 0.026512 0.155000 0.020601
v 0.029318 0.155000 0.022845
v 0.027966 0.155000 0.020160
v 0.035750 0.155000 0.013000
v 0.032750 0.155000 0.013000
v 0.020682 0.155000 0.022845
v 0.022034 0.155000 0.020160
v 0.022361 0.155000 0.023421
v 0.030880 0.155000 0.022000
v 0.029306 0.155000 0.019444
v 0.032281 0.155000 0.020909
v 0.030480 0.155000 0.018480
v 0.035750 0.155000 0.004000
v 0.032160 0.155000 0.010034
v 0.032601 0.155000 0.011488
v 0.014250 0.155000 0.004000
v 0.025000 0.155000 0.005250
v 0.031444 0.155000 0.008694
v 0.023488 0.155000 0.005399
v 0.029306 0.155000 0.006556
v 0.030480 0.155000 0.007520
v 0.022034 0.155000 0.005840
v 0.020694 0.155000 0.006556
v 0.015546 0.155000 0.018116
v 0.018556 0.155000 0.017306
v 0.017840 0.155000 0.015966
v 0.026512 0.155000 0.005399
v 0.027966 0.155000 0.005840
v 0.019520 0.155000 0.007520
v 0.014250 0.155000 0.013000
v 0.017399 0.155000 0.011488
v 0.014832 0.155000 0.016490
v 0.017399 0.155000 0.014512
v 0.018556 0.155000 0.008694
v 0.017840 0.155000 0.010034
v 0.014397 0.155000 0.014769
v 0.017250 0.155000 0.013000
v 0.014116 0.155000 0.003500
v 0.036250 0.155000 0.003134
v 0.036750 0.155000 0.003000
v 0.049000 0.155000 0.000000
v 0.035884 0.155000 0.003500
v 0.001000 0.155000 0.000000
v 0.001000 0.155000 0.003000
v 0.013250 0.155000 0.003000
v 0.013750 0.155000 0.003134
v 0.049000 0.155000 0.003000
v 0.014250 0.155000 0.004000
v 0.014250 0.125000 0.004000
v 0.014250 0.125000 0.013000
v 0.014250 0.155000 0.013000
v 0.032601 0.125000 0.011488
v 0.032750 0.125000 0.013000
v 0.032750 0.155000 0.013000
v 0.032160 0.125000 0.010034
v 0.032601 0.155000 0.011488
v 0.031444 0.125000 0.008694
v 0.032160 0.155000 0.010034
v 0.030480 0.125000 0.007520
v 0.031444 0.155000 0.008694
v 0.029306 0.125000 0.006556
v 0.030480 0.155000 0.007520
v 0.027966 0.125000 0.005840
v 0.029306 0.155000 0.006556
v 0.026512 0.125000 0.005399
v 0.027966 0.155000 0.005840
v 0.025000 0.125000 0.005250
v 0.026512 0.155000 0.005399
v 0.023488 0.125000 0.005399
v 0.025000 0.155000 0.005250
v 0.022034 0.125000 0.005840
v 0.023488 0.155000 0.005399
v 0.020694 0.125000 0.006556
v 0.022034 0.155000 0.005840
v 0.019520 0.125000 0.007520
v 0.020694 0.155000 0.006556
v 0.018556 0.125000 0.008694
v 0.019520 0.155000 0.007520
v 0.017840 0.125000 0.010034
v 0.018556 0.155000 0.008694
v 0.017399 0.125000 0.011488
v 0.017840 0.155000 0.010034
v 0.017250 0.125000 0.013000
v 0.017399 0.155000 0.011488
v 0.017399 0.125000 0.014512
v 0.017250 0.155000 0.013000
v 0.017840 0.125000 0.015966
v 0.017399 0.155000 0.014512
v 0.018556 0.125000 0.017306
v 0.017840 0.155000 0.015966
v 0.019520 0.125000 0.018480
v 0.018556 0.155000 0.017306
v 0.020694 0.125000 0.019444
v 0.019520 0.155000 0.018480
v 0.030480 0.125000 0.018480
v 0.029306 0.125000 0.019444
v 0.029306 0.155000 0.019444
v 0.031444 0.125000 0.017306
v 0.030480 0.155000 0.018480
v 0.032160 0.125000 0.015966
v 0.031444 0.155000 0.017306
v 0.032601 0.125000 0.014512
v 0.032160 0.155000 0.015966
v 0.032601 0.155000 0.014512
v 0.023488 0.155000 0.020601
v 0.024073 0.142853 0.020694
v 0.023635 0.142672 0.020629
v 0.024529 0.142963 0.020736
v 0.025000 0.155000 0.020750
v 0.025000 0.143000 0.020750
v 0.022034 0.155000 0.020160
v 0.022573 0.141763 0.020360
v 0.022327 0.141362 0.020274
v 0.022147 0.140927 0.020206
v 0.022037 0.140468 0.020161
v 0.023489 0.142582 0.020599
v 0.023237 0.142427 0.020547
v 0.022000 0.140000 0.020146
v 0.022034 0.139568 0.020160
v 0.020694 0.155000 0.019444
v 0.022034 0.140436 0.020160
v 0.022034 0.125000 0.020160
v 0.023237 0.137573 0.020547
v 0.023489 0.137418 0.020599
v 0.022573 0.138237 0.020360
v 0.022147 0.139073 0.020206
v 0.022328 0.138636 0.020275
v 0.022037 0.139528 0.020161
v 0.023488 0.125000 0.020601
v 0.024530 0.137037 0.020736
v 0.025000 0.137000 0.020750
v 0.023637 0.137328 0.020629
v 0.024073 0.137147 0.020694
v 0.026512 0.125000 0.020601
v 0.025927 0.137147 0.020694
v 0.026362 0.137327 0.020629
v 0.025469 0.137037 0.020736
v 0.025000 0.125000 0.020750
v 0.027966 0.125000 0.020160
v 0.027427 0.138237 0.020360
v 0.027672 0.138636 0.020275
v 0.027853 0.139073 0.020206
v 0.027963 0.139528 0.020161
v 0.026511 0.137419 0.020599
v 0.026763 0.137573 0.020547
v 0.028000 0.140000 0.020146
v 0.027966 0.140436 0.020160
v 0.027966 0.139568 0.020160
v 0.027966 0.155000 0.020160
v 0.026763 0.142427 0.020547
v 0.026511 0.142582 0.020599
v 0.027427 0.141763 0.020360
v 0.027853 0.140927 0.020206
v 0.027673 0.141362 0.020274
v 0.027963 0.140468 0.020161
v 0.026512 0.155000 0.020601
v 0.025470 0.142963 0.020736
v 0.026364 0.142672 0.020629
v 0.025927 0.142853 0.020694
v 0.006190 0.142877 0.003000
v 0.000134 0.154500 0.003000
v 0.000000 0.154000 0.003000
v 0.000500 0.154866 0.003000
v 0.006190 0.137123 0.003000
v 0.000134 0.125500 0.003000
v 0.000500 0.125134 0.003000
v 0.005347 0.137553 0.003000
v 0.000000 0.126000 0.003000
v 0.001000 0.155000 0.003000
v 0.005347 0.142447 0.003000
v 0.004248 0.140935 0.003000
v 0.004678 0.141778 0.003000
v 0.001000 0.125000 0.003000
v 0.013250 0.125000 0.003000
v 0.007125 0.136975 0.003000
v 0.013250 0.155000 0.003000
v 0.007125 0.143025 0.003000
v 0.004100 0.140000 0.003000
v 0.008903 0.137553 0.003000
v 0.008060 0.137123 0.003000
v 0.010002 0.140935 0.003000
v 0.010150 0.140000 0.003000
v 0.008060 0.142877 0.003000
v 0.004678 0.138222 0.003000
v 0.004248 0.139065 0.003000
v 0.009572 0.141778 0.003000
v 0.008903 0.142447 0.003000
v 0.009572 0.138222 0.003000
v 0.010002 0.139065 0.003000
v 0.000000 0.126000 0.003000
v 0.000000 0.154000 0.003000
v 0.000000 0.154000 0.000000
v 0.000000 0.126000 0.000000
v 0.001000 0.155000 0.000000
v 0.040448 0.141763 0.000000
v 0.008888 0.142427 0.000000
v 0.009978 0.140927 0.000000
v 0.040022 0.140927 0.000000
v 0.039875 0.140000 0.000000
v 0.009552 0.141763 0.000000
v 0.009978 0.139073 0.000000
v 0.010125 0.140000 0.000000
v 0.006198 0.142853 0.000000
v 0.000134 0.154500 0.000000
v 0.000500 0.154866 0.000000
v 0.005362 0.142427 0.000000
v 0.000000 0.154000 0.000000
v 0.049000 0.155000 0.000000
v 0.041948 0.142853 0.000000
v 0.043802 0.142853 0.000000
v 0.042875 0.143000 0.000000
v 0.049866 0.154500 0.000000
v 0.050000 0.154000 0.000000
v 0.043802 0.137147 0.000000
v 0.049866 0.125500 0.000000
v 0.049500 0.125134 0.000000
v 0.044638 0.137573 0.000000
v 0.050000 0.126000 0.000000
v 0.008052 0.142853 0.000000
v 0.007125 0.143000 0.000000
v 0.041112 0.142427 0.000000
v 0.049500 0.154866 0.000000
v 0.045875 0.140000 0.000000
v 0.004698 0.141763 0.000000
v 0.007125 0.137000 0.000000
v 0.008052 0.137147 0.000000
v 0.045728 0.140927 0.000000
v 0.049000 0.125000 0.000000
v 0.006198 0.137147 0.000000
v 0.000134 0.125500 0.000000
v 0.000000 0.126000 0.000000
v 0.004272 0.140927 0.000000
v 0.004125 0.140000 0.000000
v 0.009552 0.138237 0.000000
v 0.008888 0.137573 0.000000
v 0.045302 0.141763 0.000000
v 0.044638 0.142427 0.000000
v 0.045728 0.139073 0.000000
v 0.045302 0.138237 0.000000
v 0.041948 0.137147 0.000000
v 0.042875 0.137000 0.000000
v 0.001000 0.125000 0.000000
v 0.041112 0.137573 0.000000
v 0.000500 0.125134 0.000000
v 0.040448 0.138237 0.000000
v 0.040022 0.139073 0.000000
v 0.004698 0.138237 0.000000
v 0.005362 0.137573 0.000000
v 0.004272 0.139073 0.000000
v 0.050000 0.126000 0.003000
v 0.050000 0.126000 0.000000
v 0.050000 0.154000 0.000000
v 0.050000 0.154000 0.003000
v 0.036750 0.125000 0.003000
v 0.039998 0.139065 0.003000
v 0.039850 0.140000 0.003000
v 0.043810 0.137123 0.003000
v 0.049866 0.125500 0.003000
v 0.050000 0.126000 0.003000
v 0.036750 0.155000 0.003000
v 0.040428 0.141778 0.003000
v 0.041097 0.142447 0.003000
v 0.039998 0.140935 0.003000
v 0.040428 0.138222 0.003000
v 0.049500 0.125134 0.003000
v 0.043810 0.142877 0.003000
v 0.049866 0.154500 0.003000
v 0.049500 0.154866 0.003000
v 0.044653 0.142447 0.003000
v 0.050000 0.154000 0.003000
v 0.041940 0.142877 0.003000
v 0.041940 0.137123 0.003000
v 0.041097 0.137553 0.003000
v 0.049000 0.125000 0.003000
v 0.042875 0.136975 0.003000
v 0.045752 0.140935 0.003000
v 0.045900 0.140000 0.003000
v 0.044653 0.137553 0.003000
v 0.045752 0.139065 0.003000
v 0.045322 0.141778 0.003000
v 0.049000 0.155000 0.003000
v 0.042875 0.143025 0.003000
v 0.045322 0.138222 0.003000
v 0.035750 0.155000 0.004000
v 0.035750 0.155000 0.013000
v 0.035750 0.125000 0.013000
v 0.035750 0.125000 0.004000
v 0.035750 0.125000 0.013000
v 0.035750 0.155000 0.013000
v 0.035603 0.155000 0.014769
v 0.035603 0.125000 0.014769
v 0.035168 0.155000 0.016490
v 0.035168 0.125000 0.016491
v 0.034454 0.155000 0.018116
v 0.034454 0.125000 0.018116
v 0.033483 0.155000 0.019603
v 0.033483 0.125000 0.019603
v 0.032281 0.155000 0.020909
v 0.032281 0.125000 0.020909
v 0.030880 0.155000 0.022000
v 0.030880 0.125000 0.022000
v 0.029318 0.155000 0.022845
v 0.020682 0.125000 0.022845
v 0.020682 0.155000 0.022845
v 0.019120 0.155000 0.022000
v 0.019120 0.125000 0.022000
v 0.017719 0.155000 0.020909
v 0.017719 0.125000 0.020909
v 0.016517 0.155000 0.019603
v 0.016517 0.125000 0.019603
v 0.015546 0.155000 0.018116
v 0.015546 0.125000 0.018116
v 0.014832 0.155000 0.016490
v 0.014832 0.125000 0.016491
v 0.014397 0.155000 0.014769
v 0.014397 0.125000 0.014769
v 0.014250 0.155000 0.013000
v 0.027639 0.155000 0.023421
v 0.026763 0.142427 0.023604
v 0.027427 0.141763 0.023472
v 0.025888 0.155000 0.023713
v 0.025888 0.142866 0.023713
v 0.026362 0.142673 0.023663
v 0.029318 0.125000 0.022845
v 0.027853 0.139073 0.023364
v 0.027639 0.138573 0.023421
v 0.028000 0.140000 0.023323
v 0.027963 0.139528 0.023334
v 0.027963 0.140468 0.023334
v 0.027853 0.140927 0.023364
v 0.027639 0.141427 0.023421
v 0.027639 0.125000 0.023421
v 0.025927 0.137147 0.023710
v 0.025888 0.137134 0.023713
v 0.026361 0.137327 0.023663
v 0.026763 0.137573 0.023604
v 0.027427 0.138237 0.023472
v 0.025888 0.125000 0.023713
v 0.025000 0.137000 0.023750
v 0.024112 0.125000 0.023713
v 0.022361 0.125000 0.023421
v 0.023237 0.137573 0.023604
v 0.022573 0.138237 0.023472
v 0.024112 0.137134 0.023713
v 0.023638 0.137327 0.023663
v 0.022147 0.140927 0.023364
v 0.022361 0.141427 0.023421
v 0.022000 0.140000 0.023323
v 0.022037 0.140468 0.023333
v 0.022147 0.139073 0.023364
v 0.022037 0.139529 0.023334
v 0.022361 0.138573 0.023421
v 0.022361 0.155000 0.023421
v 0.024073 0.142853 0.023710
v 0.024112 0.142866 0.023713
v 0.023637 0.142672 0.023663
v 0.023237 0.142427 0.023604
v 0.022573 0.141763 0.023472
v 0.024112 0.155000 0.023713
v 0.025000 0.143000 0.023750
v 0.014250 0.125000 0.013000
v 0.142500 -0.140880 -0.011716
v 0.142500 -0.140000 -0.011600
v 0.242500 -0.140000 -0.011600
v 0.042500 -0.140880 -0.011716
v 0.042500 -0.140000 -0.011600
v -0.057500 -0.140880 -0.011716
v -0.057500 -0.140000 -0.011600
v -0.157500 -0.140880 -0.011716
v -0.157500 -0.140000 -0.011600
v -0.257500 -0.140880 -0.011716
v -0.257500 -0.140000 -0.011600
v -0.357500 -0.140880 -0.011716
v -0.357500 -0.140000 -0.011600
v -0.457500 -0.140880 -0.011716
v -0.457500 -0.140000 -0.011600
v 0.142500 -0.141700 -0.012056
v 0.242500 -0.140880 -0.011716
v 0.042500 -0.141700 -0.012056
v -0.057500 -0.141700 -0.012056
v -0.157500 -0.141700 -0.012056
v -0.257500 -0.141700 -0.012056
v -0.357500 -0.141700 -0.012056
v -0.457500 -0.141700 -0.012056
v 0.142500 -0.142404 -0.012596
v 0.242500 -0.141700 -0.012056
v 0.042500 -0.142404 -0.012596
v -0.057500 -0.142404 -0.012596
v -0.157500 -0.142404 -0.012596
v -0.257500 -0.142404 -0.012596
v -0.357500 -0.142404 -0.012596
v -0.457500 -0.142404 -0.012596
v 0.142500 -0.142944 -0.013300
v 0.242500 -0.142404 -0.012596
v 0.042500 -0.142944 -0.013300
v -0.057500 -0.142944 -0.013300
v -0.157500 -0.142944 -0.013300
v -0.257500 -0.142944 -0.013300
v -0.357500 -0.142944 -0.013300
v -0.457500 -0.142944 -0.013300
v 0.142500 -0.143284 -0.014120
v 0.242500 -0.142944 -0.013300
v 0.042500 -0.143284 -0.014120
v -0.057500 -0.143284 -0.014120
v -0.157500 -0.143284 -0.014120
v -0.257500 -0.143284 -0.014120
v -0.357500 -0.143284 -0.014120
v -0.457500 -0.143284 -0.014120
v 0.142500 -0.143400 -0.015000
v 0.242500 -0.143284 -0.014120
v 0.042500 -0.143400 -0.015000
v -0.057500 -0.143400 -0.015000
v -0.157500 -0.143400 -0.015000
v -0.257500 -0.143400 -0.015000
v -0.357500 -0.143400 -0.015000
v -0.457500 -0.143400 -0.015000
v 0.142500 -0.143284 -0.015880
v 0.242500 -0.143400 -0.015000
v 0.042500 -0.143284 -0.015880
v -0.057500 -0.143284 -0.015880
v -0.157500 -0.143284 -0.015880
v -0.257500 -0.143284 -0.015880
v -0.357500 -0.143284 -0.015880
v -0.457500 -0.143284 -0.015880
v 0.142500 -0.142944 -0.016700
v 0.242500 -0.143284 -0.015880
v 0.042500 -0.142944 -0.016700
v -0.057500 -0.142944 -0.016700
v -0.157500 -0.142944 -0.016700
v -0.257500 -0.142944 -0.016700
v -0.357500 -0.142944 -0.016700
v -0.457500 -0.142944 -0.016700
v 0.142500 -0.142404 -0.017404
v 0.242500 -0.142944 -0.016700
v 0.042500 -0.142404 -0.017404
v -0.057500 -0.142404 -0.017404
v -0.157500 -0.142404 -0.017404
v -0.257500 -0.142404 -0.017404
v -0.357500 -0.142404 -0.017404
v -0.457500 -0.142404 -0.017404
v 0.142500 -0.141700 -0.017944
v 0.242500 -0.142404 -0.017404
v 0.042500 -0.141700 -0.017944
v -0.057500 -0.141700 -0.017944
v -0.157500 -0.141700 -0.017944
v -0.257500 -0.141700 -0.017944
v -0.357500 -0.141700 -0.017944
v -0.457500 -0.141700 -0.017944
v 0.142500 -0.140880 -0.018284
v 0.242500 -0.141700 -0.017944
v 0.042500 -0.140880 -0.018284
v -0.057500 -0.140880 -0.018284
v -0.157500 -0.140880 -0.018284
v -0.257500 -0.140880 -0.018284
v -0.357500 -0.140880 -0.018284
v -0.457500 -0.140880 -0.018284
v 0.142500 -0.140000 -0.018400
v 0.242500 -0.140880 -0.018284
v 0.042500 -0.140000 -0.018400
v -0.057500 -0.140000 -0.018400
v -0.157500 -0.140000 -0.018400
v -0.257500 -0.140000 -0.018400
v -0.357500 -0.140000 -0.018400
v -0.457500 -0.140000 -0.018400
v 0.142500 -0.139120 -0.018284
v 0.242500 -0.140000 -0.018400
v 0.042500 -0.139120 -0.018284
v -0.057500 -0.139120 -0.018284
v -0.157500 -0.139120 -0.018284
v -0.257500 -0.139120 -0.018284
v -0.357500 -0.139120 -0.018284
v -0.457500 -0.139120 -0.018284
v 0.142500 -0.138300 -0.017944
v 0.242500 -0.139120 -0.018284
v 0.042500 -0.138300 -0.017944
v -0.057500 -0.138300 -0.017944
v -0.157500 -0.138300 -0.017944
v -0.257500 -0.138300 -0.017944
v -0.357500 -0.138300 -0.017944
v -0.457500 -0.138300 -0.017944
v 0.142500 -0.137596 -0.017404
v 0.242500 -0.138300 -0.017944
v 0.042500 -0.137596 -0.017404
v -0.057500 -0.137596 -0.017404
v -0.157500 -0.137596 -0.017404
v -0.257500 -0.137596 -0.017404
v -0.357500 -0.137596 -0.017404
v -0.457500 -0.137596 -0.017404
v 0.142500 -0.137056 -0.016700
v 0.242500 -0.137596 -0.017404
v 0.042500 -0.137056 -0.016700
v -0.057500 -0.137056 -0.016700
v -0.157500 -0.137056 -0.016700
v -0.257500 -0.137056 -0.016700
v -0.357500 -0.137056 -0.016700
v -0.457500 -0.137056 -0.016700
v 0.142500 -0.136716 -0.015880
v 0.242500 -0.137056 -0.016700
v 0.042500 -0.136716 -0.015880
v -0.057500 -0.136716 -0.015880
v -0.157500 -0.136716 -0.015880
v -0.257500 -0.136716 -0.015880
v -0.357500 -0.136716 -0.015880
v -0.457500 -0.136716 -0.015880
v 0.142500 -0.136600 -0.015000
v 0.242500 -0.136716 -0.015880
v 0.042500 -0.136600 -0.015000
v -0.057500 -0.136600 -0.015000
v -0.157500 -0.136600 -0.015000
v -0.257500 -0.136600 -0.015000
v -0.357500 -0.136600 -0.015000
v -0.457500 -0.136600 -0.015000
v 0.142500 -0.136716 -0.014120
v 0.242500 -0.136600 -0.015000
v 0.042500 -0.136716 -0.014120
v -0.057500 -0.136716 -0.014120
v -0.157500 -0.136716 -0.014120
v -0.257500 -0.136716 -0.014120
v -0.357500 -0.136716 -0.014120
v -0.457500 -0.136716 -0.014120
v 0.142500 -0.137056 -0.013300
v 0.242500 -0.136716 -0.014120
v 0.042500 -0.137056 -0.013300
v -0.057500 -0.137056 -0.013300
v -0.157500 -0.137056 -0.013300
v -0.257500 -0.137056 -0.013300
v -0.357500 -0.137056 -0.013300
v -0.457500 -0.137056 -0.013300
v 0.142500 -0.137596 -0.012596
v 0.242500 -0.137056 -0.013300
v 0.042500 -0.137596 -0.012596
v -0.057500 -0.137596 -0.012596
v -0.157500 -0.137596 -0.012596
v -0.257500 -0.137596 -0.012596
v -0.357500 -0.137596 -0.012596
v -0.457500 -0.137596 -0.012596
v 0.142500 -0.138300 -0.012056
v 0.242500 -0.137596 -0.012596
v 0.042500 -0.138300 -0.012056
v -0.057500 -0.138300 -0.012056
v -0.157500 -0.138300 -0.012056
v -0.257500 -0.138300 -0.012056
v -0.357500 -0.138300 -0.012056
v -0.457500 -0.138300 -0.012056
v 0.142500 -0.139120 -0.011716
v 0.242500 -0.138300 -0.012056
v 0.042500 -0.139120 -0.011716
v -0.057500 -0.139120 -0.011716
v -0.157500 -0.139120 -0.011716
v -0.257500 -0.139120 -0.011716
v -0.357500 -0.139120 -0.011716
v -0.457500 -0.139120 -0.011716
v 0.242500 -0.139120 -0.011716
v 0.242500 -0.144700 -0.000287
v 0.242500 -0.144100 -0.000287
v 0.142500 -0.144100 -0.000287
v 0.142500 -0.144700 -0.000287
v 0.042500 -0.144100 -0.000287
v 0.042500 -0.144700 -0.000287
v -0.057500 -0.144100 -0.000287
v -0.057500 -0.144700 -0.000287
v -0.157500 -0.144100 -0.000287
v -0.157500 -0.144700 -0.000287
v -0.257500 -0.144100 -0.000287
v -0.257500 -0.144700 -0.000287
v -0.357500 -0.144100 -0.000287
v -0.357500 -0.144700 -0.000287
v -0.457500 -0.144100 -0.000287
v -0.457500 -0.144700 -0.000287
v 0.242500 -0.144100 -0.000287
v 0.242500 -0.144100 -0.002000
v 0.142500 -0.144100 -0.002000
v 0.142500 -0.144100 -0.000287
v 0.042500 -0.144100 -0.002000
v 0.042500 -0.144100 -0.000287
v -0.057500 -0.144100 -0.002000
v -0.057500 -0.144100 -0.000287
v -0.157500 -0.144100 -0.002000
v -0.157500 -0.144100 -0.000287
v -0.257500 -0.144100 -0.002000
v -0.257500 -0.144100 -0.000287
v -0.357500 -0.144100 -0.002000
v -0.357500 -0.144100 -0.000287
v -0.457500 -0.144100 -0.002000
v -0.457500 -0.144100 -0.000287
v 0.242500 -0.144100 -0.002000
v 0.242500 -0.148500 -0.002000
v 0.142500 -0.148500 -0.002000
v 0.142500 -0.144100 -0.002000
v 0.042500 -0.148500 -0.002000
v 0.042500 -0.144100 -0.002000
v -0.057500 -0.148500 -0.002000
v -0.057500 -0.144100 -0.002000
v -0.157500 -0.148500 -0.002000
v -0.157500 -0.144100 -0.002000
v -0.257500 -0.148500 -0.002000
v -0.257500 -0.144100 -0.002000
v -0.357500 -0.148500 -0.002000
v -0.357500 -0.144100 -0.002000
v -0.457500 -0.148500 -0.002000
v -0.457500 -0.144100 -0.002000
v 0.242500 -0.148500 -0.002000
v 0.242500 -0.148500 -0.004928
v 0.142500 -0.148500 -0.004928
v 0.142500 -0.148500 -0.002000
v 0.042500 -0.148500 -0.004928
v 0.042500 -0.148500 -0.002000
v -0.057500 -0.148500 -0.004928
v -0.057500 -0.148500 -0.002000
v -0.157500 -0.148500 -0.004928
v -0.157500 -0.148500 -0.002000
v -0.257500 -0.148500 -0.004928
v -0.257500 -0.148500 -0.002000
v -0.357500 -0.148500 -0.004928
v -0.357500 -0.148500 -0.002000
v -0.457500 -0.148500 -0.004928
v -0.457500 -0.148500 -0.002000
v 0.242500 -0.148500 -0.004928
v 0.242500 -0.143495 -0.010123
v 0.142500 -0.143495 -0.010123
v 0.142500 -0.148500 -0.004928
v 0.042500 -0.143495 -0.010123
v 0.042500 -0.148500 -0.004928
v -0.057500 -0.143495 -0.010123
v -0.057500 -0.148500 -0.004928
v -0.157500 -0.143495 -0.010123
v -0.157500 -0.148500 -0.004928
v -0.257500 -0.143495 -0.010123
v -0.257500 -0.148500 -0.004928
v -0.357500 -0.143495 -0.010123
v -0.357500 -0.148500 -0.004928
v -0.457500 -0.143495 -0.010123
v -0.457500 -0.148500 -0.004928
v 0.142500 -0.143495 -0.010123
v 0.242500 -0.143495 -0.010123
v 0.242500 -0.142187 -0.009413
v 0.042500 -0.143495 -0.010123
v 0.142500 -0.142187 -0.009413
v -0.057500 -0.143495 -0.010123
v 0.042500 -0.142187 -0.009413
v -0.157500 -0.143495 -0.010123
v -0.057500 -0.142187 -0.009413
v -0.257500 -0.143495 -0.010123
v -0.157500 -0.142187 -0.009413
v -0.357500 -0.143495 -0.010123
v -0.257500 -0.142187 -0.009413
v -0.457500 -0.143495 -0.010123
v -0.357500 -0.142187 -0.009413
v 0.242500 -0.140744 -0.009046
v 0.142500 -0.140744 -0.009046
v 0.042500 -0.140744 -0.009046
v -0.057500 -0.140744 -0.009046
v -0.157500 -0.140744 -0.009046
v -0.257500 -0.140744 -0.009046
v -0.457500 -0.142187 -0.009413
v -0.357500 -0.140744 -0.009046
v 0.242500 -0.139256 -0.009046
v 0.142500 -0.139256 -0.009046
v 0.042500 -0.139256 -0.009046
v -0.057500 -0.139256 -0.009046
v -0.157500 -0.139256 -0.009046
v -0.257500 -0.139256 -0.009046
v -0.457500 -0.140744 -0.009046
v -0.357500 -0.139256 -0.009046
v 0.242500 -0.137813 -0.009413
v 0.142500 -0.137813 -0.009413
v 0.042500 -0.137813 -0.009413
v -0.057500 -0.137813 -0.009413
v -0.157500 -0.137813 -0.009413
v -0.257500 -0.137813 -0.009413
v -0.457500 -0.139256 -0.009046
v -0.357500 -0.137813 -0.009413
v 0.242500 -0.136505 -0.010123
v 0.142500 -0.136505 -0.010123
v 0.042500 -0.136505 -0.010123
v -0.057500 -0.136505 -0.010123
v -0.157500 -0.136505 -0.010123
v -0.257500 -0.136505 -0.010123
v -0.457500 -0.137813 -0.009413
v -0.357500 -0.136505 -0.010123
v -0.457500 -0.136505 -0.010123
v 0.242500 -0.136505 -0.010123
v 0.242500 -0.131500 -0.004928
v 0.142500 -0.131500 -0.004928
v 0.142500 -0.136505 -0.010123
v 0.042500 -0.131500 -0.004928
v 0.042500 -0.136505 -0.010123
v -0.057500 -0.131500 -0.004928
v -0.057500 -0.136505 -0.010123
v -0.157500 -0.131500 -0.004928
v -0.157500 -0.136505 -0.010123
v -0.257500 -0.131500 -0.004928
v -0.257500 -0.136505 -0.010123
v -0.357500 -0.131500 -0.004928
v -0.357500 -0.136505 -0.010123
v -0.457500 -0.131500 -0.004928
v -0.457500 -0.136505 -0.010123
v 0.242500 -0.131500 -0.004928
v 0.242500 -0.131500 -0.002000
v 0.142500 -0.131500 -0.002000
v 0.142500 -0.131500 -0.004928
v 0.042500 -0.131500 -0.002000
v 0.042500 -0.131500 -0.004928
v -0.057500 -0.131500 -0.002000
v -0.057500 -0.131500 -0.004928
v -0.157500 -0.131500 -0.002000
v -0.157500 -0.131500 -0.004928
v -0.257500 -0.131500 -0.002000
v -0.257500 -0.131500 -0.004928
v -0.357500 -0.131500 -0.002000
v -0.357500 -0.131500 -0.004928
v -0.457500 -0.131500 -0.002000
v -0.457500 -0.131500 -0.004928
v 0.242500 -0.131500 -0.002000
v 0.242500 -0.135900 -0.002000
v 0.142500 -0.135900 -0.002000
v 0.142500 -0.131500 -0.002000
v 0.042500 -0.135900 -0.002000
v 0.042500 -0.131500 -0.002000
v -0.057500 -0.135900 -0.002000
v -0.057500 -0.131500 -0.002000
v -0.157500 -0.135900 -0.002000
v -0.157500 -0.131500 -0.002000
v -0.257500 -0.135900 -0.002000
v -0.257500 -0.131500 -0.002000
v -0.357500 -0.135900 -0.002000
v -0.357500 -0.131500 -0.002000
v -0.457500 -0.135900 -0.002000
v -0.457500 -0.131500 -0.002000
v 0.242500 -0.135900 -0.002000
v 0.242500 -0.135900 -0.000287
v 0.142500 -0.135900 -0.000287
v 0.142500 -0.135900 -0.002000
v 0.042500 -0.135900 -0.000287
v 0.042500 -0.135900 -0.002000
v -0.057500 -0.135900 -0.000287
v -0.057500 -0.135900 -0.002000
v -0.157500 -0.135900 -0.000287
v -0.157500 -0.135900 -0.002000
v -0.257500 -0.135900 -0.000287
v -0.257500 -0.135900 -0.002000
v -0.357500 -0.135900 -0.000287
v -0.357500 -0.135900 -0.002000
v -0.457500 -0.135900 -0.000287
v -0.457500 -0.135900 -0.002000
v 0.242500 -0.135900 -0.000287
v 0.242500 -0.135300 -0.000287
v 0.142500 -0.135300 -0.000287
v 0.142500 -0.135900 -0.000287
v 0.042500 -0.135300 -0.000287
v 0.042500 -0.135900 -0.000287
v -0.057500 -0.135300 -0.000287
v -0.057500 -0.135900 -0.000287
v -0.157500 -0.135300 -0.000287
v -0.157500 -0.135900 -0.000287
v -0.257500 -0.135300 -0.000287
v -0.257500 -0.135900 -0.000287
v -0.357500 -0.135300 -0.000287
v -0.357500 -0.135900 -0.000287
v -0.457500 -0.135300 -0.000287
v -0.457500 -0.135900 -0.000287
v 0.242500 -0.135300 -0.000287
v 0.242500 -0.135300 0.000000
v 0.142500 -0.135300 0.000000
v 0.142500 -0.135300 -0.000287
v 0.042500 -0.135300 0.000000
v 0.042500 -0.135300 -0.000287
v -0.057500 -0.135300 0.000000
v -0.057500 -0.135300 -0.000287
v -0.157500 -0.135300 0.000000
v -0.157500 -0.135300 -0.000287
v -0.257500 -0.135300 0.000000
v -0.257500 -0.135300 -0.000287
v -0.357500 -0.135300 0.000000
v -0.357500 -0.135300 -0.000287
v -0.457500 -0.135300 0.000000
v -0.457500 -0.135300 -0.000287
v 0.242500 -0.135300 0.000000
v 0.242500 -0.125000 0.000000
v 0.142500 -0.125000 0.000000
v 0.142500 -0.135300 0.000000
v 0.042500 -0.125000 0.000000
v 0.042500 -0.135300 0.000000
v -0.057500 -0.125000 0.000000
v -0.057500 -0.135300 0.000000
v -0.157500 -0.125000 0.000000
v -0.157500 -0.135300 0.000000
v -0.257500 -0.125000 0.000000
v -0.257500 -0.135300 0.000000
v -0.357500 -0.125000 0.000000
v -0.357500 -0.135300 0.000000
v -0.457500 -0.125000 0.000000
v -0.457500 -0.135300 0.000000
v 0.242500 -0.125000 0.000000
v 0.242500 -0.125000 -0.010300
v 0.142500 -0.125000 -0.010300
v 0.142500 -0.125000 0.000000
v 0.042500 -0.125000 -0.010300
v 0.042500 -0.125000 0.000000
v -0.057500 -0.125000 -0.010300
v -0.057500 -0.125000 0.000000
v -0.157500 -0.125000 -0.010300
v -0.157500 -0.125000 0.000000
v -0.257500 -0.125000 -0.010300
v -0.257500 -0.125000 0.000000
v -0.357500 -0.125000 -0.010300
v -0.357500 -0.125000 0.000000
v -0.457500 -0.125000 -0.010300
v -0.457500 -0.125000 0.000000
v 0.242500 -0.125000 -0.010300
v 0.242500 -0.125355 -0.010300
v 0.142500 -0.125355 -0.010300
v 0.142500 -0.125000 -0.010300
v 0.042500 -0.125355 -0.010300
v 0.042500 -0.125000 -0.010300
v -0.057500 -0.125355 -0.010300
v -0.057500 -0.125000 -0.010300
v -0.157500 -0.125355 -0.010300
v -0.157500 -0.125000 -0.010300
v -0.257500 -0.125355 -0.010300
v -0.257500 -0.125000 -0.010300
v -0.357500 -0.125355 -0.010300
v -0.357500 -0.125000 -0.010300
v -0.457500 -0.125355 -0.010300
v -0.457500 -0.125000 -0.010300
v 0.242500 -0.125355 -0.010300
v 0.242500 -0.125355 -0.010900
v 0.142500 -0.125355 -0.010900
v 0.142500 -0.125355 -0.010300
v 0.042500 -0.125355 -0.010900
v 0.042500 -0.125355 -0.010300
v -0.057500 -0.125355 -0.010900
v -0.057500 -0.125355 -0.010300
v -0.157500 -0.125355 -0.010900
v -0.157500 -0.125355 -0.010300
v -0.257500 -0.125355 -0.010900
v -0.257500 -0.125355 -0.010300
v -0.357500 -0.125355 -0.010900
v -0.357500 -0.125355 -0.010300
v -0.457500 -0.125355 -0.010900
v -0.457500 -0.125355 -0.010300
v 0.242500 -0.125355 -0.010900
v 0.242500 -0.127000 -0.010900
v 0.142500 -0.127000 -0.010900
v 0.142500 -0.125355 -0.010900
v 0.042500 -0.127000 -0.010900
v 0.042500 -0.125355 -0.010900
v -0.057500 -0.127000 -0.010900
v -0.057500 -0.125355 -0.010900
v -0.157500 -0.127000 -0.010900
v -0.157500 -0.125355 -0.010900
v -0.257500 -0.127000 -0.010900
v -0.257500 -0.125355 -0.010900
v -0.357500 -0.127000 -0.010900
v -0.357500 -0.125355 -0.010900
v -0.457500 -0.127000 -0.010900
v -0.457500 -0.125355 -0.010900
v 0.242500 -0.127000 -0.010900
v 0.242500 -0.127000 -0.006209
v 0.142500 -0.127000 -0.006209
v 0.142500 -0.127000 -0.010900
v 0.042500 -0.127000 -0.006209
v 0.042500 -0.127000 -0.010900
v -0.057500 -0.127000 -0.006209
v -0.057500 -0.127000 -0.010900
v -0.157500 -0.127000 -0.006209
v -0.157500 -0.127000 -0.010900
v -0.257500 -0.127000 -0.006209
v -0.257500 -0.127000 -0.010900
v -0.357500 -0.127000 -0.006209
v -0.357500 -0.127000 -0.010900
v -0.457500 -0.127000 -0.006209
v -0.457500 -0.127000 -0.010900
v 0.242500 -0.127000 -0.006209
v 0.242500 -0.129760 -0.006209
v 0.142500 -0.129760 -0.006209
v 0.142500 -0.127000 -0.006209
v 0.042500 -0.129760 -0.006209
v 0.042500 -0.127000 -0.006209
v -0.057500 -0.129760 -0.006209
v -0.057500 -0.127000 -0.006209
v -0.157500 -0.129760 -0.006209
v -0.157500 -0.127000 -0.006209
v -0.257500 -0.129760 -0.006209
v -0.257500 -0.127000 -0.006209
v -0.357500 -0.129760 -0.006209
v -0.357500 -0.127000 -0.006209
v -0.457500 -0.129760 -0.006209
v -0.457500 -0.127000 -0.006209
v 0.242500 -0.129760 -0.006209
v 0.242500 -0.135014 -0.011663
v 0.142500 -0.135014 -0.011663
v 0.142500 -0.129760 -0.006209
v 0.042500 -0.135014 -0.011663
v 0.042500 -0.129760 -0.006209
v -0.057500 -0.135014 -0.011663
v -0.057500 -0.129760 -0.006209
v -0.157500 -0.135014 -0.011663
v -0.157500 -0.129760 -0.006209
v -0.257500 -0.135014 -0.011663
v -0.257500 -0.129760 -0.006209
v -0.357500 -0.135014 -0.011663
v -0.357500 -0.129760 -0.006209
v -0.457500 -0.135014 -0.011663
v -0.457500 -0.129760 -0.006209
v 0.142500 -0.135014 -0.011663
v 0.242500 -0.135014 -0.011663
v 0.242500 -0.134372 -0.012921
v 0.042500 -0.135014 -0.011663
v 0.142500 -0.134372 -0.012921
v -0.057500 -0.135014 -0.011663
v 0.042500 -0.134372 -0.012921
v -0.157500 -0.135014 -0.011663
v -0.057500 -0.134372 -0.012921
v -0.257500 -0.135014 -0.011663
v -0.157500 -0.134372 -0.012921
v -0.357500 -0.135014 -0.011663
v -0.257500 -0.134372 -0.012921
v -0.457500 -0.135014 -0.011663
v -0.357500 -0.134372 -0.012921
v 0.242500 -0.134042 -0.014294
v 0.142500 -0.134042 -0.014294
v 0.042500 -0.134042 -0.014294
v -0.057500 -0.134042 -0.014294
v -0.157500 -0.134042 -0.014294
v -0.257500 -0.134042 -0.014294
v -0.457500 -0.134372 -0.012921
v -0.357500 -0.134042 -0.014294
v 0.242500 -0.134042 -0.015706
v 0.142500 -0.134042 -0.015706
v 0.042500 -0.134042 -0.015706
v -0.057500 -0.134042 -0.015706
v -0.157500 -0.134042 -0.015706
v -0.257500 -0.134042 -0.015706
v -0.457500 -0.134042 -0.014294
v -0.357500 -0.134042 -0.015706
v 0.242500 -0.134372 -0.017079
v 0.142500 -0.134372 -0.017079
v 0.042500 -0.134372 -0.017079
v -0.057500 -0.134372 -0.017079
v -0.157500 -0.134372 -0.017079
v -0.257500 -0.134372 -0.017079
v -0.457500 -0.134042 -0.015706
v -0.357500 -0.134372 -0.017079
v 0.242500 -0.135014 -0.018337
v 0.142500 -0.135014 -0.018337
v 0.042500 -0.135014 -0.018337
v -0.057500 -0.135014 -0.018337
v -0.157500 -0.135014 -0.018337
v -0.257500 -0.135014 -0.018337
v -0.457500 -0.134372 -0.017079
v -0.357500 -0.135014 -0.018337
v -0.457500 -0.135014 -0.018337
v 0.242500 -0.135014 -0.018337
v 0.242500 -0.129760 -0.023791
v 0.142500 -0.129760 -0.023791
v 0.142500 -0.135014 -0.018337
v 0.042500 -0.129760 -0.023791
v 0.042500 -0.135014 -0.018337
v -0.057500 -0.129760 -0.023791
v -0.057500 -0.135014 -0.018337
v -0.157500 -0.129760 -0.023791
v -0.157500 -0.135014 -0.018337
v -0.257500 -0.129760 -0.023791
v -0.257500 -0.135014 -0.018337
v -0.357500 -0.129760 -0.023791
v -0.357500 -0.135014 -0.018337
v -0.457500 -0.129760 -0.023791
v -0.457500 -0.135014 -0.018337
v 0.242500 -0.129760 -0.023791
v 0.242500 -0.127000 -0.023791
v 0.142500 -0.127000 -0.023791
v 0.142500 -0.129760 -0.023791
v 0.042500 -0.127000 -0.023791
v 0.042500 -0.129760 -0.023791
v -0.057500 -0.127000 -0.023791
v -0.057500 -0.129760 -0.023791
v -0.157500 -0.127000 -0.023791
v -0.157500 -0.129760 -0.023791
v -0.257500 -0.127000 -0.023791
v -0.257500 -0.129760 -0.023791
v -0.357500 -0.127000 -0.023791
v -0.357500 -0.129760 -0.023791
v -0.457500 -0.127000 -0.023791
v -0.457500 -0.129760 -0.023791
v 0.242500 -0.127000 -0.023791
v 0.242500 -0.127000 -0.019100
v 0.142500 -0.127000 -0.019100
v 0.142500 -0.127000 -0.023791
v 0.042500 -0.127000 -0.019100
v 0.042500 -0.127000 -0.023791
v -0.057500 -0.127000 -0.019100
v -0.057500 -0.127000 -0.023791
v -0.157500 -0.127000 -0.019100
v -0.157500 -0.127000 -0.023791
v -0.257500 -0.127000 -0.019100
v -0.257500 -0.127000 -0.023791
v -0.357500 -0.127000 -0.019100
v -0.357500 -0.127000 -0.023791
v -0.457500 -0.127000 -0.019100
v -0.457500 -0.127000 -0.023791
v 0.242500 -0.127000 -0.019100
v 0.242500 -0.125355 -0.019100
v 0.142500 -0.125355 -0.019100
v 0.142500 -0.127000 -0.019100
v 0.042500 -0.125355 -0.019100
v 0.042500 -0.127000 -0.019100
v -0.057500 -0.125355 -0.019100
v -0.057500 -0.127000 -0.019100
v -0.157500 -0.125355 -0.019100
v -0.157500 -0.127000 -0.019100
v -0.257500 -0.125355 -0.019100
v -0.257500 -0.127000 -0.019100
v -0.357500 -0.125355 -0.019100
v -0.357500 -0.127000 -0.019100
v -0.457500 -0.125355 -0.019100
v -0.457500 -0.127000 -0.019100
v 0.242500 -0.125355 -0.019100
v 0.242500 -0.125355 -0.019700
v 0.142500 -0.125355 -0.019700
v 0.142500 -0.125355 -0.019100
v 0.042500 -0.125355 -0.019700
v 0.042500 -0.125355 -0.019100
v -0.057500 -0.125355 -0.019700
v -0.057500 -0.125355 -0.019100
v -0.157500 -0.125355 -0.019700
v -0.157500 -0.125355 -0.019100
v -0.257500 -0.125355 -0.019700
v -0.257500 -0.125355 -0.019100
v -0.357500 -0.125355 -0.019700
v -0.357500 -0.125355 -0.019100
v -0.457500 -0.125355 -0.019700
v -0.457500 -0.125355 -0.019100
v 0.242500 -0.125355 -0.019700
v 0.242500 -0.125000 -0.019700
v 0.142500 -0.125000 -0.019700
v 0.142500 -0.125355 -0.019700
v 0.042500 -0.125000 -0.019700
v 0.042500 -0.125355 -0.019700
v -0.057500 -0.125000 -0.019700
v -0.057500 -0.125355 -0.019700
v -0.157500 -0.125000 -0.019700
v -0.157500 -0.125355 -0.019700
v -0.257500 -0.125000 -0.019700
v -0.257500 -0.125355 -0.019700
v -0.357500 -0.125000 -0.019700
v -0.357500 -0.125355 -0.019700
v -0.457500 -0.125000 -0.019700
v -0.457500 -0.125355 -0.019700
v 0.242500 -0.125000 -0.019700
v 0.242500 -0.125000 -0.030000
v 0.142500 -0.125000 -0.030000
v 0.142500 -0.125000 -0.019700
v 0.042500 -0.125000 -0.030000
v 0.042500 -0.125000 -0.019700
v -0.057500 -0.125000 -0.030000
v -0.057500 -0.125000 -0.019700
v -0.157500 -0.125000 -0.030000
v -0.157500 -0.125000 -0.019700
v -0.257500 -0.125000 -0.030000
v -0.257500 -0.125000 -0.019700
v -0.357500 -0.125000 -0.030000
v -0.357500 -0.125000 -0.019700
v -0.457500 -0.125000 -0.030000
v -0.457500 -0.125000 -0.019700
v 0.242500 -0.125000 -0.030000
v 0.242500 -0.135300 -0.030000
v 0.142500 -0.135300 -0.030000
v 0.142500 -0.125000 -0.030000
v 0.042500 -0.135300 -0.030000
v 0.042500 -0.125000 -0.030000
v -0.057500 -0.135300 -0.030000
v -0.057500 -0.125000 -0.030000
v -0.157500 -0.135300 -0.030000
v -0.157500 -0.125000 -0.030000
v -0.257500 -0.135300 -0.030000
v -0.257500 -0.125000 -0.030000
v -0.357500 -0.135300 -0.030000
v -0.357500 -0.125000 -0.030000
v -0.457500 -0.135300 -0.030000
v -0.457500 -0.125000 -0.030000
v 0.242500 -0.135300 -0.030000
v 0.242500 -0.135300 -0.029713
v 0.142500 -0.135300 -0.029713
v 0.142500 -0.135300 -0.030000
v 0.042500 -0.135300 -0.029713
v 0.042500 -0.135300 -0.030000
v -0.057500 -0.135300 -0.029713
v -0.057500 -0.135300 -0.030000
v -0.157500 -0.135300 -0.029713
v -0.157500 -0.135300 -0.030000
v -0.257500 -0.135300 -0.029713
v -0.257500 -0.135300 -0.030000
v -0.357500 -0.135300 -0.029713
v -0.357500 -0.135300 -0.030000
v -0.457500 -0.135300 -0.029713
v -0.457500 -0.135300 -0.030000
v 0.242500 -0.135300 -0.029713
v 0.242500 -0.135900 -0.029713
v 0.142500 -0.135900 -0.029713
v 0.142500 -0.135300 -0.029713
v 0.042500 -0.135900 -0.029713
v 0.042500 -0.135300 -0.029713
v -0.057500 -0.135900 -0.029713
v -0.057500 -0.135300 -0.029713
v -0.157500 -0.135900 -0.029713
v -0.157500 -0.135300 -0.029713
v -0.257500 -0.135900 -0.029713
v -0.257500 -0.135300 -0.029713
v -0.357500 -0.135900 -0.029713
v -0.357500 -0.135300 -0.029713
v -0.457500 -0.135900 -0.029713
v -0.457500 -0.135300 -0.029713
v 0.242500 -0.135900 -0.029713
v 0.242500 -0.135900 -0.028000
v 0.142500 -0.135900 -0.028000
v 0.142500 -0.135900 -0.029713
v 0.042500 -0.135900 -0.028000
v 0.042500 -0.135900 -0.029713
v -0.057500 -0.135900 -0.028000
v -0.057500 -0.135900 -0.029713
v -0.157500 -0.135900 -0.028000
v -0.157500 -0.135900 -0.029713
v -0.257500 -0.135900 -0.028000
v -0.257500 -0.135900 -0.029713
v -0.357500 -0.135900 -0.028000
v -0.357500 -0.135900 -0.029713
v -0.457500 -0.135900 -0.028000
v -0.457500 -0.135900 -0.029713
v 0.242500 -0.135900 -0.028000
v 0.242500 -0.131500 -0.028000
v 0.142500 -0.131500 -0.028000
v 0.142500 -0.135900 -0.028000
v 0.042500 -0.131500 -0.028000
v 0.042500 -0.135900 -0.028000
v -0.057500 -0.131500 -0.028000
v -0.057500 -0.135900 -0.028000
v -0.157500 -0.131500 -0.028000
v -0.157500 -0.135900 -0.028000
v -0.257500 -0.131500 -0.028000
v -0.257500 -0.135900 -0.028000
v -0.357500 -0.131500 -0.028000
v -0.357500 -0.135900 -0.028000
v -0.457500 -0.131500 -0.028000
v -0.457500 -0.135900 -0.028000
v 0.242500 -0.131500 -0.028000
v 0.242500 -0.131500 -0.025072
v 0.142500 -0.131500 -0.025072
v 0.142500 -0.131500 -0.028000
v 0.042500 -0.131500 -0.025072
v 0.042500 -0.131500 -0.028000
v -0.057500 -0.131500 -0.025072
v -0.057500 -0.131500 -0.028000
v -0.157500 -0.131500 -0.025072
v -0.157500 -0.131500 -0.028000
v -0.257500 -0.131500 -0.025072
v -0.257500 -0.131500 -0.028000
v -0.357500 -0.131500 -0.025072
v -0.357500 -0.131500 -0.028000
v -0.457500 -0.131500 -0.025072
v -0.457500 -0.131500 -0.028000
v 0.242500 -0.131500 -0.025072
v 0.242500 -0.136505 -0.019877
v 0.142500 -0.136505 -0.019877
v 0.142500 -0.131500 -0.025072
v 0.042500 -0.136505 -0.019877
v 0.042500 -0.131500 -0.025072
v -0.057500 -0.136505 -0.019877
v -0.057500 -0.131500 -0.025072
v -0.157500 -0.136505 -0.019877
v -0.157500 -0.131500 -0.025072
v -0.257500 -0.136505 -0.019877
v -0.257500 -0.131500 -0.025072
v -0.357500 -0.136505 -0.019877
v -0.357500 -0.131500 -0.025072
v -0.457500 -0.136505 -0.019877
v -0.457500 -0.131500 -0.025072
v 0.142500 -0.136505 -0.019877
v 0.242500 -0.136505 -0.019877
v 0.242500 -0.137813 -0.020587
v 0.042500 -0.136505 -0.019877
v 0.142500 -0.137813 -0.020587
v -0.057500 -0.136505 -0.019877
v 0.042500 -0.137813 -0.020587
v -0.157500 -0.136505 -0.019877
v -0.057500 -0.137813 -0.020587
v -0.257500 -0.136505 -0.019877
v -0.157500 -0.137813 -0.020587
v -0.357500 -0.136505 -0.019877
v -0.257500 -0.137813 -0.020587
v -0.457500 -0.136505 -0.019877
v -0.357500 -0.137813 -0.020587
v 0.242500 -0.139256 -0.020954
v 0.142500 -0.139256 -0.020954
v 0.042500 -0.139256 -0.020954
v -0.057500 -0.139256 -0.020954
v -0.157500 -0.139256 -0.020954
v -0.257500 -0.139256 -0.020954
v -0.457500 -0.137813 -0.020587
v -0.357500 -0.139256 -0.020954
v 0.242500 -0.140744 -0.020954
v 0.142500 -0.140744 -0.020954
v 0.042500 -0.140744 -0.020954
v -0.057500 -0.140744 -0.020954
v -0.157500 -0.140744 -0.020954
v -0.257500 -0.140744 -0.020954
v -0.457500 -0.139256 -0.020954
v -0.357500 -0.140744 -0.020954
v 0.242500 -0.142187 -0.020587
v 0.142500 -0.142187 -0.020587
v 0.042500 -0.142187 -0.020587
v -0.057500 -0.142187 -0.020587
v -0.157500 -0.142187 -0.020587
v -0.257500 -0.142187 -0.020587
v -0.457500 -0.140744 -0.020954
v -0.357500 -0.142187 -0.020587
v 0.242500 -0.143495 -0.019877
v 0.142500 -0.143495 -0.019877
v 0.042500 -0.143495 -0.019877
v -0.057500 -0.143495 -0.019877
v -0.157500 -0.143495 -0.019877
v -0.257500 -0.143495 -0.019877
v -0.457500 -0.142187 -0.020587
v -0.357500 -0.143495 -0.019877
v -0.457500 -0.143495 -0.019877
v 0.242500 -0.143495 -0.019877
v 0.242500 -0.148500 -0.025072
v 0.142500 -0.148500 -0.025072
v 0.142500 -0.143495 -0.019877
v 0.042500 -0.148500 -0.025072
v 0.042500 -0.143495 -0.019877
v -0.057500 -0.148500 -0.025072
v -0.057500 -0.143495 -0.019877
v -0.157500 -0.148500 -0.025072
v -0.157500 -0.143495 -0.019877
v -0.257500 -0.148500 -0.025072
v -0.257500 -0.143495 -0.019877
v -0.357500 -0.148500 -0.025072
v -0.357500 -0.143495 -0.019877
v -0.457500 -0.148500 -0.025072
v -0.457500 -0.143495 -0.019877
v 0.242500 -0.148500 -0.025072
v 0.242500 -0.148500 -0.028000
v 0.142500 -0.148500 -0.028000
v 0.142500 -0.148500 -0.025072
v 0.042500 -0.148500 -0.028000
v 0.042500 -0.148500 -0.025072
v -0.057500 -0.148500 -0.028000
v -0.057500 -0.148500 -0.025072
v -0.157500 -0.148500 -0.028000
v -0.157500 -0.148500 -0.025072
v -0.257500 -0.148500 -0.028000
v -0.257500 -0.148500 -0.025072
v -0.357500 -0.148500 -0.028000
v -0.357500 -0.148500 -0.025072
v -0.457500 -0.148500 -0.028000
v -0.457500 -0.148500 -0.025072
v 0.242500 -0.148500 -0.028000
v 0.242500 -0.144100 -0.028000
v 0.142500 -0.144100 -0.028000
v 0.142500 -0.148500 -0.028000
v 0.042500 -0.144100 -0.028000
v 0.042500 -0.148500 -0.028000
v -0.057500 -0.144100 -0.028000
v -0.057500 -0.148500 -0.028000
v -0.157500 -0.144100 -0.028000
v -0.157500 -0.148500 -0.028000
v -0.257500 -0.144100 -0.028000
v -0.257500 -0.148500 -0.028000
v -0.357500 -0.144100 -0.028000
v -0.357500 -0.148500 -0.028000
v -0.457500 -0.144100 -0.028000
v -0.457500 -0.148500 -0.028000
v 0.242500 -0.144100 -0.028000
v 0.242500 -0.144100 -0.029713
v 0.142500 -0.144100 -0.029713
v 0.142500 -0.144100 -0.028000
v 0.042500 -0.144100 -0.029713
v 0.042500 -0.144100 -0.028000
v -0.057500 -0.144100 -0.029713
v -0.057500 -0.144100 -0.028000
v -0.157500 -0.144100 -0.029713
v -0.157500 -0.144100 -0.028000
v -0.257500 -0.144100 -0.029713
v -0.257500 -0.144100 -0.028000
v -0.357500 -0.144100 -0.029713
v -0.357500 -0.144100 -0.028000
v -0.457500 -0.144100 -0.029713
v -0.457500 -0.144100 -0.028000
v 0.242500 -0.144100 -0.029713
v 0.242500 -0.144700 -0.029713
v 0.142500 -0.144700 -0.029713
v 0.142500 -0.144100 -0.029713
v 0.042500 -0.144700 -0.029713
v 0.042500 -0.144100 -0.029713
v -0.057500 -0.144700 -0.029713
v -0.057500 -0.144100 -0.029713
v -0.157500 -0.144700 -0.029713
v -0.157500 -0.144100 -0.029713
v -0.257500 -0.144700 -0.029713
v -0.257500 -0.144100 -0.029713
v -0.357500 -0.144700 -0.029713
v -0.357500 -0.144100 -0.029713
v -0.457500 -0.144700 -0.029713
v -0.457500 -0.144100 -0.029713
v 0.242500 -0.144700 -0.029713
v 0.242500 -0.144700 -0.030000
v 0.142500 -0.144700 -0.030000
v 0.142500 -0.144700 -0.029713
v 0.042500 -0.144700 -0.030000
v 0.042500 -0.144700 -0.029713
v -0.057500 -0.144700 -0.030000
v -0.057500 -0.144700 -0.029713
v -0.157500 -0.144700 -0.030000
v -0.157500 -0.144700 -0.029713
v -0.257500 -0.144700 -0.030000
v -0.257500 -0.144700 -0.029713
v -0.357500 -0.144700 -0.030000
v -0.357500 -0.144700 -0.029713
v -0.457500 -0.144700 -0.030000
v -0.457500 -0.144700 -0.029713
v 0.242500 -0.144700 -0.030000
v 0.242500 -0.155000 -0.030000
v 0.142500 -0.155000 -0.030000
v 0.142500 -0.144700 -0.030000
v 0.042500 -0.155000 -0.030000
v 0.042500 -0.144700 -0.030000
v -0.057500 -0.155000 -0.030000
v -0.057500 -0.144700 -0.030000
v -0.157500 -0.155000 -0.030000
v -0.157500 -0.144700 -0.030000
v -0.257500 -0.155000 -0.030000
v -0.257500 -0.144700 -0.030000
v -0.357500 -0.155000 -0.030000
v -0.357500 -0.144700 -0.030000
v -0.457500 -0.155000 -0.030000
v -0.457500 -0.144700 -0.030000
v 0.242500 -0.155000 -0.030000
v 0.242500 -0.155000 -0.019700
v 0.142500 -0.155000 -0.019700
v 0.142500 -0.155000 -0.030000
v 0.042500 -0.155000 -0.019700
v 0.042500 -0.155000 -0.030000
v -0.057500 -0.155000 -0.019700
v -0.057500 -0.155000 -0.030000
v -0.157500 -0.155000 -0.019700
v -0.157500 -0.155000 -0.030000
v -0.257500 -0.155000 -0.019700
v -0.257500 -0.155000 -0.030000
v -0.357500 -0.155000 -0.019700
v -0.357500 -0.155000 -0.030000
v -0.457500 -0.155000 -0.019700
v -0.457500 -0.155000 -0.030000
v 0.242500 -0.155000 -0.019700
v 0.242500 -0.154645 -0.019700
v 0.142500 -0.154645 -0.019700
v 0.142500 -0.155000 -0.019700
v 0.042500 -0.154645 -0.019700
v 0.042500 -0.155000 -0.019700
v -0.057500 -0.154645 -0.019700
v -0.057500 -0.155000 -0.019700
v -0.157500 -0.154645 -0.019700
v -0.157500 -0.155000 -0.019700
v -0.257500 -0.154645 -0.019700
v -0.257500 -0.155000 -0.019700
v -0.357500 -0.154645 -0.019700
v -0.357500 -0.155000 -0.019700
v -0.457500 -0.154645 -0.019700
v -0.457500 -0.155000 -0.019700
v 0.242500 -0.154645 -0.019700
v 0.242500 -0.154645 -0.019100
v 0.142500 -0.154645 -0.019100
v 0.142500 -0.154645 -0.019700
v 0.042500 -0.154645 -0.019100
v 0.042500 -0.154645 -0.019700
v -0.057500 -0.154645 -0.019100
v -0.057500 -0.154645 -0.019700
v -0.157500 -0.154645 -0.019100
v -0.157500 -0.154645 -0.019700
v -0.257500 -0.154645 -0.019100
v -0.257500 -0.154645 -0.019700
v -0.357500 -0.154645 -0.019100
v -0.357500 -0.154645 -0.019700
v -0.457500 -0.154645 -0.019100
v -0.457500 -0.154645 -0.019700
v 0.242500 -0.154645 -0.019100
v 0.242500 -0.153000 -0.019100
v 0.142500 -0.153000 -0.019100
v 0.142500 -0.154645 -0.019100
v 0.042500 -0.153000 -0.019100
v 0.042500 -0.154645 -0.019100
v -0.057500 -0.153000 -0.019100
v -0.057500 -0.154645 -0.019100
v -0.157500 -0.153000 -0.019100
v -0.157500 -0.154645 -0.019100
v -0.257500 -0.153000 -0.019100
v -0.257500 -0.154645 -0.019100
v -0.357500 -0.153000 -0.019100
v -0.357500 -0.154645 -0.019100
v -0.457500 -0.153000 -0.019100
v -0.457500 -0.154645 -0.019100
v 0.242500 -0.153000 -0.019100
v 0.242500 -0.153000 -0.023791
v 0.142500 -0.153000 -0.023791
v 0.142500 -0.153000 -0.019100
v 0.042500 -0.153000 -0.023791
v 0.042500 -0.153000 -0.019100
v -0.057500 -0.153000 -0.023791
v -0.057500 -0.153000 -0.019100
v -0.157500 -0.153000 -0.023791
v -0.157500 -0.153000 -0.019100
v -0.257500 -0.153000 -0.023791
v -0.257500 -0.153000 -0.019100
v -0.357500 -0.153000 -0.023791
v -0.357500 -0.153000 -0.019100
v -0.457500 -0.153000 -0.023791
v -0.457500 -0.153000 -0.019100
v 0.242500 -0.153000 -0.023791
v 0.242500 -0.150240 -0.023791
v 0.142500 -0.150240 -0.023791
v 0.142500 -0.153000 -0.023791
v 0.042500 -0.150240 -0.023791
v 0.042500 -0.153000 -0.023791
v -0.057500 -0.150240 -0.023791
v -0.057500 -0.153000 -0.023791
v -0.157500 -0.150240 -0.023791
v -0.157500 -0.153000 -0.023791
v -0.257500 -0.150240 -0.023791
v -0.257500 -0.153000 -0.023791
v -0.357500 -0.150240 -0.023791
v -0.357500 -0.153000 -0.023791
v -0.457500 -0.150240 -0.023791
v -0.457500 -0.153000 -0.023791
v 0.242500 -0.150240 -0.023791
v 0.242500 -0.144986 -0.018337
v 0.142500 -0.144986 -0.018337
v 0.142500 -0.150240 -0.023791
v 0.042500 -0.144986 -0.018337
v 0.042500 -0.150240 -0.023791
v -0.057500 -0.144986 -0.018337
v -0.057500 -0.150240 -0.023791
v -0.157500 -0.144986 -0.018337
v -0.157500 -0.150240 -0.023791
v -0.257500 -0.144986 -0.018337
v -0.257500 -0.150240 -0.023791
v -0.357500 -0.144986 -0.018337
v -0.357500 -0.150240 -0.023791
v -0.457500 -0.144986 -0.018337
v -0.457500 -0.150240 -0.023791
v 0.142500 -0.144986 -0.018337
v 0.242500 -0.144986 -0.018337
v 0.242500 -0.145628 -0.017079
v 0.042500 -0.144986 -0.018337
v 0.142500 -0.145628 -0.017079
v -0.057500 -0.144986 -0.018337
v 0.042500 -0.145628 -0.017079
v -0.157500 -0.144986 -0.018337
v -0.057500 -0.145628 -0.017079
v -0.257500 -0.144986 -0.018337
v -0.157500 -0.145628 -0.017079
v -0.357500 -0.144986 -0.018337
v -0.257500 -0.145628 -0.017079
v -0.457500 -0.144986 -0.018337
v -0.357500 -0.145628 -0.017079
v 0.242500 -0.145958 -0.015706
v 0.142500 -0.145958 -0.015706
v 0.042500 -0.145958 -0.015706
v -0.057500 -0.145958 -0.015706
v -0.157500 -0.145958 -0.015706
v -0.257500 -0.145958 -0.015706
v -0.457500 -0.145628 -0.017079
v -0.357500 -0.145958 -0.015706
v 0.242500 -0.145958 -0.014294
v 0.142500 -0.145958 -0.014294
v 0.042500 -0.145958 -0.014294
v -0.057500 -0.145958 -0.014294
v -0.157500 -0.145958 -0.014294
v -0.257500 -0.145958 -0.014294
v -0.457500 -0.145958 -0.015706
v -0.357500 -0.145958 -0.014294
v 0.242500 -0.145628 -0.012921
v 0.142500 -0.145628 -0.012921
v 0.042500 -0.145628 -0.012921
v -0.057500 -0.145628 -0.012921
v -0.157500 -0.145628 -0.012921
v -0.257500 -0.145628 -0.012921
v -0.457500 -0.145958 -0.014294
v -0.357500 -0.145628 -0.012921
v 0.242500 -0.144986 -0.011663
v 0.142500 -0.144986 -0.011663
v 0.042500 -0.144986 -0.011663
v -0.057500 -0.144986 -0.011663
v -0.157500 -0.144986 -0.011663
v -0.257500 -0.144986 -0.011663
v -0.457500 -0.145628 -0.012921
v -0.357500 -0.144986 -0.011663
v -0.457500 -0.144986 -0.011663
v 0.242500 -0.144986 -0.011663
v 0.242500 -0.150240 -0.006209
v 0.142500 -0.150240 -0.006209
v 0.142500 -0.144986 -0.011663
v 0.042500 -0.150240 -0.006209
v 0.042500 -0.144986 -0.011663
v -0.057500 -0.150240 -0.006209
v -0.057500 -0.144986 -0.011663
v -0.157500 -0.150240 -0.006209
v -0.157500 -0.144986 -0.011663
v -0.257500 -0.150240 -0.006209
v -0.257500 -0.144986 -0.011663
v -0.357500 -0.150240 -0.006209
v -0.357500 -0.144986 -0.011663
v -0.457500 -0.150240 -0.006209
v -0.457500 -0.144986 -0.011663
v 0.242500 -0.150240 -0.006209
v 0.242500 -0.153000 -0.006209
v 0.142500 -0.153000 -0.006209
v 0.142500 -0.150240 -0.006209
v 0.042500 -0.153000 -0.006209
v 0.042500 -0.150240 -0.006209
v -0.057500 -0.153000 -0.006209
v -0.057500 -0.150240 -0.006209
v -0.157500 -0.153000 -0.006209
v -0.157500 -0.150240 -0.006209
v -0.257500 -0.153000 -0.006209
v -0.257500 -0.150240 -0.006209
v -0.357500 -0.153000 -0.006209
v -0.357500 -0.150240 -0.006209
v -0.457500 -0.153000 -0.006209
v -0.457500 -0.150240 -0.006209
v 0.242500 -0.153000 -0.006209
v 0.242500 -0.153000 -0.010900
v 0.142500 -0.153000 -0.010900
v 0.142500 -0.153000 -0.006209
v 0.042500 -0.153000 -0.010900
v 0.042500 -0.153000 -0.006209
v -0.057500 -0.153000 -0.010900
v -0.057500 -0.153000 -0.006209
v -0.157500 -0.153000 -0.010900
v -0.157500 -0.153000 -0.006209
v -0.257500 -0.153000 -0.010900
v -0.257500 -0.153000 -0.006209
v -0.357500 -0.153000 -0.010900
v -0.357500 -0.153000 -0.006209
v -0.457500 -0.153000 -0.010900
v -0.457500 -0.153000 -0.006209
v 0.242500 -0.153000 -0.010900
v 0.242500 -0.154645 -0.010900
v 0.142500 -0.154645 -0.010900
v 0.142500 -0.153000 -0.010900
v 0.042500 -0.154645 -0.010900
v 0.042500 -0.153000 -0.010900
v -0.057500 -0.154645 -0.010900
v -0.057500 -0.153000 -0.010900
v -0.157500 -0.154645 -0.010900
v -0.157500 -0.153000 -0.010900
v -0.257500 -0.154645 -0.010900
v -0.257500 -0.153000 -0.010900
v -0.357500 -0.154645 -0.010900
v -0.357500 -0.153000 -0.010900
v -0.457500 -0.154645 -0.010900
v -0.457500 -0.153000 -0.010900
v 0.242500 -0.154645 -0.010900
v 0.242500 -0.154645 -0.010300
v 0.142500 -0.154645 -0.010300
v 0.142500 -0.154645 -0.010900
v 0.042500 -0.154645 -0.010300
v 0.042500 -0.154645 -0.010900
v -0.057500 -0.154645 -0.010300
v -0.057500 -0.154645 -0.010900
v -0.157500 -0.154645 -0.010300
v -0.157500 -0.154645 -0.010900
v -0.257500 -0.154645 -0.010300
v -0.257500 -0.154645 -0.010900
v -0.357500 -0.154645 -0.010300
v -0.357500 -0.154645 -0.010900
v -0.457500 -0.154645 -0.010300
v -0.457500 -0.154645 -0.010900
v 0.242500 -0.154645 -0.010300
v 0.242500 -0.155000 -0.010300
v 0.142500 -0.155000 -0.010300
v 0.142500 -0.154645 -0.010300
v 0.042500 -0.155000 -0.010300
v 0.042500 -0.154645 -0.010300
v -0.057500 -0.155000 -0.010300
v -0.057500 -0.154645 -0.010300
v -0.157500 -0.155000 -0.010300
v -0.157500 -0.154645 -0.010300
v -0.257500 -0.155000 -0.010300
v -0.257500 -0.154645 -0.010300
v -0.357500 -0.155000 -0.010300
v -0.357500 -0.154645 -0.010300
v -0.457500 -0.155000 -0.010300
v -0.457500 -0.154645 -0.010300
v 0.242500 -0.155000 -0.010300
v 0.242500 -0.155000 0.000000
v 0.142500 -0.155000 0.000000
v 0.142500 -0.155000 -0.010300
v 0.042500 -0.155000 0.000000
v 0.042500 -0.155000 -0.010300
v -0.057500 -0.155000 0.000000
v -0.057500 -0.155000 -0.010300
v -0.157500 -0.155000 0.000000
v -0.157500 -0.155000 -0.010300
v -0.257500 -0.155000 0.000000
v -0.257500 -0.155000 -0.010300
v -0.357500 -0.155000 0.000000
v -0.357500 -0.155000 -0.010300
v -0.457500 -0.155000 0.000000
v -0.457500 -0.155000 -0.010300
v 0.242500 -0.155000 0.000000
v 0.242500 -0.144700 0.000000
v 0.142500 -0.144700 0.000000
v 0.142500 -0.155000 0.000000
v 0.042500 -0.144700 0.000000
v 0.042500 -0.155000 0.000000
v -0.057500 -0.144700 0.000000
v -0.057500 -0.155000 0.000000
v -0.157500 -0.144700 0.000000
v -0.157500 -0.155000 0.000000
v -0.257500 -0.144700 0.000000
v -0.257500 -0.155000 0.000000
v -0.357500 -0.144700 0.000000
v -0.357500 -0.155000 0.000000
v -0.457500 -0.144700 0.000000
v -0.457500 -0.155000 0.000000
v 0.242500 -0.144700 0.000000
v 0.242500 -0.144700 -0.000287
v 0.142500 -0.144700 -0.000287
v 0.142500 -0.144700 0.000000
v 0.042500 -0.144700 -0.000287
v 0.042500 -0.144700 0.000000
v -0.057500 -0.144700 -0.000287
v -0.057500 -0.144700 0.000000
v -0.157500 -0.144700 -0.000287
v -0.157500 -0.144700 0.000000
v -0.257500 -0.144700 -0.000287
v -0.257500 -0.144700 0.000000
v -0.357500 -0.144700 -0.000287
v -0.357500 -0.144700 0.000000
v -0.457500 -0.144700 -0.000287
v -0.457500 -0.144700 0.000000
v -0.457500 -0.142187 -0.020587
v -0.457500 -0.143495 -0.019877
v -0.457500 -0.141700 -0.017944
v -0.457500 -0.142404 -0.017404
v -0.457500 -0.142944 -0.016700
v -0.457500 -0.139256 -0.009046
v -0.457500 -0.137813 -0.009413
v -0.457500 -0.139120 -0.011716
v -0.457500 -0.143284 -0.015880
v -0.457500 -0.140000 -0.011600
v -0.457500 -0.140744 -0.009046
v -0.457500 -0.136505 -0.010123
v -0.457500 -0.138300 -0.012056
v -0.457500 -0.137056 -0.013300
v -0.457500 -0.137596 -0.012596
v -0.457500 -0.136505 -0.019877
v -0.457500 -0.136716 -0.015880
v -0.457500 -0.136600 -0.015000
v -0.457500 -0.143400 -0.015000
v -0.457500 -0.143495 -0.010123
v -0.457500 -0.143284 -0.014120
v -0.457500 -0.136716 -0.014120
v -0.457500 -0.139256 -0.020954
v -0.457500 -0.140000 -0.018400
v -0.457500 -0.139120 -0.018284
v -0.457500 -0.142404 -0.012596
v -0.457500 -0.142944 -0.013300
v -0.457500 -0.142187 -0.009413
v -0.457500 -0.140880 -0.011716
v -0.457500 -0.141700 -0.012056
v -0.457500 -0.137056 -0.016700
v -0.457500 -0.138300 -0.017944
v -0.457500 -0.137596 -0.017404
v -0.457500 -0.137813 -0.020587
v -0.457500 -0.140744 -0.020954
v -0.457500 -0.140880 -0.018284
v -0.457500 -0.144986 -0.011663
v -0.457500 -0.150240 -0.006209
v -0.457500 -0.148500 -0.004928
v -0.457500 -0.145958 -0.014294
v -0.457500 -0.145628 -0.012921
v -0.457500 -0.144986 -0.018337
v -0.457500 -0.148500 -0.025072
v -0.457500 -0.155000 0.000000
v -0.457500 -0.148500 -0.002000
v -0.457500 -0.135014 -0.018337
v -0.457500 -0.129760 -0.023791
v -0.457500 -0.131500 -0.025072
v -0.457500 -0.145958 -0.015706
v -0.457500 -0.145628 -0.017079
v -0.457500 -0.150240 -0.023791
v -0.457500 -0.155000 -0.030000
v -0.457500 -0.153000 -0.023791
v -0.457500 -0.144700 0.000000
v -0.457500 -0.144700 -0.000287
v -0.457500 -0.134372 -0.012921
v -0.457500 -0.134042 -0.014294
v -0.457500 -0.134042 -0.015706
v -0.457500 -0.135014 -0.011663
v -0.457500 -0.131500 -0.004928
v -0.457500 -0.148500 -0.028000
v -0.457500 -0.125000 -0.030000
v -0.457500 -0.131500 -0.028000
v -0.457500 -0.134372 -0.017079
v -0.457500 -0.129760 -0.006209
v -0.457500 -0.125000 0.000000
v -0.457500 -0.127000 -0.006209
v -0.457500 -0.153000 -0.006209
v -0.457500 -0.135300 -0.030000
v -0.457500 -0.135300 -0.029713
v -0.457500 -0.131500 -0.002000
v -0.457500 -0.155000 -0.010300
v -0.457500 -0.153000 -0.010900
v -0.457500 -0.154645 -0.010900
v -0.457500 -0.154645 -0.010300
v -0.457500 -0.127000 -0.023791
v -0.457500 -0.155000 -0.019700
v -0.457500 -0.154645 -0.019700
v -0.457500 -0.144700 -0.030000
v -0.457500 -0.144100 -0.028000
v -0.457500 -0.144100 -0.029713
v -0.457500 -0.144700 -0.029713
v -0.457500 -0.153000 -0.019100
v -0.457500 -0.125000 -0.019700
v -0.457500 -0.127000 -0.019100
v -0.457500 -0.125355 -0.019100
v -0.457500 -0.125355 -0.019700
v -0.457500 -0.135900 -0.028000
v -0.457500 -0.154645 -0.019100
v -0.457500 -0.125000 -0.010300
v -0.457500 -0.125355 -0.010300
v -0.457500 -0.135900 -0.029713
v -0.457500 -0.135300 0.000000
v -0.457500 -0.135900 -0.002000
v -0.457500 -0.135900 -0.000287
v -0.457500 -0.135300 -0.000287
v -0.457500 -0.127000 -0.010900
v -0.457500 -0.144100 -0.002000
v -0.457500 -0.125355 -0.010900
v -0.457500 -0.144100 -0.000287
v 0.242500 -0.142187 -0.009413
v 0.242500 -0.143495 -0.010123
v 0.242500 -0.141700 -0.012056
v 0.242500 -0.136505 -0.010123
v 0.242500 -0.136716 -0.014120
v 0.242500 -0.136600 -0.015000
v 0.242500 -0.139256 -0.009046
v 0.242500 -0.140000 -0.011600
v 0.242500 -0.139120 -0.011716
v 0.242500 -0.142404 -0.012596
v 0.242500 -0.143284 -0.014120
v 0.242500 -0.142944 -0.013300
v 0.242500 -0.136505 -0.019877
v 0.242500 -0.138300 -0.012056
v 0.242500 -0.137596 -0.012596
v 0.242500 -0.137813 -0.009413
v 0.242500 -0.143495 -0.019877
v 0.242500 -0.143400 -0.015000
v 0.242500 -0.141700 -0.017944
v 0.242500 -0.142404 -0.017404
v 0.242500 -0.142187 -0.020587
v 0.242500 -0.140880 -0.018284
v 0.242500 -0.139256 -0.020954
v 0.242500 -0.137813 -0.020587
v 0.242500 -0.139120 -0.018284
v 0.242500 -0.138300 -0.017944
v 0.242500 -0.137056 -0.016700
v 0.242500 -0.137596 -0.017404
v 0.242500 -0.136716 -0.015880
v 0.242500 -0.137056 -0.013300
v 0.242500 -0.140744 -0.009046
v 0.242500 -0.140880 -0.011716
v 0.242500 -0.144986 -0.018337
v 0.242500 -0.150240 -0.023791
v 0.242500 -0.148500 -0.025072
v 0.242500 -0.140000 -0.018400
v 0.242500 -0.140744 -0.020954
v 0.242500 -0.143284 -0.015880
v 0.242500 -0.142944 -0.016700
v 0.242500 -0.144986 -0.011663
v 0.242500 -0.148500 -0.004928
v 0.242500 -0.135014 -0.018337
v 0.242500 -0.131500 -0.025072
v 0.242500 -0.155000 -0.030000
v 0.242500 -0.148500 -0.028000
v 0.242500 -0.145958 -0.015706
v 0.242500 -0.145628 -0.017079
v 0.242500 -0.150240 -0.006209
v 0.242500 -0.155000 0.000000
v 0.242500 -0.153000 -0.006209
v 0.242500 -0.129760 -0.023791
v 0.242500 -0.144700 -0.030000
v 0.242500 -0.144700 -0.029713
v 0.242500 -0.135014 -0.011663
v 0.242500 -0.129760 -0.006209
v 0.242500 -0.131500 -0.004928
v 0.242500 -0.145958 -0.014294
v 0.242500 -0.145628 -0.012921
v 0.242500 -0.144700 0.000000
v 0.242500 -0.148500 -0.002000
v 0.242500 -0.125000 -0.030000
v 0.242500 -0.127000 -0.023791
v 0.242500 -0.125000 0.000000
v 0.242500 -0.131500 -0.002000
v 0.242500 -0.134372 -0.012921
v 0.242500 -0.134372 -0.017079
v 0.242500 -0.134042 -0.015706
v 0.242500 -0.131500 -0.028000
v 0.242500 -0.153000 -0.023791
v 0.242500 -0.135300 0.000000
v 0.242500 -0.135300 -0.000287
v 0.242500 -0.144700 -0.000287
v 0.242500 -0.134042 -0.014294
v 0.242500 -0.125000 -0.010300
v 0.242500 -0.127000 -0.006209
v 0.242500 -0.127000 -0.010900
v 0.242500 -0.125355 -0.010900
v 0.242500 -0.125355 -0.010300
v 0.242500 -0.135900 -0.002000
v 0.242500 -0.125000 -0.019700
v 0.242500 -0.125355 -0.019700
v 0.242500 -0.135900 -0.000287
v 0.242500 -0.135300 -0.030000
v 0.242500 -0.135900 -0.028000
v 0.242500 -0.135900 -0.029713
v 0.242500 -0.135300 -0.029713
v 0.242500 -0.127000 -0.019100
v 0.242500 -0.155000 -0.019700
v 0.242500 -0.153000 -0.019100
v 0.242500 -0.154645 -0.019100
v 0.242500 -0.154645 -0.019700
v 0.242500 -0.144100 -0.028000
v 0.242500 -0.125355 -0.019100
v 0.242500 -0.154645 -0.010300
v 0.242500 -0.153000 -0.010900
v 0.242500 -0.144100 -0.029713
v 0.242500 -0.154645 -0.010900
v 0.242500 -0.155000 -0.010300
v 0.242500 -0.144100 -0.002000
v 0.242500 -0.144100 -0.000287
v -0.172550 0.041667 -0.013056
v -0.174250 0.041667 -0.012600
v -0.174250 0.125000 -0.012600
v -0.172550 -0.041667 -0.013056
v -0.174250 -0.041667 -0.012600
v -0.172550 -0.125000 -0.013056
v -0.174250 -0.125000 -0.012600
v -0.171306 0.041667 -0.014300
v -0.172550 0.125000 -0.013056
v -0.171306 -0.041667 -0.014300
v -0.171306 -0.125000 -0.014300
v -0.170850 0.041667 -0.016000
v -0.171306 0.125000 -0.014300
v -0.170850 -0.041667 -0.016000
v -0.170850 -0.125000 -0.016000
v -0.171306 0.041667 -0.017700
v -0.170850 0.125000 -0.016000
v -0.171306 -0.041667 -0.017700
v -0.171306 -0.125000 -0.017700
v -0.172550 0.041667 -0.018944
v -0.171306 0.125000 -0.017700
v -0.172550 -0.041667 -0.018944
v -0.172550 -0.125000 -0.018944
v -0.174250 0.041667 -0.019400
v -0.172550 0.125000 -0.018945
v -0.174250 -0.041667 -0.019400
v -0.174250 -0.125000 -0.019400
v -0.175950 0.041667 -0.018944
v -0.174250 0.125000 -0.019400
v -0.175950 -0.041667 -0.018944
v -0.175950 -0.125000 -0.018944
v -0.177195 0.041667 -0.017700
v -0.175950 0.125000 -0.018945
v -0.177195 -0.041667 -0.017700
v -0.177195 -0.125000 -0.017700
v -0.177650 0.041667 -0.016000
v -0.177195 0.125000 -0.017700
v -0.177650 -0.041667 -0.016000
v -0.177650 -0.125000 -0.016000
v -0.177195 0.041667 -0.014300
v -0.177650 0.125000 -0.016000
v -0.177195 -0.041667 -0.014300
v -0.177195 -0.125000 -0.014300
v -0.175950 0.041667 -0.013056
v -0.177195 0.125000 -0.014300
v -0.175950 -0.041667 -0.013056
v -0.175950 -0.125000 -0.013056
v -0.175950 0.125000 -0.013056
v -0.169550 0.125000 -0.001287
v -0.170150 0.125000 -0.001287
v -0.170150 0.041667 -0.001287
v -0.169550 0.041667 -0.001287
v -0.170150 -0.041667 -0.001287
v -0.169550 -0.041667 -0.001287
v -0.170150 -0.125000 -0.001287
v -0.169550 -0.125000 -0.001287
v -0.170150 0.125000 -0.001287
v -0.170150 0.125000 -0.003000
v -0.170150 0.041667 -0.003000
v -0.170150 0.041667 -0.001287
v -0.170150 -0.041667 -0.003000
v -0.170150 -0.041667 -0.001287
v -0.170150 -0.125000 -0.003000
v -0.170150 -0.125000 -0.001287
v -0.170150 0.125000 -0.003000
v -0.165750 0.125000 -0.003000
v -0.165750 0.041667 -0.003000
v -0.170150 0.041667 -0.003000
v -0.165750 -0.041667 -0.003000
v -0.170150 -0.041667 -0.003000
v -0.165750 -0.125000 -0.003000
v -0.170150 -0.125000 -0.003000
v -0.165750 0.125000 -0.003000
v -0.165750 0.125000 -0.005928
v -0.165750 0.041667 -0.005928
v -0.165750 0.041667 -0.003000
v -0.165750 -0.041667 -0.005928
v -0.165750 -0.041667 -0.003000
v -0.165750 -0.125000 -0.005928
v -0.165750 -0.125000 -0.003000
v -0.165750 0.125000 -0.005928
v -0.170755 0.125000 -0.011123
v -0.170755 0.041667 -0.011123
v -0.165750 0.041667 -0.005928
v -0.170755 -0.041667 -0.011123
v -0.165750 -0.041667 -0.005928
v -0.170755 -0.125000 -0.011123
v -0.165750 -0.125000 -0.005928
v -0.170755 0.041667 -0.011123
v -0.170755 0.125000 -0.011123
v -0.173015 0.125000 -0.010128
v -0.170755 -0.041667 -0.011123
v -0.173015 0.041667 -0.010128
v -0.170755 -0.125000 -0.011123
v -0.173015 -0.041667 -0.010128
v -0.175485 0.125000 -0.010128
v -0.175485 0.041667 -0.010128
v -0.173015 -0.125000 -0.010128
v -0.175485 -0.041667 -0.010128
v -0.177745 0.125000 -0.011123
v -0.177745 0.041667 -0.011123
v -0.175485 -0.125000 -0.010128
v -0.177745 -0.041667 -0.011123
v -0.177745 -0.125000 -0.011123
v -0.177745 0.125000 -0.011123
v -0.182750 0.125000 -0.005928
v -0.182750 0.041667 -0.005928
v -0.177745 0.041667 -0.011123
v -0.182750 -0.041667 -0.005928
v -0.177745 -0.041667 -0.011123
v -0.182750 -0.125000 -0.005928
v -0.177745 -0.125000 -0.011123
v -0.182750 0.125000 -0.005928
v -0.182750 0.125000 -0.003000
v -0.182750 0.041667 -0.003000
v -0.182750 0.041667 -0.005928
v -0.182750 -0.041667 -0.003000
v -0.182750 -0.041667 -0.005928
v -0.182750 -0.125000 -0.003000
v -0.182750 -0.125000 -0.005928
v -0.182750 0.125000 -0.003000
v -0.178350 0.125000 -0.003000
v -0.178350 0.041667 -0.003000
v -0.182750 0.041667 -0.003000
v -0.178350 -0.041667 -0.003000
v -0.182750 -0.041667 -0.003000
v -0.178350 -0.125000 -0.003000
v -0.182750 -0.125000 -0.003000
v -0.178350 0.125000 -0.003000
v -0.178350 0.125000 -0.001287
v -0.178350 0.041667 -0.001287
v -0.178350 0.041667 -0.003000
v -0.178350 -0.041667 -0.001287
v -0.178350 -0.041667 -0.003000
v -0.178350 -0.125000 -0.001287
v -0.178350 -0.125000 -0.003000
v -0.178350 0.125000 -0.001287
v -0.178950 0.125000 -0.001287
v -0.178950 0.041667 -0.001287
v -0.178350 0.041667 -0.001287
v -0.178950 -0.041667 -0.001287
v -0.178350 -0.041667 -0.001287
v -0.178950 -0.125000 -0.001287
v -0.178350 -0.125000 -0.001287
v -0.178950 0.125000 -0.001287
v -0.178950 0.125000 -0.001000
v -0.178950 0.041667 -0.001000
v -0.178950 0.041667 -0.001287
v -0.178950 -0.041667 -0.001000
v -0.178950 -0.041667 -0.001287
v -0.178950 -0.125000 -0.001000
v -0.178950 -0.125000 -0.001287
v -0.178950 0.125000 -0.001000
v -0.189250 0.125000 -0.001000
v -0.189250 0.041667 -0.001000
v -0.178950 0.041667 -0.001000
v -0.189250 -0.041667 -0.001000
v -0.178950 -0.041667 -0.001000
v -0.189250 -0.125000 -0.001000
v -0.178950 -0.125000 -0.001000
v -0.189250 0.125000 -0.001000
v -0.189250 0.125000 -0.011300
v -0.189250 0.041667 -0.011300
v -0.189250 0.041667 -0.001000
v -0.189250 -0.041667 -0.011300
v -0.189250 -0.041667 -0.001000
v -0.189250 -0.125000 -0.011300
v -0.189250 -0.125000 -0.001000
v -0.189250 0.125000 -0.011300
v -0.188895 0.125000 -0.011300
v -0.188895 0.041667 -0.011300
v -0.189250 0.041667 -0.011300
v -0.188895 -0.041667 -0.011300
v -0.189250 -0.041667 -0.011300
v -0.188895 -0.125000 -0.011300
v -0.189250 -0.125000 -0.011300
v -0.188895 0.125000 -0.011300
v -0.188895 0.125000 -0.011900
v -0.188895 0.041667 -0.011900
v -0.188895 0.041667 -0.011300
v -0.188895 -0.041667 -0.011900
v -0.188895 -0.041667 -0.011300
v -0.188895 -0.125000 -0.011900
v -0.188895 -0.125000 -0.011300
v -0.188895 0.125000 -0.011900
v -0.187250 0.125000 -0.011900
v -0.187250 0.041667 -0.011900
v -0.188895 0.041667 -0.011900
v -0.187250 -0.041667 -0.011900
v -0.188895 -0.041667 -0.011900
v -0.187250 -0.125000 -0.011900
v -0.188895 -0.125000 -0.011900
v -0.187250 0.125000 -0.011900
v -0.187250 0.125000 -0.007209
v -0.187250 0.041667 -0.007209
v -0.187250 0.041667 -0.011900
v -0.187250 -0.041667 -0.007209
v -0.187250 -0.041667 -0.011900
v -0.187250 -0.125000 -0.007209
v -0.187250 -0.125000 -0.011900
v -0.187250 0.125000 -0.007209
v -0.184490 0.125000 -0.007209
v -0.184490 0.041667 -0.007209
v -0.187250 0.041667 -0.007209
v -0.184490 -0.041667 -0.007209
v -0.187250 -0.041667 -0.007209
v -0.184490 -0.125000 -0.007209
v -0.187250 -0.125000 -0.007209
v -0.184490 0.125000 -0.007209
v -0.179236 0.125000 -0.012663
v -0.179236 0.041667 -0.012663
v -0.184490 0.041667 -0.007209
v -0.179236 -0.041667 -0.012663
v -0.184490 -0.041667 -0.007209
v -0.179236 -0.125000 -0.012663
v -0.184490 -0.125000 -0.007209
v -0.179236 0.041667 -0.012663
v -0.179236 0.125000 -0.012663
v -0.180134 0.125000 -0.014828
v -0.179236 -0.041667 -0.012663
v -0.180134 0.041667 -0.014828
v -0.179236 -0.125000 -0.012663
v -0.180134 -0.041667 -0.014828
v -0.180134 0.125000 -0.017172
v -0.180134 0.041667 -0.017172
v -0.180134 -0.125000 -0.014828
v -0.180134 -0.041667 -0.017172
v -0.179236 0.125000 -0.019337
v -0.179236 0.041667 -0.019337
v -0.180134 -0.125000 -0.017172
v -0.179236 -0.041667 -0.019337
v -0.179236 -0.125000 -0.019337
v -0.179236 0.125000 -0.019337
v -0.184490 0.125000 -0.024791
v -0.184490 0.041667 -0.024791
v -0.179236 0.041667 -0.019337
v -0.184490 -0.041667 -0.024791
v -0.179236 -0.041667 -0.019337
v -0.184490 -0.125000 -0.024791
v -0.179236 -0.125000 -0.019337
v -0.184490 0.125000 -0.024791
v -0.187250 0.125000 -0.024791
v -0.187250 0.041667 -0.024791
v -0.184490 0.041667 -0.024791
v -0.187250 -0.041667 -0.024791
v -0.184490 -0.041667 -0.024791
v -0.187250 -0.125000 -0.024791
v -0.184490 -0.125000 -0.024791
v -0.187250 0.125000 -0.024791
v -0.187250 0.125000 -0.020100
v -0.187250 0.041667 -0.020100
v -0.187250 0.041667 -0.024791
v -0.187250 -0.041667 -0.020100
v -0.187250 -0.041667 -0.024791
v -0.187250 -0.125000 -0.020100
v -0.187250 -0.125000 -0.024791
v -0.187250 0.125000 -0.020100
v -0.188895 0.125000 -0.020100
v -0.188895 0.041667 -0.020100
v -0.187250 0.041667 -0.020100
v -0.188895 -0.041667 -0.020100
v -0.187250 -0.041667 -0.020100
v -0.188895 -0.125000 -0.020100
v -0.187250 -0.125000 -0.020100
v -0.188895 0.125000 -0.020100
v -0.188895 0.125000 -0.020700
v -0.188895 0.041667 -0.020700
v -0.188895 0.041667 -0.020100
v -0.188895 -0.041667 -0.020700
v -0.188895 -0.041667 -0.020100
v -0.188895 -0.125000 -0.020700
v -0.188895 -0.125000 -0.020100
v -0.188895 0.125000 -0.020700
v -0.189250 0.125000 -0.020700
v -0.189250 0.041667 -0.020700
v -0.188895 0.041667 -0.020700
v -0.189250 -0.041667 -0.020700
v -0.188895 -0.041667 -0.020700
v -0.189250 -0.125000 -0.020700
v -0.188895 -0.125000 -0.020700
v -0.189250 0.125000 -0.020700
v -0.189250 0.125000 -0.031000
v -0.189250 0.041667 -0.031000
v -0.189250 0.041667 -0.020700
v -0.189250 -0.041667 -0.031000
v -0.189250 -0.041667 -0.020700
v -0.189250 -0.125000 -0.031000
v -0.189250 -0.125000 -0.020700
v -0.189250 0.125000 -0.031000
v -0.178950 0.125000 -0.031000
v -0.178950 0.041667 -0.031000
v -0.189250 0.041667 -0.031000
v -0.178950 -0.041667 -0.031000
v -0.189250 -0.041667 -0.031000
v -0.178950 -0.125000 -0.031000
v -0.189250 -0.125000 -0.031000
v -0.178950 0.125000 -0.031000
v -0.178950 0.125000 -0.030713
v -0.178950 0.041667 -0.030713
v -0.178950 0.041667 -0.031000
v -0.178950 -0.041667 -0.030713
v -0.178950 -0.041667 -0.031000
v -0.178950 -0.125000 -0.030713
v -0.178950 -0.125000 -0.031000
v -0.178950 0.125000 -0.030713
v -0.178350 0.125000 -0.030713
v -0.178350 0.041667 -0.030713
v -0.178950 0.041667 -0.030713
v -0.178350 -0.041667 -0.030713
v -0.178950 -0.041667 -0.030713
v -0.178350 -0.125000 -0.030713
v -0.178950 -0.125000 -0.030713
v -0.178350 0.125000 -0.030713
v -0.178350 0.125000 -0.029000
v -0.178350 0.041667 -0.029000
v -0.178350 0.041667 -0.030713
v -0.178350 -0.041667 -0.029000
v -0.178350 -0.041667 -0.030713
v -0.178350 -0.125000 -0.029000
v -0.178350 -0.125000 -0.030713
v -0.178350 0.125000 -0.029000
v -0.182750 0.125000 -0.029000
v -0.182750 0.041667 -0.029000
v -0.178350 0.041667 -0.029000
v -0.182750 -0.041667 -0.029000
v -0.178350 -0.041667 -0.029000
v -0.182750 -0.125000 -0.029000
v -0.178350 -0.125000 -0.029000
v -0.182750 0.125000 -0.029000
v -0.182750 0.125000 -0.026072
v -0.182750 0.041667 -0.026072
v -0.182750 0.041667 -0.029000
v -0.182750 -0.041667 -0.026072
v -0.182750 -0.041667 -0.029000
v -0.182750 -0.125000 -0.026072
v -0.182750 -0.125000 -0.029000
v -0.182750 0.125000 -0.026072
v -0.177745 0.125000 -0.020877
v -0.177745 0.041667 -0.020877
v -0.182750 0.041667 -0.026072
v -0.177745 -0.041667 -0.020877
v -0.182750 -0.041667 -0.026072
v -0.177745 -0.125000 -0.020877
v -0.182750 -0.125000 -0.026072
v -0.177745 0.041667 -0.020877
v -0.177745 0.125000 -0.020877
v -0.175485 0.125000 -0.021872
v -0.177745 -0.041667 -0.020877
v -0.175485 0.041667 -0.021872
v -0.177745 -0.125000 -0.020877
v -0.175485 -0.041667 -0.021872
v -0.173015 0.125000 -0.021872
v -0.173015 0.041667 -0.021872
v -0.175485 -0.125000 -0.021872
v -0.173015 -0.041667 -0.021872
v -0.170755 0.125000 -0.020877
v -0.170755 0.041667 -0.020877
v -0.173015 -0.125000 -0.021872
v -0.170755 -0.041667 -0.020877
v -0.170755 -0.125000 -0.020877
v -0.170755 0.125000 -0.020877
v -0.165750 0.125000 -0.026072
v -0.165750 0.041667 -0.026072
v -0.170755 0.041667 -0.020877
v -0.165750 -0.041667 -0.026072
v -0.170755 -0.041667 -0.020877
v -0.165750 -0.125000 -0.026072
v -0.170755 -0.125000 -0.020877
v -0.165750 0.125000 -0.026072
v -0.165750 0.125000 -0.029000
v -0.165750 0.041667 -0.029000
v -0.165750 0.041667 -0.026072
v -0.165750 -0.041667 -0.029000
v -0.165750 -0.041667 -0.026072
v -0.165750 -0.125000 -0.029000
v -0.165750 -0.125000 -0.026072
v -0.165750 0.125000 -0.029000
v -0.170150 0.125000 -0.029000
v -0.170150 0.041667 -0.029000
v -0.165750 0.041667 -0.029000
v -0.170150 -0.041667 -0.029000
v -0.165750 -0.041667 -0.029000
v -0.170150 -0.125000 -0.029000
v -0.165750 -0.125000 -0.029000
v -0.170150 0.125000 -0.029000
v -0.170150 0.125000 -0.030713
v -0.170150 0.041667 -0.030713
v -0.170150 0.041667 -0.029000
v -0.170150 -0.041667 -0.030713
v -0.170150 -0.041667 -0.029000
v -0.170150 -0.125000 -0.030713
v -0.170150 -0.125000 -0.029000
v -0.170150 0.125000 -0.030713
v -0.169550 0.125000 -0.030713
v -0.169550 0.041667 -0.030713
v -0.170150 0.041667 -0.030713
v -0.169550 -0.041667 -0.030713
v -0.170150 -0.041667 -0.030713
v -0.169550 -0.125000 -0.030713
v -0.170150 -0.125000 -0.030713
v -0.169550 0.125000 -0.030713
v -0.169550 0.125000 -0.031000
v -0.169550 0.041667 -0.031000
v -0.169550 0.041667 -0.030713
v -0.169550 -0.041667 -0.031000
v -0.169550 -0.041667 -0.030713
v -0.169550 -0.125000 -0.031000
v -0.169550 -0.125000 -0.030713
v -0.169550 0.125000 -0.031000
v -0.159250 0.125000 -0.031000
v -0.159250 0.041667 -0.031000
v -0.169550 0.041667 -0.031000
v -0.159250 -0.041667 -0.031000
v -0.169550 -0.041667 -0.031000
v -0.159250 -0.125000 -0.031000
v -0.169550 -0.125000 -0.031000
v -0.159250 0.125000 -0.031000
v -0.159250 0.125000 -0.020700
v -0.159250 0.041667 -0.020700
v -0.159250 0.041667 -0.031000
v -0.159250 -0.041667 -0.020700
v -0.159250 -0.041667 -0.031000
v -0.159250 -0.125000 -0.020700
v -0.159250 -0.125000 -0.031000
v -0.159250 0.125000 -0.020700
v -0.159605 0.125000 -0.020700
v -0.159605 0.041667 -0.020700
v -0.159250 0.041667 -0.020700
v -0.159605 -0.041667 -0.020700
v -0.159250 -0.041667 -0.020700
v -0.159605 -0.125000 -0.020700
v -0.159250 -0.125000 -0.020700
v -0.159605 0.125000 -0.020700
v -0.159605 0.125000 -0.020100
v -0.159605 0.041667 -0.020100
v -0.159605 0.041667 -0.020700
v -0.159605 -0.041667 -0.020100
v -0.159605 -0.041667 -0.020700
v -0.159605 -0.125000 -0.020100
v -0.159605 -0.125000 -0.020700
v -0.159605 0.125000 -0.020100
v -0.161250 0.125000 -0.020100
v -0.161250 0.041667 -0.020100
v -0.159605 0.041667 -0.020100
v -0.161250 -0.041667 -0.020100
v -0.159605 -0.041667 -0.020100
v -0.161250 -0.125000 -0.020100
v -0.159605 -0.125000 -0.020100
v -0.161250 0.125000 -0.020100
v -0.161250 0.125000 -0.024791
v -0.161250 0.041667 -0.024791
v -0.161250 0.041667 -0.020100
v -0.161250 -0.041667 -0.024791
v -0.161250 -0.041667 -0.020100
v -0.161250 -0.125000 -0.024791
v -0.161250 -0.125000 -0.020100
v -0.161250 0.125000 -0.024791
v -0.164010 0.125000 -0.024791
v -0.164010 0.041667 -0.024791
v -0.161250 0.041667 -0.024791
v -0.164010 -0.041667 -0.024791
v -0.161250 -0.041667 -0.024791
v -0.164010 -0.125000 -0.024791
v -0.161250 -0.125000 -0.024791
v -0.164010 0.125000 -0.024791
v -0.169264 0.125000 -0.019337
v -0.169264 0.041667 -0.019337
v -0.164010 0.041667 -0.024791
v -0.169264 -0.041667 -0.019337
v -0.164010 -0.041667 -0.024791
v -0.169264 -0.125000 -0.019337
v -0.164010 -0.125000 -0.024791
v -0.169264 0.041667 -0.019337
v -0.169264 0.125000 -0.019337
v -0.168366 0.125000 -0.017172
v -0.169264 -0.041667 -0.019337
v -0.168366 0.041667 -0.017172
v -0.169264 -0.125000 -0.019337
v -0.168366 -0.041667 -0.017172
v -0.168366 0.125000 -0.014828
v -0.168366 0.041667 -0.014828
v -0.168366 -0.125000 -0.017172
v -0.168366 -0.041667 -0.014828
v -0.169264 0.125000 -0.012663
v -0.169264 0.041667 -0.012663
v -0.168366 -0.125000 -0.014828
v -0.169264 -0.041667 -0.012663
v -0.169264 -0.125000 -0.012663
v -0.169264 0.125000 -0.012663
v -0.164010 0.125000 -0.007209
v -0.164010 0.041667 -0.007209
v -0.169264 0.041667 -0.012663
v -0.164010 -0.041667 -0.007209
v -0.169264 -0.041667 -0.012663
v -0.164010 -0.125000 -0.007209
v -0.169264 -0.125000 -0.012663
v -0.164010 0.125000 -0.007209
v -0.161250 0.125000 -0.007209
v -0.161250 0.041667 -0.007209
v -0.164010 0.041667 -0.007209
v -0.161250 -0.041667 -0.007209
v -0.164010 -0.041667 -0.007209
v -0.161250 -0.125000 -0.007209
v -0.164010 -0.125000 -0.007209
v -0.161250 0.125000 -0.007209
v -0.161250 0.125000 -0.011900
v -0.161250 0.041667 -0.011900
v -0.161250 0.041667 -0.007209
v -0.161250 -0.041667 -0.011900
v -0.161250 -0.041667 -0.007209
v -0.161250 -0.125000 -0.011900
v -0.161250 -0.125000 -0.007209
v -0.161250 0.125000 -0.011900
v -0.159605 0.125000 -0.011900
v -0.159605 0.041667 -0.011900
v -0.161250 0.041667 -0.011900
v -0.159605 -0.041667 -0.011900
v -0.161250 -0.041667 -0.011900
v -0.159605 -0.125000 -0.011900
v -0.161250 -0.125000 -0.011900
v -0.159605 0.125000 -0.011900
v -0.159605 0.125000 -0.011300
v -0.159605 0.041667 -0.011300
v -0.159605 0.041667 -0.011900
v -0.159605 -0.041667 -0.011300
v -0.159605 -0.041667 -0.011900
v -0.159605 -0.125000 -0.011300
v -0.159605 -0.125000 -0.011900
v -0.159605 0.125000 -0.011300
v -0.159250 0.125000 -0.011300
v -0.159250 0.041667 -0.011300
v -0.159605 0.041667 -0.011300
v -0.159250 -0.041667 -0.011300
v -0.159605 -0.041667 -0.011300
v -0.159250 -0.125000 -0.011300
v -0.159605 -0.125000 -0.011300
v -0.159250 0.125000 -0.011300
v -0.159250 0.125000 -0.001000
v -0.159250 0.041667 -0.001000
v -0.159250 0.041667 -0.011300
v -0.159250 -0.041667 -0.001000
v -0.159250 -0.041667 -0.011300
v -0.159250 -0.125000 -0.001000
v -0.159250 -0.125000 -0.011300
v -0.159250 0.125000 -0.001000
v -0.169550 0.125000 -0.001000
v -0.169550 0.041667 -0.001000
v -0.159250 0.041667 -0.001000
v -0.169550 -0.041667 -0.001000
v -0.159250 -0.041667 -0.001000
v -0.169550 -0.125000 -0.001000
v -0.159250 -0.125000 -0.001000
v -0.169550 0.125000 -0.001000
v -0.169550 0.125000 -0.001287
v -0.169550 0.041667 -0.001287
v -0.169550 0.041667 -0.001000
v -0.169550 -0.041667 -0.001287
v -0.169550 -0.041667 -0.001000
v -0.169550 -0.125000 -0.001287
v -0.169550 -0.125000 -0.001000
v -0.175485 -0.125000 -0.021872
v -0.174250 -0.125000 -0.019400
v -0.175950 -0.125000 -0.018944
v -0.174250 -0.125000 -0.012600
v -0.170755 -0.125000 -0.011123
v -0.173015 -0.125000 -0.010128
v -0.175485 -0.125000 -0.010128
v -0.177745 -0.125000 -0.011123
v -0.175950 -0.125000 -0.013056
v -0.177745 -0.125000 -0.020877
v -0.173015 -0.125000 -0.021872
v -0.170755 -0.125000 -0.020877
v -0.172550 -0.125000 -0.018944
v -0.177195 -0.125000 -0.017700
v -0.177650 -0.125000 -0.016000
v -0.171306 -0.125000 -0.017700
v -0.177195 -0.125000 -0.014300
v -0.169264 -0.125000 -0.012663
v -0.170850 -0.125000 -0.016000
v -0.172550 -0.125000 -0.013056
v -0.171306 -0.125000 -0.014300
v -0.164010 -0.125000 -0.007209
v -0.165750 -0.125000 -0.005928
v -0.179236 -0.125000 -0.012663
v -0.182750 -0.125000 -0.005928
v -0.169264 -0.125000 -0.019337
v -0.165750 -0.125000 -0.026072
v -0.184490 -0.125000 -0.007209
v -0.159250 -0.125000 -0.001000
v -0.165750 -0.125000 -0.003000
v -0.179236 -0.125000 -0.019337
v -0.184490 -0.125000 -0.024791
v -0.182750 -0.125000 -0.026072
v -0.168366 -0.125000 -0.017172
v -0.164010 -0.125000 -0.024791
v -0.159250 -0.125000 -0.031000
v -0.161250 -0.125000 -0.024791
v -0.189250 -0.125000 -0.001000
v -0.187250 -0.125000 -0.007209
v -0.169550 -0.125000 -0.001000
v -0.169550 -0.125000 -0.001287
v -0.189250 -0.125000 -0.031000
v -0.182750 -0.125000 -0.029000
v -0.165750 -0.125000 -0.029000
v -0.182750 -0.125000 -0.003000
v -0.178950 -0.125000 -0.031000
v -0.178950 -0.125000 -0.030713
v -0.180134 -0.125000 -0.014828
v -0.161250 -0.125000 -0.007209
v -0.180134 -0.125000 -0.017172
v -0.159250 -0.125000 -0.011300
v -0.161250 -0.125000 -0.011900
v -0.159605 -0.125000 -0.011900
v -0.159605 -0.125000 -0.011300
v -0.187250 -0.125000 -0.024791
v -0.159250 -0.125000 -0.020700
v -0.159605 -0.125000 -0.020700
v -0.168366 -0.125000 -0.014828
v -0.169550 -0.125000 -0.031000
v -0.170150 -0.125000 -0.029000
v -0.170150 -0.125000 -0.030713
v -0.169550 -0.125000 -0.030713
v -0.161250 -0.125000 -0.020100
v -0.189250 -0.125000 -0.020700
v -0.187250 -0.125000 -0.020100
v -0.188895 -0.125000 -0.020100
v -0.188895 -0.125000 -0.020700
v -0.178350 -0.125000 -0.029000
v -0.159605 -0.125000 -0.020100
v -0.189250 -0.125000 -0.011300
v -0.188895 -0.125000 -0.011300
v -0.178350 -0.125000 -0.030713
v -0.178950 -0.125000 -0.001000
v -0.178350 -0.125000 -0.003000
v -0.178350 -0.125000 -0.001287
v -0.178950 -0.125000 -0.001287
v -0.187250 -0.125000 -0.011900
v -0.170150 -0.125000 -0.003000
v -0.188895 -0.125000 -0.011900
v -0.170150 -0.125000 -0.001287
v -0.175485 0.125000 -0.021872
v -0.177745 0.125000 -0.020877
v -0.175950 0.125000 -0.018945
v -0.177745 0.125000 -0.011123
v -0.177650 0.125000 -0.016000
v -0.177195 0.125000 -0.017700
v -0.177195 0.125000 -0.014300
v -0.175485 0.125000 -0.010128
v -0.174250 0.125000 -0.012600
v -0.175950 0.125000 -0.013056
v -0.173015 0.125000 -0.010128
v -0.170755 0.125000 -0.011123
v -0.172550 0.125000 -0.013056
v -0.173015 0.125000 -0.021872
v -0.174250 0.125000 -0.019400
v -0.172550 0.125000 -0.018945
v -0.179236 0.125000 -0.019337
v -0.182750 0.125000 -0.026072
v -0.170755 0.125000 -0.020877
v -0.170850 0.125000 -0.016000
v -0.169264 0.125000 -0.019337
v -0.164010 0.125000 -0.024791
v -0.165750 0.125000 -0.026072
v -0.169264 0.125000 -0.012663
v -0.165750 0.125000 -0.005928
v -0.184490 0.125000 -0.024791
v -0.171306 0.125000 -0.014300
v -0.164010 0.125000 -0.007209
v -0.159250 0.125000 -0.001000
v -0.161250 0.125000 -0.007209
v -0.189250 0.125000 -0.031000
v -0.187250 0.125000 -0.024791
v -0.171306 0.125000 -0.017700
v -0.159250 0.125000 -0.031000
v -0.165750 0.125000 -0.029000
v -0.179236 0.125000 -0.012663
v -0.184490 0.125000 -0.007209
v -0.182750 0.125000 -0.005928
v -0.168366 0.125000 -0.014828
v -0.168366 0.125000 -0.017172
v -0.169550 0.125000 -0.001000
v -0.165750 0.125000 -0.003000
v -0.182750 0.125000 -0.029000
v -0.169550 0.125000 -0.031000
v -0.169550 0.125000 -0.030713
v -0.189250 0.125000 -0.001000
v -0.182750 0.125000 -0.003000
v -0.178950 0.125000 -0.001000
v -0.178950 0.125000 -0.001287
v -0.180134 0.125000 -0.017172
v -0.180134 0.125000 -0.014828
v -0.169550 0.125000 -0.001287
v -0.161250 0.125000 -0.024791
v -0.189250 0.125000 -0.011300
v -0.187250 0.125000 -0.007209
v -0.187250 0.125000 -0.011900
v -0.188895 0.125000 -0.011900
v -0.188895 0.125000 -0.011300
v -0.178350 0.125000 -0.003000
v -0.189250 0.125000 -0.020700
v -0.188895 0.125000 -0.020700
v -0.178350 0.125000 -0.001287
v -0.178950 0.125000 -0.031000
v -0.178350 0.125000 -0.029000
v -0.178350 0.125000 -0.030713
v -0.178950 0.125000 -0.030713
v -0.187250 0.125000 -0.020100
v -0.159250 0.125000 -0.020700
v -0.161250 0.125000 -0.020100
v -0.159605 0.125000 -0.020100
v -0.159605 0.125000 -0.020700
v -0.170150 0.125000 -0.029000
v -0.188895 0.125000 -0.020100
v -0.159605 0.125000 -0.011300
v -0.161250 0.125000 -0.011900
v -0.170150 0.125000 -0.030713
v -0.159605 0.125000 -0.011900
v -0.159250 0.125000 -0.011300
v -0.170150 0.125000 -0.003000
v -0.170150 0.125000 -0.001287
v -0.349560 0.014142 0.191000
v -0.350000 0.014200 0.191000
v -0.350000 0.014200 0.190000
v -0.348798 0.013702 0.191000
v -0.349560 0.014142 0.190000
v -0.348358 0.012940 0.191000
v -0.348798 0.013702 0.190000
v -0.348358 0.012060 0.191000
v -0.348358 0.012940 0.190000
v -0.348528 0.011650 0.191000
v -0.348358 0.012060 0.190000
v -0.349150 0.011028 0.191000
v -0.348528 0.011650 0.190000
v -0.350000 0.010800 0.191000
v -0.349150 0.011028 0.190000
v -0.350850 0.011028 0.191000
v -0.350000 0.010800 0.190000
v -0.351202 0.011298 0.191000
v -0.350850 0.011028 0.190000
v -0.351472 0.011650 0.191000
v -0.351202 0.011298 0.190000
v -0.351700 0.012500 0.191000
v -0.351472 0.011650 0.190000
v -0.351472 0.013350 0.191000
v -0.351700 0.012500 0.190000
v -0.350850 0.013972 0.191000
v -0.351472 0.013350 0.190000
v -0.350850 0.013972 0.190000
v -0.349560 -0.010858 0.191000
v -0.350000 -0.010800 0.191000
v -0.350000 -0.010800 0.190000
v -0.348798 -0.011298 0.191000
v -0.349560 -0.010858 0.190000
v -0.348358 -0.012060 0.191000
v -0.348798 -0.011298 0.190000
v -0.348358 -0.012940 0.191000
v -0.348358 -0.012060 0.190000
v -0.348528 -0.013350 0.191000
v -0.348358 -0.012940 0.190000
v -0.349150 -0.013972 0.191000
v -0.348528 -0.013350 0.190000
v -0.350000 -0.014200 0.191000
v -0.349150 -0.013972 0.190000
v -0.350850 -0.013972 0.191000
v -0.350000 -0.014200 0.190000
v -0.351202 -0.013702 0.191000
v -0.350850 -0.013972 0.190000
v -0.351472 -0.013350 0.191000
v -0.351202 -0.013702 0.190000
v -0.351700 -0.012500 0.191000
v -0.351472 -0.013350 0.190000
v -0.351472 -0.011650 0.191000
v -0.351700 -0.012500 0.190000
v -0.350850 -0.011028 0.191000
v -0.351472 -0.011650 0.190000
v -0.350850 -0.011028 0.190000
v -0.399560 -0.010858 0.191000
v -0.400000 -0.010800 0.191000
v -0.400000 -0.010800 0.190000
v -0.398798 -0.011298 0.191000
v -0.399560 -0.010858 0.190000
v -0.398358 -0.012060 0.191000
v -0.398798 -0.011298 0.190000
v -0.398358 -0.012940 0.191000
v -0.398358 -0.012060 0.190000
v -0.398528 -0.013350 0.191000
v -0.398358 -0.012940 0.190000
v -0.399150 -0.013972 0.191000
v -0.398528 -0.013350 0.190000
v -0.400000 -0.014200 0.191000
v -0.399150 -0.013972 0.190000
v -0.400850 -0.013972 0.191000
v -0.400000 -0.014200 0.190000
v -0.401202 -0.013702 0.191000
v -0.400850 -0.013972 0.190000
v -0.401472 -0.013350 0.191000
v -0.401202 -0.013702 0.190000
v -0.401700 -0.012500 0.191000
v -0.401472 -0.013350 0.190000
v -0.401472 -0.011650 0.191000
v -0.401700 -0.012500 0.190000
v -0.400850 -0.011028 0.191000
v -0.401472 -0.011650 0.190000
v -0.400850 -0.011028 0.190000
v -0.399560 0.014142 0.191000
v -0.400000 0.014200 0.191000
v -0.400000 0.014200 0.190000
v -0.398798 0.013702 0.191000
v -0.399560 0.014142 0.190000
v -0.398358 0.012940 0.191000
v -0.398798 0.013702 0.190000
v -0.398358 0.012060 0.191000
v -0.398358 0.012940 0.190000
v -0.398528 0.011650 0.191000
v -0.398358 0.012060 0.190000
v -0.399150 0.011028 0.191000
v -0.398528 0.011650 0.190000
v -0.400000 0.010800 0.191000
v -0.399150 0.011028 0.190000
v -0.400850 0.011028 0.191000
v -0.400000 0.010800 0.190000
v -0.401202 0.011298 0.191000
v -0.400850 0.011028 0.190000
v -0.401472 0.011650 0.191000
v -0.401202 0.011298 0.190000
v -0.401700 0.012500 0.191000
v -0.401472 0.011650 0.190000
v -0.401472 0.013350 0.191000
v -0.401700 0.012500 0.190000
v -0.400850 0.013972 0.191000
v -0.401472 0.013350 0.190000
v -0.400850 0.013972 0.190000
v -0.407500 -0.032500 0.190000
v -0.342500 -0.032500 0.190000
v -0.342500 -0.032500 0.191000
v -0.407500 -0.032500 0.191000
v -0.342500 -0.032500 0.190000
v -0.342500 0.032500 0.190000
v -0.342500 0.032500 0.191000
v -0.342500 -0.032500 0.191000
v -0.342500 0.032500 0.190000
v -0.407500 0.032500 0.190000
v -0.407500 0.032500 0.191000
v -0.342500 0.032500 0.191000
v -0.407500 0.032500 0.190000
v -0.407500 -0.032500 0.190000
v -0.407500 -0.032500 0.191000
v -0.407500 0.032500 0.191000
v -0.407500 -0.032500 0.191000
v -0.351700 0.012500 0.191000
v -0.398528 -0.013350 0.191000
v -0.398358 -0.012940 0.191000
v -0.342500 0.032500 0.191000
v -0.398798 -0.011298 0.191000
v -0.351472 0.013350 0.191000
v -0.398358 -0.012060 0.191000
v -0.398528 0.011650 0.191000
v -0.398358 0.012060 0.191000
v -0.342500 -0.032500 0.191000
v -0.348358 -0.012940 0.191000
v -0.348528 -0.013350 0.191000
v -0.348358 -0.012060 0.191000
v -0.348798 -0.011298 0.191000
v -0.348358 0.012060 0.191000
v -0.348528 0.011650 0.191000
v -0.348358 0.012940 0.191000
v -0.400850 -0.013972 0.191000
v -0.401202 -0.013702 0.191000
v -0.350850 0.013972 0.191000
v -0.399560 -0.010858 0.191000
v -0.399150 0.011028 0.191000
v -0.400000 0.010800 0.191000
v -0.398358 0.012940 0.191000
v -0.350850 -0.013972 0.191000
v -0.351202 -0.013702 0.191000
v -0.349560 -0.010858 0.191000
v -0.349150 0.011028 0.191000
v -0.350000 0.010800 0.191000
v -0.401472 -0.013350 0.191000
v -0.399150 -0.013972 0.191000
v -0.400000 -0.010800 0.191000
v -0.400850 0.011028 0.191000
v -0.401202 0.011298 0.191000
v -0.398798 0.013702 0.191000
v -0.351472 -0.013350 0.191000
v -0.350000 -0.014200 0.191000
v -0.350000 -0.010800 0.191000
v -0.350850 0.011028 0.191000
v -0.351202 0.011298 0.191000
v -0.348798 0.013702 0.191000
v -0.400850 -0.011028 0.191000
v -0.401472 0.011650 0.191000
v -0.407500 0.032500 0.191000
v -0.401700 -0.012500 0.191000
v -0.400000 -0.014200 0.191000
v -0.349150 -0.013972 0.191000
v -0.401700 0.012500 0.191000
v -0.401472 0.013350 0.191000
v -0.401472 -0.011650 0.191000
v -0.350000 0.014200 0.191000
v -0.399560 0.014142 0.191000
v -0.351472 -0.011650 0.191000
v -0.400850 0.013972 0.191000
v -0.400000 0.014200 0.191000
v -0.350850 -0.011028 0.191000
v -0.351472 0.011650 0.191000
v -0.351700 -0.012500 0.191000
v -0.349560 0.014142 0.191000
v -0.342500 0.032500 0.190000
v -0.399150 0.011028 0.190000
v -0.398528 0.011650 0.190000
v -0.400000 -0.010800 0.190000
v -0.400850 0.011028 0.190000
v -0.400000 0.010800 0.190000
v -0.398798 0.013702 0.190000
v -0.399560 0.014142 0.190000
v -0.398358 0.012060 0.190000
v -0.351700 0.012500 0.190000
v -0.350850 0.013972 0.190000
v -0.398358 -0.012940 0.190000
v -0.351202 -0.013702 0.190000
v -0.350850 -0.013972 0.190000
v -0.400850 -0.011028 0.190000
v -0.401700 0.012500 0.190000
v -0.401472 0.011650 0.190000
v -0.398798 -0.011298 0.190000
v -0.399560 -0.010858 0.190000
v -0.401202 0.011298 0.190000
v -0.407500 0.032500 0.190000
v -0.398358 0.012940 0.190000
v -0.351472 0.013350 0.190000
v -0.348798 0.013702 0.190000
v -0.349560 0.014142 0.190000
v -0.348798 -0.011298 0.190000
v -0.348358 0.012060 0.190000
v -0.349150 0.011028 0.190000
v -0.348528 0.011650 0.190000
v -0.351472 -0.013350 0.190000
v -0.398358 -0.012060 0.190000
v -0.351700 -0.012500 0.190000
v -0.401472 -0.011650 0.190000
v -0.401700 -0.012500 0.190000
v -0.400850 0.013972 0.190000
v -0.401472 0.013350 0.190000
v -0.400000 0.014200 0.190000
v -0.350000 0.014200 0.190000
v -0.349560 -0.010858 0.190000
v -0.350000 -0.010800 0.190000
v -0.350000 0.010800 0.190000
v -0.342500 -0.032500 0.190000
v -0.348358 -0.012940 0.190000
v -0.348358 -0.012060 0.190000
v -0.349150 -0.013972 0.190000
v -0.348528 -0.013350 0.190000
v -0.350850 -0.011028 0.190000
v -0.351472 0.011650 0.190000
v -0.351202 0.011298 0.190000
v -0.407500 -0.032500 0.190000
v -0.401472 -0.013350 0.190000
v -0.401202 -0.013702 0.190000
v -0.348358 0.012940 0.190000
v -0.399150 -0.013972 0.190000
v -0.398528 -0.013350 0.190000
v -0.351472 -0.011650 0.190000
v -0.350850 0.011028 0.190000
v -0.400000 -0.014200 0.190000
v -0.400850 -0.013972 0.190000
v -0.350000 -0.014200 0.190000
v -0.407500 0.180000 -0.001000
v -0.407500 0.270000 -0.001000
v -0.307500 0.270000 -0.001000
v -0.307500 0.180000 -0.001000
v -0.207500 0.270000 -0.001000
v -0.207500 0.180000 -0.001000
v -0.107500 0.270000 -0.001000
v -0.107500 0.180000 -0.001000
v -0.007500 0.270000 -0.001000
v -0.407500 0.090000 -0.001000
v -0.307500 0.090000 -0.001000
v -0.207500 0.090000 -0.001000
v -0.107500 0.090000 -0.001000
v -0.007500 0.180000 -0.001000
v -0.407500 0.000000 -0.001000
v -0.307500 0.000000 -0.001000
v -0.207500 0.000000 -0.001000
v -0.107500 0.000000 -0.001000
v -0.007500 0.090000 -0.001000
v -0.407500 -0.090000 -0.001000
v -0.307500 -0.090000 -0.001000
v -0.207500 -0.090000 -0.001000
v -0.107500 -0.090000 -0.001000
v -0.007500 0.000000 -0.001000
v -0.407500 -0.180000 -0.001000
v -0.307500 -0.180000 -0.001000
v -0.207500 -0.180000 -0.001000
v -0.107500 -0.180000 -0.001000
v -0.007500 -0.090000 -0.001000
v -0.407500 -0.270000 -0.001000
v -0.307500 -0.270000 -0.001000
v -0.207500 -0.270000 -0.001000
v -0.107500 -0.270000 -0.001000
v -0.007500 -0.180000 -0.001000
v -0.007500 -0.270000 -0.001000
v -0.407500 -0.270000 0.000000
v -0.307500 -0.270000 0.000000
v -0.307500 -0.180000 0.000000
v -0.207500 -0.270000 0.000000
v -0.207500 -0.180000 0.000000
v -0.107500 -0.270000 0.000000
v -0.107500 -0.180000 0.000000
v -0.007500 -0.270000 0.000000
v -0.007500 -0.180000 0.000000
v -0.407500 -0.180000 0.000000
v -0.307500 -0.090000 0.000000
v -0.207500 -0.090000 0.000000
v -0.107500 -0.090000 0.000000
v -0.007500 -0.090000 0.000000
v -0.407500 -0.090000 0.000000
v -0.307500 0.000000 0.000000
v -0.207500 0.000000 0.000000
v -0.107500 0.000000 0.000000
v -0.007500 0.000000 0.000000
v -0.407500 0.000000 0.000000
v -0.307500 0.090000 0.000000
v -0.207500 0.090000 0.000000
v -0.107500 0.090000 0.000000
v -0.007500 0.090000 0.000000
v -0.407500 0.090000 0.000000
v -0.307500 0.180000 0.000000
v -0.207500 0.180000 0.000000
v -0.107500 0.180000 0.000000
v -0.007500 0.180000 0.000000
v -0.407500 0.180000 0.000000
v -0.307500 0.270000 0.000000
v -0.207500 0.270000 0.000000
v -0.107500 0.270000 0.000000
v -0.007500 0.270000 0.000000
v -0.407500 0.270000 0.000000
v -0.407500 -0.270000 0.000000
v -0.407500 -0.180000 0.000000
v -0.407500 -0.180000 -0.001000
v -0.407500 -0.090000 0.000000
v -0.407500 -0.090000 -0.001000
v -0.407500 0.000000 0.000000
v -0.407500 0.000000 -0.001000
v -0.407500 0.090000 0.000000
v -0.407500 0.090000 -0.001000
v -0.407500 0.180000 0.000000
v -0.407500 0.180000 -0.001000
v -0.407500 0.270000 0.000000
v -0.407500 0.270000 -0.001000
v -0.407500 -0.270000 -0.001000
v -0.407500 0.270000 0.000000
v -0.307500 0.270000 0.000000
v -0.307500 0.270000 -0.001000
v -0.207500 0.270000 0.000000
v -0.207500 0.270000 -0.001000
v -0.107500 0.270000 0.000000
v -0.107500 0.270000 -0.001000
v -0.007500 0.270000 0.000000
v -0.007500 0.270000 -0.001000
v -0.407500 0.270000 -0.001000
v -0.007500 0.270000 0.000000
v -0.007500 0.180000 0.000000
v -0.007500 0.180000 -0.001000
v -0.007500 0.090000 0.000000
v -0.007500 0.090000 -0.001000
v -0.007500 0.000000 0.000000
v -0.007500 0.000000 -0.001000
v -0.007500 -0.090000 0.000000
v -0.007500 -0.090000 -0.001000
v -0.007500 -0.180000 0.000000
v -0.007500 -0.180000 -0.001000
v -0.007500 -0.270000 0.000000
v -0.007500 -0.270000 -0.001000
v -0.007500 0.270000 -0.001000
v -0.007500 -0.270000 0.000000
v -0.107500 -0.270000 0.000000
v -0.107500 -0.270000 -0.001000
v -0.207500 -0.270000 0.000000
v -0.207500 -0.270000 -0.001000
v -0.307500 -0.270000 0.000000
v -0.307500 -0.270000 -0.001000
v -0.407500 -0.270000 0.000000
v -0.407500 -0.270000 -0.001000
v -0.007500 -0.270000 -0.001000
v -0.392500 0.026000 0.176000
v -0.392500 0.026000 0.189000
v -0.342500 0.026000 0.189000
v -0.342500 0.026000 0.176000
v -0.342500 0.026000 0.189000
v -0.392500 0.026000 0.189000
v -0.392500 0.039000 0.189000
v -0.342500 0.039000 0.189000
v -0.342500 0.039000 0.176000
v -0.342500 0.039000 0.189000
v -0.392500 0.039000 0.189000
v -0.392500 0.039000 0.176000
v -0.392500 0.039000 0.176000
v -0.392500 0.026000 0.176000
v -0.342500 0.026000 0.176000
v -0.342500 0.039000 0.176000
v -0.392500 0.025000 0.175000
v -0.342500 0.025000 0.175000
v -0.342500 0.025000 0.190000
v -0.392500 0.025000 0.190000
v -0.342500 0.040000 0.190000
v -0.392500 0.040000 0.190000
v -0.392500 0.025000 0.190000
v -0.342500 0.025000 0.190000
v -0.342500 0.040000 0.175000
v -0.392500 0.040000 0.175000
v -0.392500 0.040000 0.190000
v -0.342500 0.040000 0.190000
v -0.392500 0.040000 0.175000
v -0.342500 0.040000 0.175000
v -0.342500 0.025000 0.175000
v -0.392500 0.025000 0.175000
v -0.392500 0.025000 0.190000
v -0.392500 0.040000 0.190000
v -0.392500 0.039000 0.189000
v -0.392500 0.040000 0.175000
v -0.392500 0.039000 0.176000
v -0.392500 0.025000 0.175000
v -0.392500 0.026000 0.176000
v -0.392500 0.026000 0.189000
v -0.342500 0.040000 0.190000
v -0.342500 0.039000 0.189000
v -0.342500 0.039000 0.176000
v -0.342500 0.025000 0.190000
v -0.342500 0.026000 0.189000
v -0.342500 0.025000 0.175000
v -0.342500 0.026000 0.176000
v -0.342500 0.040000 0.175000
v -0.356500 0.025000 0.189000
v -0.343500 0.025000 0.189000
v -0.343500 -0.025000 0.189000
v -0.356500 -0.025000 0.189000
v -0.343500 -0.025000 0.189000
v -0.343500 0.025000 0.189000
v -0.343500 0.025000 0.176000
v -0.343500 -0.025000 0.176000
v -0.356500 -0.025000 0.176000
v -0.343500 -0.025000 0.176000
v -0.343500 0.025000 0.176000
v -0.356500 0.025000 0.176000
v -0.356500 0.025000 0.176000
v -0.356500 0.025000 0.189000
v -0.356500 -0.025000 0.189000
v -0.356500 -0.025000 0.176000
v -0.357500 0.025000 0.190000
v -0.357500 -0.025000 0.190000
v -0.342500 -0.025000 0.190000
v -0.342500 0.025000 0.190000
v -0.342500 -0.025000 0.175000
v -0.342500 0.025000 0.175000
v -0.342500 0.025000 0.190000
v -0.342500 -0.025000 0.190000
v -0.357500 -0.025000 0.175000
v -0.357500 0.025000 0.175000
v -0.342500 0.025000 0.175000
v -0.342500 -0.025000 0.175000
v -0.357500 0.025000 0.175000
v -0.357500 -0.025000 0.175000
v -0.357500 -0.025000 0.190000
v -0.357500 0.025000 0.190000
v -0.342500 0.025000 0.190000
v -0.342500 0.025000 0.175000
v -0.343500 0.025000 0.176000
v -0.357500 0.025000 0.175000
v -0.356500 0.025000 0.176000
v -0.357500 0.025000 0.190000
v -0.356500 0.025000 0.189000
v -0.343500 0.025000 0.189000
v -0.342500 -0.025000 0.175000
v -0.343500 -0.025000 0.176000
v -0.356500 -0.025000 0.176000
v -0.342500 -0.025000 0.190000
v -0.343500 -0.025000 0.189000
v -0.357500 -0.025000 0.190000
v -0.356500 -0.025000 0.189000
v -0.357500 -0.025000 0.175000
v -0.392500 -0.039000 0.176000
v -0.392500 -0.039000 0.189000
v -0.342500 -0.039000 0.189000
v -0.342500 -0.039000 0.176000
v -0.342500 -0.039000 0.189000
v -0.392500 -0.039000 0.189000
v -0.392500 -0.026000 0.189000
v -0.342500 -0.026000 0.189000
v -0.342500 -0.026000 0.176000
v -0.342500 -0.026000 0.189000
v -0.392500 -0.026000 0.189000
v -0.392500 -0.026000 0.176000
v -0.392500 -0.026000 0.176000
v -0.392500 -0.039000 0.176000
v -0.342500 -0.039000 0.176000
v -0.342500 -0.026000 0.176000
v -0.392500 -0.040000 0.175000
v -0.342500 -0.040000 0.175000
v -0.342500 -0.040000 0.190000
v -0.392500 -0.040000 0.190000
v -0.342500 -0.025000 0.190000
v -0.392500 -0.025000 0.190000
v -0.392500 -0.040000 0.190000
v -0.342500 -0.040000 0.190000
v -0.342500 -0.025000 0.175000
v -0.392500 -0.025000 0.175000
v -0.392500 -0.025000 0.190000
v -0.342500 -0.025000 0.190000
v -0.392500 -0.025000 0.175000
v -0.342500 -0.025000 0.175000
v -0.342500 -0.040000 0.175000
v -0.392500 -0.040000 0.175000
v -0.392500 -0.040000 0.190000
v -0.392500 -0.025000 0.190000
v -0.392500 -0.026000 0.189000
v -0.392500 -0.025000 0.175000
v -0.392500 -0.026000 0.176000
v -0.392500 -0.040000 0.175000
v -0.392500 -0.039000 0.176000
v -0.392500 -0.039000 0.189000
v -0.342500 -0.025000 0.190000
v -0.342500 -0.026000 0.189000
v -0.342500 -0.026000 0.176000
v -0.342500 -0.040000 0.190000
v -0.342500 -0.039000 0.189000
v -0.342500 -0.040000 0.175000
v -0.342500 -0.039000 0.176000
v -0.342500 -0.025000 0.175000
v -0.036642 -0.270000 0.182060
v -0.036700 -0.270000 0.182500
v -0.036700 -0.271000 0.182500
v -0.036202 -0.270000 0.181298
v -0.036642 -0.271000 0.182060
v -0.035440 -0.270000 0.180858
v -0.036202 -0.271000 0.181298
v -0.034560 -0.270000 0.180858
v -0.035440 -0.271000 0.180858
v -0.034150 -0.270000 0.181028
v -0.034560 -0.271000 0.180858
v -0.033528 -0.270000 0.181650
v -0.034150 -0.271000 0.181028
v -0.033300 -0.270000 0.182500
v -0.033528 -0.271000 0.181650
v -0.033528 -0.270000 0.183350
v -0.033300 -0.271000 0.182500
v -0.033798 -0.270000 0.183702
v -0.033528 -0.271000 0.183350
v -0.034150 -0.270000 0.183972
v -0.033798 -0.271000 0.183702
v -0.035000 -0.270000 0.184200
v -0.034150 -0.271000 0.183972
v -0.035850 -0.270000 0.183972
v -0.035000 -0.271000 0.184200
v -0.036472 -0.270000 0.183350
v -0.035850 -0.271000 0.183972
v -0.036472 -0.271000 0.183350
v -0.381642 -0.270000 0.182060
v -0.381700 -0.270000 0.182500
v -0.381700 -0.271000 0.182500
v -0.381202 -0.270000 0.181298
v -0.381642 -0.271000 0.182060
v -0.380440 -0.270000 0.180858
v -0.381202 -0.271000 0.181298
v -0.379560 -0.270000 0.180858
v -0.380440 -0.271000 0.180858
v -0.379150 -0.270000 0.181028
v -0.379560 -0.271000 0.180858
v -0.378528 -0.270000 0.181650
v -0.379150 -0.271000 0.181028
v -0.378300 -0.270000 0.182500
v -0.378528 -0.271000 0.181650
v -0.378528 -0.270000 0.183350
v -0.378300 -0.271000 0.182500
v -0.378798 -0.270000 0.183702
v -0.378528 -0.271000 0.183350
v -0.379150 -0.270000 0.183972
v -0.378798 -0.271000 0.183702
v -0.380000 -0.270000 0.184200
v -0.379150 -0.271000 0.183972
v -0.380850 -0.270000 0.183972
v -0.380000 -0.271000 0.184200
v -0.381472 -0.270000 0.183350
v -0.380850 -0.271000 0.183972
v -0.381472 -0.271000 0.183350
v -0.401642 -0.270000 0.162060
v -0.401700 -0.270000 0.162500
v -0.401700 -0.271000 0.162500
v -0.401202 -0.270000 0.161298
v -0.401642 -0.271000 0.162060
v -0.400440 -0.270000 0.160858
v -0.401202 -0.271000 0.161298
v -0.399560 -0.270000 0.160858
v -0.400440 -0.271000 0.160858
v -0.399150 -0.270000 0.161028
v -0.399560 -0.271000 0.160858
v -0.398528 -0.270000 0.161650
v -0.399150 -0.271000 0.161028
v -0.398300 -0.270000 0.162500
v -0.398528 -0.271000 0.161650
v -0.398528 -0.270000 0.163350
v -0.398300 -0.271000 0.162500
v -0.398798 -0.270000 0.163702
v -0.398528 -0.271000 0.163350
v -0.399150 -0.270000 0.163972
v -0.398798 -0.271000 0.163702
v -0.400000 -0.270000 0.164200
v -0.399150 -0.271000 0.163972
v -0.400850 -0.270000 0.163972
v -0.400000 -0.271000 0.164200
v -0.401472 -0.270000 0.163350
v -0.400850 -0.271000 0.163972
v -0.401472 -0.271000 0.163350
v -0.401642 -0.270000 0.027060
v -0.401700 -0.270000 0.027500
v -0.401700 -0.271000 0.027500
v -0.401202 -0.270000 0.026298
v -0.401642 -0.271000 0.027060
v -0.400440 -0.270000 0.025858
v -0.401202 -0.271000 0.026298
v -0.399560 -0.270000 0.025858
v -0.400440 -0.271000 0.025858
v -0.399150 -0.270000 0.026028
v -0.399560 -0.271000 0.025858
v -0.398528 -0.270000 0.026650
v -0.399150 -0.271000 0.026028
v -0.398300 -0.270000 0.027500
v -0.398528 -0.271000 0.026650
v -0.398528 -0.270000 0.028350
v -0.398300 -0.271000 0.027500
v -0.398798 -0.270000 0.028702
v -0.398528 -0.271000 0.028350
v -0.399150 -0.270000 0.028972
v -0.398798 -0.271000 0.028702
v -0.400000 -0.270000 0.029200
v -0.399150 -0.271000 0.028972
v -0.400850 -0.270000 0.028972
v -0.400000 -0.271000 0.029200
v -0.401472 -0.270000 0.028350
v -0.400850 -0.271000 0.028972
v -0.401472 -0.271000 0.028350
v -0.381642 -0.270000 0.007060
v -0.381700 -0.270000 0.007500
v -0.381700 -0.271000 0.007500
v -0.381202 -0.270000 0.006298
v -0.381642 -0.271000 0.007060
v -0.380440 -0.270000 0.005858
v -0.381202 -0.271000 0.006298
v -0.379560 -0.270000 0.005858
v -0.380440 -0.271000 0.005858
v -0.379150 -0.270000 0.006028
v -0.379560 -0.271000 0.005858
v -0.378528 -0.270000 0.006650
v -0.379150 -0.271000 0.006028
v -0.378300 -0.270000 0.007500
v -0.378528 -0.271000 0.006650
v -0.378528 -0.270000 0.008350
v -0.378300 -0.271000 0.007500
v -0.378798 -0.270000 0.008702
v -0.378528 -0.271000 0.008350
v -0.379150 -0.270000 0.008972
v -0.378798 -0.271000 0.008702
v -0.380000 -0.270000 0.009200
v -0.379150 -0.271000 0.008972
v -0.380850 -0.270000 0.008972
v -0.380000 -0.271000 0.009200
v -0.381472 -0.270000 0.008350
v -0.380850 -0.271000 0.008972
v -0.381472 -0.271000 0.008350
v -0.036642 -0.270000 0.007060
v -0.036700 -0.270000 0.007500
v -0.036700 -0.271000 0.007500
v -0.036202 -0.270000 0.006298
v -0.036642 -0.271000 0.007060
v -0.035440 -0.270000 0.005858
v -0.036202 -0.271000 0.006298
v -0.034560 -0.270000 0.005858
v -0.035440 -0.271000 0.005858
v -0.034150 -0.270000 0.006028
v -0.034560 -0.271000 0.005858
v -0.033528 -0.270000 0.006650
v -0.034150 -0.271000 0.006028
v -0.033300 -0.270000 0.007500
v -0.033528 -0.271000 0.006650
v -0.033528 -0.270000 0.008350
v -0.033300 -0.271000 0.007500
v -0.033798 -0.270000 0.008702
v -0.033528 -0.271000 0.008350
v -0.034150 -0.270000 0.008972
v -0.033798 -0.271000 0.008702
v -0.035000 -0.270000 0.009200
v -0.034150 -0.271000 0.008972
v -0.035850 -0.270000 0.008972
v -0.035000 -0.271000 0.009200
v -0.036472 -0.270000 0.008350
v -0.035850 -0.271000 0.008972
v -0.036472 -0.271000 0.008350
v -0.016642 -0.270000 0.027060
v -0.016700 -0.270000 0.027500
v -0.016700 -0.271000 0.027500
v -0.016202 -0.270000 0.026298
v -0.016642 -0.271000 0.027060
v -0.015440 -0.270000 0.025858
v -0.016202 -0.271000 0.026298
v -0.014560 -0.270000 0.025858
v -0.015440 -0.271000 0.025858
v -0.014150 -0.270000 0.026028
v -0.014560 -0.271000 0.025858
v -0.013528 -0.270000 0.026650
v -0.014150 -0.271000 0.026028
v -0.013300 -0.270000 0.027500
v -0.013528 -0.271000 0.026650
v -0.013528 -0.270000 0.028350
v -0.013300 -0.271000 0.027500
v -0.013798 -0.270000 0.028702
v -0.013528 -0.271000 0.028350
v -0.014150 -0.270000 0.028972
v -0.013798 -0.271000 0.028702
v -0.015000 -0.270000 0.029200
v -0.014150 -0.271000 0.028972
v -0.015850 -0.270000 0.028972
v -0.015000 -0.271000 0.029200
v -0.016472 -0.270000 0.028350
v -0.015850 -0.271000 0.028972
v -0.016472 -0.271000 0.028350
v -0.016642 -0.270000 0.162060
v -0.016700 -0.270000 0.162500
v -0.016700 -0.271000 0.162500
v -0.016202 -0.270000 0.161298
v -0.016642 -0.271000 0.162060
v -0.015440 -0.270000 0.160858
v -0.016202 -0.271000 0.161298
v -0.014560 -0.270000 0.160858
v -0.015440 -0.271000 0.160858
v -0.014150 -0.270000 0.161028
v -0.014560 -0.271000 0.160858
v -0.013528 -0.270000 0.161650
v -0.014150 -0.271000 0.161028
v -0.013300 -0.270000 0.162500
v -0.013528 -0.271000 0.161650
v -0.013528 -0.270000 0.163350
v -0.013300 -0.271000 0.162500
v -0.013798 -0.270000 0.163702
v -0.013528 -0.271000 0.163350
v -0.014150 -0.270000 0.163972
v -0.013798 -0.271000 0.163702
v -0.015000 -0.270000 0.164200
v -0.014150 -0.271000 0.163972
v -0.015850 -0.270000 0.163972
v -0.015000 -0.271000 0.164200
v -0.016472 -0.270000 0.163350
v -0.015850 -0.271000 0.163972
v -0.016472 -0.271000 0.163350
v -0.407500 -0.271000 0.000000
v -0.407500 -0.270000 0.000000
v -0.307500 -0.270000 0.000000
v -0.307500 -0.271000 0.000000
v -0.207500 -0.270000 0.000000
v -0.207500 -0.271000 0.000000
v -0.107500 -0.270000 0.000000
v -0.107500 -0.271000 0.000000
v -0.007500 -0.270000 0.000000
v -0.007500 -0.271000 0.000000
v -0.007500 -0.270000 0.190000
v -0.007500 -0.271000 0.190000
v -0.007500 -0.271000 0.095000
v -0.007500 -0.270000 0.095000
v -0.007500 -0.271000 0.000000
v -0.007500 -0.270000 0.000000
v -0.407500 -0.270000 0.190000
v -0.407500 -0.271000 0.190000
v -0.307500 -0.271000 0.190000
v -0.307500 -0.270000 0.190000
v -0.207500 -0.271000 0.190000
v -0.207500 -0.270000 0.190000
v -0.107500 -0.271000 0.190000
v -0.107500 -0.270000 0.190000
v -0.007500 -0.271000 0.190000
v -0.007500 -0.270000 0.190000
v -0.407500 -0.271000 0.190000
v -0.407500 -0.270000 0.190000
v -0.407500 -0.270000 0.095000
v -0.407500 -0.271000 0.095000
v -0.407500 -0.270000 0.000000
v -0.407500 -0.271000 0.000000
v -0.407500 -0.271000 0.095000
v -0.399150 -0.271000 0.028972
v -0.398798 -0.271000 0.028702
v -0.381202 -0.271000 0.006298
v -0.399150 -0.271000 0.026028
v -0.399560 -0.271000 0.025858
v -0.307500 -0.271000 0.000000
v -0.307500 -0.271000 0.095000
v -0.378528 -0.271000 0.008350
v -0.379150 -0.271000 0.008972
v -0.378798 -0.271000 0.008702
v -0.380000 -0.271000 0.009200
v -0.380850 -0.271000 0.008972
v -0.407500 -0.271000 0.000000
v -0.380440 -0.271000 0.005858
v -0.400000 -0.271000 0.029200
v -0.398528 -0.271000 0.028350
v -0.398300 -0.271000 0.027500
v -0.381642 -0.271000 0.007060
v -0.381700 -0.271000 0.007500
v -0.401642 -0.271000 0.027060
v -0.401700 -0.271000 0.027500
v -0.379150 -0.271000 0.006028
v -0.379560 -0.271000 0.005858
v -0.400850 -0.271000 0.028972
v -0.381472 -0.271000 0.008350
v -0.398528 -0.271000 0.026650
v -0.401202 -0.271000 0.026298
v -0.378528 -0.271000 0.006650
v -0.401472 -0.271000 0.028350
v -0.400440 -0.271000 0.025858
v -0.378300 -0.271000 0.007500
v -0.207500 -0.271000 0.000000
v -0.207500 -0.271000 0.095000
v -0.107500 -0.271000 0.000000
v -0.035850 -0.271000 0.008972
v -0.016642 -0.271000 0.027060
v -0.016700 -0.271000 0.027500
v -0.107500 -0.271000 0.095000
v -0.036472 -0.271000 0.008350
v -0.033528 -0.271000 0.008350
v -0.015440 -0.271000 0.025858
v -0.016202 -0.271000 0.026298
v -0.007500 -0.271000 0.095000
v -0.013528 -0.271000 0.028350
v -0.013300 -0.271000 0.027500
v -0.014150 -0.271000 0.028972
v -0.013798 -0.271000 0.028702
v -0.036700 -0.271000 0.007500
v -0.034150 -0.271000 0.008972
v -0.033798 -0.271000 0.008702
v -0.007500 -0.271000 0.000000
v -0.014560 -0.271000 0.025858
v -0.013528 -0.271000 0.026650
v -0.014150 -0.271000 0.026028
v -0.036642 -0.271000 0.007060
v -0.015000 -0.271000 0.029200
v -0.015850 -0.271000 0.028972
v -0.016472 -0.271000 0.028350
v -0.036202 -0.271000 0.006298
v -0.035000 -0.271000 0.009200
v -0.034560 -0.271000 0.005858
v -0.035440 -0.271000 0.005858
v -0.033528 -0.271000 0.006650
v -0.034150 -0.271000 0.006028
v -0.033300 -0.271000 0.007500
v -0.407500 -0.271000 0.190000
v -0.400850 -0.271000 0.163972
v -0.381642 -0.271000 0.182060
v -0.401472 -0.271000 0.163350
v -0.307500 -0.271000 0.190000
v -0.379150 -0.271000 0.183972
v -0.378798 -0.271000 0.183702
v -0.381700 -0.271000 0.182500
v -0.401642 -0.271000 0.162060
v -0.401700 -0.271000 0.162500
v -0.399150 -0.271000 0.161028
v -0.398528 -0.271000 0.163350
v -0.380440 -0.271000 0.180858
v -0.381202 -0.271000 0.181298
v -0.398300 -0.271000 0.162500
v -0.379150 -0.271000 0.181028
v -0.378528 -0.271000 0.183350
v -0.380000 -0.271000 0.184200
v -0.399560 -0.271000 0.160858
v -0.399150 -0.271000 0.163972
v -0.398798 -0.271000 0.163702
v -0.379560 -0.271000 0.180858
v -0.381472 -0.271000 0.183350
v -0.401202 -0.271000 0.161298
v -0.398528 -0.271000 0.161650
v -0.378528 -0.271000 0.181650
v -0.380850 -0.271000 0.183972
v -0.400000 -0.271000 0.164200
v -0.378300 -0.271000 0.182500
v -0.400440 -0.271000 0.160858
v -0.207500 -0.271000 0.190000
v -0.033798 -0.271000 0.183702
v -0.015850 -0.271000 0.163972
v -0.015000 -0.271000 0.164200
v -0.034560 -0.271000 0.180858
v -0.016202 -0.271000 0.161298
v -0.007500 -0.271000 0.190000
v -0.014150 -0.271000 0.163972
v -0.013798 -0.271000 0.163702
v -0.034150 -0.271000 0.183972
v -0.015440 -0.271000 0.160858
v -0.013528 -0.271000 0.163350
v -0.035000 -0.271000 0.184200
v -0.107500 -0.271000 0.190000
v -0.035850 -0.271000 0.183972
v -0.033528 -0.271000 0.183350
v -0.033300 -0.271000 0.182500
v -0.016642 -0.271000 0.162060
v -0.016700 -0.271000 0.162500
v -0.035440 -0.271000 0.180858
v -0.033528 -0.271000 0.181650
v -0.034150 -0.271000 0.181028
v -0.016472 -0.271000 0.163350
v -0.036642 -0.271000 0.182060
v -0.036700 -0.271000 0.182500
v -0.036202 -0.271000 0.181298
v -0.013528 -0.271000 0.161650
v -0.014150 -0.271000 0.161028
v -0.014560 -0.271000 0.160858
v -0.013300 -0.271000 0.162500
v -0.036472 -0.271000 0.183350
v -0.407500 -0.270000 0.095000
v -0.380440 -0.270000 0.180858
v -0.379560 -0.270000 0.180858
v -0.307500 -0.270000 0.095000
v -0.398528 -0.270000 0.161650
v -0.399150 -0.270000 0.163972
v -0.381642 -0.270000 0.182060
v -0.381202 -0.270000 0.181298
v -0.307500 -0.270000 0.190000
v -0.378528 -0.270000 0.183350
v -0.378798 -0.270000 0.183702
v -0.378528 -0.270000 0.181650
v -0.379150 -0.270000 0.181028
v -0.399150 -0.270000 0.161028
v -0.400440 -0.270000 0.160858
v -0.399560 -0.270000 0.160858
v -0.398528 -0.270000 0.163350
v -0.398798 -0.270000 0.163702
v -0.379150 -0.270000 0.183972
v -0.380000 -0.270000 0.184200
v -0.378300 -0.270000 0.182500
v -0.398300 -0.270000 0.162500
v -0.381700 -0.270000 0.182500
v -0.400000 -0.270000 0.164200
v -0.407500 -0.270000 0.190000
v -0.401202 -0.270000 0.161298
v -0.380850 -0.270000 0.183972
v -0.381472 -0.270000 0.183350
v -0.401700 -0.270000 0.162500
v -0.401642 -0.270000 0.162060
v -0.400850 -0.270000 0.163972
v -0.401472 -0.270000 0.163350
v -0.207500 -0.270000 0.190000
v -0.207500 -0.270000 0.095000
v -0.107500 -0.270000 0.190000
v -0.107500 -0.270000 0.095000
v -0.013798 -0.270000 0.163702
v -0.033528 -0.270000 0.181650
v -0.033300 -0.270000 0.182500
v -0.007500 -0.270000 0.190000
v -0.033528 -0.270000 0.183350
v -0.033798 -0.270000 0.183702
v -0.013528 -0.270000 0.163350
v -0.013300 -0.270000 0.162500
v -0.034560 -0.270000 0.180858
v -0.034150 -0.270000 0.181028
v -0.007500 -0.270000 0.095000
v -0.014560 -0.270000 0.160858
v -0.014150 -0.270000 0.161028
v -0.035000 -0.270000 0.184200
v -0.034150 -0.270000 0.183972
v -0.036202 -0.270000 0.181298
v -0.035440 -0.270000 0.180858
v -0.013528 -0.270000 0.161650
v -0.015440 -0.270000 0.160858
v -0.016700 -0.270000 0.162500
v -0.016202 -0.270000 0.161298
v -0.036642 -0.270000 0.182060
v -0.036700 -0.270000 0.182500
v -0.014150 -0.270000 0.163972
v -0.035850 -0.270000 0.183972
v -0.036472 -0.270000 0.183350
v -0.015850 -0.270000 0.163972
v -0.016472 -0.270000 0.163350
v -0.015000 -0.270000 0.164200
v -0.016642 -0.270000 0.162060
v -0.380850 -0.270000 0.008972
v -0.381472 -0.270000 0.008350
v -0.399150 -0.270000 0.026028
v -0.400440 -0.270000 0.025858
v -0.399560 -0.270000 0.025858
v -0.380000 -0.270000 0.009200
v -0.398798 -0.270000 0.028702
v -0.407500 -0.270000 0.000000
v -0.380440 -0.270000 0.005858
v -0.379560 -0.270000 0.005858
v -0.381700 -0.270000 0.007500
v -0.378528 -0.270000 0.008350
v -0.378798 -0.270000 0.008702
v -0.307500 -0.270000 0.000000
v -0.378300 -0.270000 0.007500
v -0.398528 -0.270000 0.026650
v -0.399150 -0.270000 0.028972
v -0.379150 -0.270000 0.008972
v -0.379150 -0.270000 0.006028
v -0.400000 -0.270000 0.029200
v -0.378528 -0.270000 0.006650
v -0.398300 -0.270000 0.027500
v -0.398528 -0.270000 0.028350
v -0.401202 -0.270000 0.026298
v -0.381202 -0.270000 0.006298
v -0.400850 -0.270000 0.028972
v -0.401472 -0.270000 0.028350
v -0.401700 -0.270000 0.027500
v -0.401642 -0.270000 0.027060
v -0.381642 -0.270000 0.007060
v -0.207500 -0.270000 0.000000
v -0.107500 -0.270000 0.000000
v -0.007500 -0.270000 0.000000
v -0.033528 -0.270000 0.006650
v -0.015440 -0.270000 0.025858
v -0.034150 -0.270000 0.008972
v -0.016472 -0.270000 0.028350
v -0.016700 -0.270000 0.027500
v -0.034150 -0.270000 0.006028
v -0.033528 -0.270000 0.008350
v -0.033798 -0.270000 0.008702
v -0.014560 -0.270000 0.025858
v -0.014150 -0.270000 0.026028
v -0.034560 -0.270000 0.005858
v -0.035000 -0.270000 0.009200
v -0.033300 -0.270000 0.007500
v -0.035440 -0.270000 0.005858
v -0.013528 -0.270000 0.028350
v -0.013798 -0.270000 0.028702
v -0.013300 -0.270000 0.027500
v -0.015850 -0.270000 0.028972
v -0.013528 -0.270000 0.026650
v -0.036472 -0.270000 0.008350
v -0.015000 -0.270000 0.029200
v -0.014150 -0.270000 0.028972
v -0.016202 -0.270000 0.026298
v -0.035850 -0.270000 0.008972
v -0.036202 -0.270000 0.006298
v -0.016642 -0.270000 0.027060
v -0.036700 -0.270000 0.007500
v -0.036642 -0.270000 0.007060
v -0.307500 0.269000 0.176000
v -0.407500 0.269000 0.176000
v -0.407500 0.256000 0.176000
v -0.207500 0.269000 0.176000
v -0.307500 0.256000 0.176000
v -0.107500 0.269000 0.176000
v -0.207500 0.256000 0.176000
v -0.007500 0.269000 0.176000
v -0.107500 0.256000 0.176000
v -0.007500 0.256000 0.176000
v -0.307500 0.256000 0.176000
v -0.407500 0.256000 0.176000
v -0.407500 0.256000 0.189000
v -0.207500 0.256000 0.176000
v -0.307500 0.256000 0.189000
v -0.107500 0.256000 0.176000
v -0.207500 0.256000 0.189000
v -0.007500 0.256000 0.176000
v -0.107500 0.256000 0.189000
v -0.007500 0.256000 0.189000
v -0.307500 0.256000 0.189000
v -0.407500 0.256000 0.189000
v -0.407500 0.269000 0.189000
v -0.207500 0.256000 0.189000
v -0.307500 0.269000 0.189000
v -0.107500 0.256000 0.189000
v -0.207500 0.269000 0.189000
v -0.007500 0.256000 0.189000
v -0.107500 0.269000 0.189000
v -0.007500 0.269000 0.189000
v -0.307500 0.269000 0.189000
v -0.407500 0.269000 0.189000
v -0.407500 0.269000 0.176000
v -0.207500 0.269000 0.189000
v -0.307500 0.269000 0.176000
v -0.107500 0.269000 0.189000
v -0.207500 0.269000 0.176000
v -0.007500 0.269000 0.189000
v -0.107500 0.269000 0.176000
v -0.007500 0.269000 0.176000
v -0.007500 0.270000 0.175000
v -0.007500 0.255000 0.175000
v -0.107500 0.255000 0.175000
v -0.107500 0.270000 0.175000
v -0.207500 0.255000 0.175000
v -0.207500 0.270000 0.175000
v -0.307500 0.255000 0.175000
v -0.307500 0.270000 0.175000
v -0.407500 0.255000 0.175000
v -0.407500 0.270000 0.175000
v -0.007500 0.255000 0.175000
v -0.007500 0.255000 0.190000
v -0.107500 0.255000 0.190000
v -0.107500 0.255000 0.175000
v -0.207500 0.255000 0.190000
v -0.207500 0.255000 0.175000
v -0.307500 0.255000 0.190000
v -0.307500 0.255000 0.175000
v -0.407500 0.255000 0.190000
v -0.407500 0.255000 0.175000
v -0.007500 0.255000 0.190000
v -0.007500 0.270000 0.190000
v -0.107500 0.270000 0.190000
v -0.107500 0.255000 0.190000
v -0.207500 0.270000 0.190000
v -0.207500 0.255000 0.190000
v -0.307500 0.270000 0.190000
v -0.307500 0.255000 0.190000
v -0.407500 0.270000 0.190000
v -0.407500 0.255000 0.190000
v -0.007500 0.270000 0.190000
v -0.007500 0.270000 0.175000
v -0.107500 0.270000 0.175000
v -0.107500 0.270000 0.190000
v -0.207500 0.270000 0.175000
v -0.207500 0.270000 0.190000
v -0.307500 0.270000 0.175000
v -0.307500 0.270000 0.190000
v -0.407500 0.270000 0.175000
v -0.407500 0.270000 0.190000
v -0.407500 0.270000 0.175000
v -0.407500 0.269000 0.176000
v -0.407500 0.269000 0.189000
v -0.407500 0.255000 0.175000
v -0.407500 0.256000 0.176000
v -0.407500 0.255000 0.190000
v -0.407500 0.256000 0.189000
v -0.407500 0.270000 0.190000
v -0.007500 0.255000 0.190000
v -0.007500 0.256000 0.189000
v -0.007500 0.269000 0.189000
v -0.007500 0.255000 0.175000
v -0.007500 0.256000 0.176000
v -0.007500 0.270000 0.175000
v -0.007500 0.269000 0.176000
v -0.007500 0.270000 0.190000
v -0.406500 -0.153000 0.001000
v -0.406500 -0.255000 0.001000
v -0.393500 -0.255000 0.001000
v -0.406500 -0.051000 0.001000
v -0.393500 -0.153000 0.001000
v -0.406500 0.051000 0.001000
v -0.393500 -0.051000 0.001000
v -0.406500 0.153000 0.001000
v -0.393500 0.051000 0.001000
v -0.406500 0.255000 0.001000
v -0.393500 0.153000 0.001000
v -0.393500 0.255000 0.001000
v -0.393500 -0.153000 0.001000
v -0.393500 -0.255000 0.001000
v -0.393500 -0.255000 0.014000
v -0.393500 -0.051000 0.001000
v -0.393500 -0.153000 0.014000
v -0.393500 0.051000 0.001000
v -0.393500 -0.051000 0.014000
v -0.393500 0.153000 0.001000
v -0.393500 0.051000 0.014000
v -0.393500 0.255000 0.001000
v -0.393500 0.153000 0.014000
v -0.393500 0.255000 0.014000
v -0.393500 -0.153000 0.014000
v -0.393500 -0.255000 0.014000
v -0.406500 -0.255000 0.014000
v -0.393500 -0.051000 0.014000
v -0.406500 -0.153000 0.014000
v -0.393500 0.051000 0.014000
v -0.406500 -0.051000 0.014000
v -0.393500 0.153000 0.014000
v -0.406500 0.051000 0.014000
v -0.393500 0.255000 0.014000
v -0.406500 0.153000 0.014000
v -0.406500 0.255000 0.014000
v -0.406500 -0.153000 0.014000
v -0.406500 -0.255000 0.014000
v -0.406500 -0.255000 0.001000
v -0.406500 -0.051000 0.014000
v -0.406500 -0.153000 0.001000
v -0.406500 0.051000 0.014000
v -0.406500 -0.051000 0.001000
v -0.406500 0.153000 0.014000
v -0.406500 0.051000 0.001000
v -0.406500 0.255000 0.014000
v -0.406500 0.153000 0.001000
v -0.406500 0.255000 0.001000
v -0.407500 0.255000 0.000000
v -0.392500 0.255000 0.000000
v -0.392500 0.153000 0.000000
v -0.407500 0.153000 0.000000
v -0.392500 0.051000 0.000000
v -0.407500 0.051000 0.000000
v -0.392500 -0.051000 0.000000
v -0.407500 -0.051000 0.000000
v -0.392500 -0.153000 0.000000
v -0.407500 -0.153000 0.000000
v -0.392500 -0.255000 0.000000
v -0.407500 -0.255000 0.000000
v -0.392500 0.255000 0.000000
v -0.392500 0.255000 0.015000
v -0.392500 0.153000 0.015000
v -0.392500 0.153000 0.000000
v -0.392500 0.051000 0.015000
v -0.392500 0.051000 0.000000
v -0.392500 -0.051000 0.015000
v -0.392500 -0.051000 0.000000
v -0.392500 -0.153000 0.015000
v -0.392500 -0.153000 0.000000
v -0.392500 -0.255000 0.015000
v -0.392500 -0.255000 0.000000
v -0.392500 0.255000 0.015000
v -0.407500 0.255000 0.015000
v -0.407500 0.153000 0.015000
v -0.392500 0.153000 0.015000
v -0.407500 0.051000 0.015000
v -0.392500 0.051000 0.015000
v -0.407500 -0.051000 0.015000
v -0.392500 -0.051000 0.015000
v -0.407500 -0.153000 0.015000
v -0.392500 -0.153000 0.015000
v -0.407500 -0.255000 0.015000
v -0.392500 -0.255000 0.015000
v -0.407500 0.255000 0.015000
v -0.407500 0.255000 0.000000
v -0.407500 0.153000 0.000000
v -0.407500 0.153000 0.015000
v -0.407500 0.051000 0.000000
v -0.407500 0.051000 0.015000
v -0.407500 -0.051000 0.000000
v -0.407500 -0.051000 0.015000
v -0.407500 -0.153000 0.000000
v -0.407500 -0.153000 0.015000
v -0.407500 -0.255000 0.000000
v -0.407500 -0.255000 0.015000
v -0.407500 -0.255000 0.000000
v -0.406500 -0.255000 0.001000
v -0.406500 -0.255000 0.014000
v -0.392500 -0.255000 0.000000
v -0.393500 -0.255000 0.001000
v -0.392500 -0.255000 0.015000
v -0.393500 -0.255000 0.014000
v -0.407500 -0.255000 0.015000
v -0.392500 0.255000 0.015000
v -0.393500 0.255000 0.014000
v -0.406500 0.255000 0.014000
v -0.392500 0.255000 0.000000
v -0.393500 0.255000 0.001000
v -0.407500 0.255000 0.000000
v -0.406500 0.255000 0.001000
v -0.407500 0.255000 0.015000
v -0.021500 0.256000 0.095000
v -0.021500 0.256000 0.175000
v -0.008500 0.256000 0.175000
v -0.021500 0.256000 0.015000
v -0.008500 0.256000 0.095000
v -0.008500 0.256000 0.015000
v -0.008500 0.256000 0.095000
v -0.008500 0.256000 0.175000
v -0.008500 0.269000 0.175000
v -0.008500 0.256000 0.015000
v -0.008500 0.269000 0.095000
v -0.008500 0.269000 0.015000
v -0.008500 0.269000 0.095000
v -0.008500 0.269000 0.175000
v -0.021500 0.269000 0.175000
v -0.008500 0.269000 0.015000
v -0.021500 0.269000 0.095000
v -0.021500 0.269000 0.015000
v -0.021500 0.269000 0.095000
v -0.021500 0.269000 0.175000
v -0.021500 0.256000 0.175000
v -0.021500 0.269000 0.015000
v -0.021500 0.256000 0.095000
v -0.021500 0.256000 0.015000
v -0.022500 0.255000 0.015000
v -0.007500 0.255000 0.015000
v -0.007500 0.255000 0.095000
v -0.022500 0.255000 0.095000
v -0.007500 0.255000 0.175000
v -0.022500 0.255000 0.175000
v -0.007500 0.255000 0.015000
v -0.007500 0.270000 0.015000
v -0.007500 0.270000 0.095000
v -0.007500 0.255000 0.095000
v -0.007500 0.270000 0.175000
v -0.007500 0.255000 0.175000
v -0.007500 0.270000 0.015000
v -0.022500 0.270000 0.015000
v -0.022500 0.270000 0.095000
v -0.007500 0.270000 0.095000
v -0.022500 0.270000 0.175000
v -0.007500 0.270000 0.175000
v -0.022500 0.270000 0.015000
v -0.022500 0.255000 0.015000
v -0.022500 0.255000 0.095000
v -0.022500 0.270000 0.095000
v -0.022500 0.255000 0.175000
v -0.022500 0.270000 0.175000
v -0.022500 0.270000 0.175000
v -0.022500 0.255000 0.175000
v -0.021500 0.256000 0.175000
v -0.007500 0.255000 0.175000
v -0.008500 0.256000 0.175000
v -0.007500 0.270000 0.175000
v -0.008500 0.269000 0.175000
v -0.021500 0.269000 0.175000
v -0.022500 0.270000 0.015000
v -0.007500 0.270000 0.015000
v -0.008500 0.269000 0.015000
v -0.007500 0.255000 0.015000
v -0.008500 0.256000 0.015000
v -0.022500 0.255000 0.015000
v -0.021500 0.256000 0.015000
v -0.021500 0.269000 0.015000
v -0.021500 -0.269000 0.095000
v -0.021500 -0.269000 0.175000
v -0.008500 -0.269000 0.175000
v -0.021500 -0.269000 0.015000
v -0.008500 -0.269000 0.095000
v -0.008500 -0.269000 0.015000
v -0.008500 -0.269000 0.095000
v -0.008500 -0.269000 0.175000
v -0.008500 -0.256000 0.175000
v -0.008500 -0.269000 0.015000
v -0.008500 -0.256000 0.095000
v -0.008500 -0.256000 0.015000
v -0.008500 -0.256000 0.095000
v -0.008500 -0.256000 0.175000
v -0.021500 -0.256000 0.175000
v -0.008500 -0.256000 0.015000
v -0.021500 -0.256000 0.095000
v -0.021500 -0.256000 0.015000
v -0.021500 -0.256000 0.095000
v -0.021500 -0.256000 0.175000
v -0.021500 -0.269000 0.175000
v -0.021500 -0.256000 0.015000
v -0.021500 -0.269000 0.095000
v -0.021500 -0.269000 0.015000
v -0.022500 -0.270000 0.015000
v -0.007500 -0.270000 0.015000
v -0.007500 -0.270000 0.095000
v -0.022500 -0.270000 0.095000
v -0.007500 -0.270000 0.175000
v -0.022500 -0.270000 0.175000
v -0.007500 -0.270000 0.015000
v -0.007500 -0.255000 0.015000
v -0.007500 -0.255000 0.095000
v -0.007500 -0.270000 0.095000
v -0.007500 -0.255000 0.175000
v -0.007500 -0.270000 0.175000
v -0.007500 -0.255000 0.015000
v -0.022500 -0.255000 0.015000
v -0.022500 -0.255000 0.095000
v -0.007500 -0.255000 0.095000
v -0.022500 -0.255000 0.175000
v -0.007500 -0.255000 0.175000
v -0.022500 -0.255000 0.015000
v -0.022500 -0.270000 0.015000
v -0.022500 -0.270000 0.095000
v -0.022500 -0.255000 0.095000
v -0.022500 -0.270000 0.175000
v -0.022500 -0.255000 0.175000
v -0.022500 -0.255000 0.175000
v -0.022500 -0.270000 0.175000
v -0.021500 -0.269000 0.175000
v -0.007500 -0.270000 0.175000
v -0.008500 -0.269000 0.175000
v -0.007500 -0.255000 0.175000
v -0.008500 -0.256000 0.175000
v -0.021500 -0.256000 0.175000
v -0.022500 -0.255000 0.015000
v -0.007500 -0.255000 0.015000
v -0.008500 -0.256000 0.015000
v -0.007500 -0.270000 0.015000
v -0.008500 -0.269000 0.015000
v -0.022500 -0.270000 0.015000
v -0.021500 -0.269000 0.015000
v -0.021500 -0.256000 0.015000
v -0.307500 -0.256000 0.176000
v -0.407500 -0.256000 0.176000
v -0.407500 -0.269000 0.176000
v -0.207500 -0.256000 0.176000
v -0.307500 -0.269000 0.176000
v -0.107500 -0.256000 0.176000
v -0.207500 -0.269000 0.176000
v -0.007500 -0.256000 0.176000
v -0.107500 -0.269000 0.176000
v -0.007500 -0.269000 0.176000
v -0.307500 -0.269000 0.176000
v -0.407500 -0.269000 0.176000
v -0.407500 -0.269000 0.189000
v -0.207500 -0.269000 0.176000
v -0.307500 -0.269000 0.189000
v -0.107500 -0.269000 0.176000
v -0.207500 -0.269000 0.189000
v -0.007500 -0.269000 0.176000
v -0.107500 -0.269000 0.189000
v -0.007500 -0.269000 0.189000
v -0.307500 -0.269000 0.189000
v -0.407500 -0.269000 0.189000
v -0.407500 -0.256000 0.189000
v -0.207500 -0.269000 0.189000
v -0.307500 -0.256000 0.189000
v -0.107500 -0.269000 0.189000
v -0.207500 -0.256000 0.189000
v -0.007500 -0.269000 0.189000
v -0.107500 -0.256000 0.189000
v -0.007500 -0.256000 0.189000
v -0.307500 -0.256000 0.189000
v -0.407500 -0.256000 0.189000
v -0.407500 -0.256000 0.176000
v -0.207500 -0.256000 0.189000
v -0.307500 -0.256000 0.176000
v -0.107500 -0.256000 0.189000
v -0.207500 -0.256000 0.176000
v -0.007500 -0.256000 0.189000
v -0.107500 -0.256000 0.176000
v -0.007500 -0.256000 0.176000
v -0.007500 -0.255000 0.175000
v -0.007500 -0.270000 0.175000
v -0.107500 -0.270000 0.175000
v -0.107500 -0.255000 0.175000
v -0.207500 -0.270000 0.175000
v -0.207500 -0.255000 0.175000
v -0.307500 -0.270000 0.175000
v -0.307500 -0.255000 0.175000
v -0.407500 -0.270000 0.175000
v -0.407500 -0.255000 0.175000
v -0.007500 -0.270000 0.175000
v -0.007500 -0.270000 0.190000
v -0.107500 -0.270000 0.190000
v -0.107500 -0.270000 0.175000
v -0.207500 -0.270000 0.190000
v -0.207500 -0.270000 0.175000
v -0.307500 -0.270000 0.190000
v -0.307500 -0.270000 0.175000
v -0.407500 -0.270000 0.190000
v -0.407500 -0.270000 0.175000
v -0.007500 -0.270000 0.190000
v -0.007500 -0.255000 0.190000
v -0.107500 -0.255000 0.190000
v -0.107500 -0.270000 0.190000
v -0.207500 -0.255000 0.190000
v -0.207500 -0.270000 0.190000
v -0.307500 -0.255000 0.190000
v -0.307500 -0.270000 0.190000
v -0.407500 -0.255000 0.190000
v -0.407500 -0.270000 0.190000
v -0.007500 -0.255000 0.190000
v -0.007500 -0.255000 0.175000
v -0.107500 -0.255000 0.175000
v -0.107500 -0.255000 0.190000
v -0.207500 -0.255000 0.175000
v -0.207500 -0.255000 0.190000
v -0.307500 -0.255000 0.175000
v -0.307500 -0.255000 0.190000
v -0.407500 -0.255000 0.175000
v -0.407500 -0.255000 0.190000
v -0.407500 -0.255000 0.175000
v -0.407500 -0.256000 0.176000
v -0.407500 -0.256000 0.189000
v -0.407500 -0.270000 0.175000
v -0.407500 -0.269000 0.176000
v -0.407500 -0.270000 0.190000
v -0.407500 -0.269000 0.189000
v -0.407500 -0.255000 0.190000
v -0.007500 -0.270000 0.190000
v -0.007500 -0.269000 0.189000
v -0.007500 -0.256000 0.189000
v -0.007500 -0.270000 0.175000
v -0.007500 -0.269000 0.176000
v -0.007500 -0.255000 0.175000
v -0.007500 -0.256000 0.176000
v -0.007500 -0.255000 0.190000
v -0.021500 -0.153000 0.001000
v -0.021500 -0.255000 0.001000
v -0.008500 -0.255000 0.001000
v -0.021500 -0.051000 0.001000
v -0.008500 -0.153000 0.001000
v -0.021500 0.051000 0.001000
v -0.008500 -0.051000 0.001000
v -0.021500 0.153000 0.001000
v -0.008500 0.051000 0.001000
v -0.021500 0.255000 0.001000
v -0.008500 0.153000 0.001000
v -0.008500 0.255000 0.001000
v -0.008500 -0.153000 0.001000
v -0.008500 -0.255000 0.001000
v -0.008500 -0.255000 0.014000
v -0.008500 -0.051000 0.001000
v -0.008500 -0.153000 0.014000
v -0.008500 0.051000 0.001000
v -0.008500 -0.051000 0.014000
v -0.008500 0.153000 0.001000
v -0.008500 0.051000 0.014000
v -0.008500 0.255000 0.001000
v -0.008500 0.153000 0.014000
v -0.008500 0.255000 0.014000
v -0.008500 -0.153000 0.014000
v -0.008500 -0.255000 0.014000
v -0.021500 -0.255000 0.014000
v -0.008500 -0.051000 0.014000
v -0.021500 -0.153000 0.014000
v -0.008500 0.051000 0.014000
v -0.021500 -0.051000 0.014000
v -0.008500 0.153000 0.014000
v -0.021500 0.051000 0.014000
v -0.008500 0.255000 0.014000
v -0.021500 0.153000 0.014000
v -0.021500 0.255000 0.014000
v -0.021500 -0.153000 0.014000
v -0.021500 -0.255000 0.014000
v -0.021500 -0.255000 0.001000
v -0.021500 -0.051000 0.014000
v -0.021500 -0.153000 0.001000
v -0.021500 0.051000 0.014000
v -0.021500 -0.051000 0.001000
v -0.021500 0.153000 0.014000
v -0.021500 0.051000 0.001000
v -0.021500 0.255000 0.014000
v -0.021500 0.153000 0.001000
v -0.021500 0.255000 0.001000
v -0.022500 0.255000 0.000000
v -0.007500 0.255000 0.000000
v -0.007500 0.153000 0.000000
v -0.022500 0.153000 0.000000
v -0.007500 0.051000 0.000000
v -0.022500 0.051000 0.000000
v -0.007500 -0.051000 0.000000
v -0.022500 -0.051000 0.000000
v -0.007500 -0.153000 0.000000
v -0.022500 -0.153000 0.000000
v -0.007500 -0.255000 0.000000
v -0.022500 -0.255000 0.000000
v -0.007500 0.255000 0.000000
v -0.007500 0.255000 0.015000
v -0.007500 0.153000 0.015000
v -0.007500 0.153000 0.000000
v -0.007500 0.051000 0.015000
v -0.007500 0.051000 0.000000
v -0.007500 -0.051000 0.015000
v -0.007500 -0.051000 0.000000
v -0.007500 -0.153000 0.015000
v -0.007500 -0.153000 0.000000
v -0.007500 -0.255000 0.015000
v -0.007500 -0.255000 0.000000
v -0.007500 0.255000 0.015000
v -0.022500 0.255000 0.015000
v -0.022500 0.153000 0.015000
v -0.007500 0.153000 0.015000
v -0.022500 0.051000 0.015000
v -0.007500 0.051000 0.015000
v -0.022500 -0.051000 0.015000
v -0.007500 -0.051000 0.015000
v -0.022500 -0.153000 0.015000
v -0.007500 -0.153000 0.015000
v -0.022500 -0.255000 0.015000
v -0.007500 -0.255000 0.015000
v -0.022500 0.255000 0.015000
v -0.022500 0.255000 0.000000
v -0.022500 0.153000 0.000000
v -0.022500 0.153000 0.015000
v -0.022500 0.051000 0.000000
v -0.022500 0.051000 0.015000
v -0.022500 -0.051000 0.000000
v -0.022500 -0.051000 0.015000
v -0.022500 -0.153000 0.000000
v -0.022500 -0.153000 0.015000
v -0.022500 -0.255000 0.000000
v -0.022500 -0.255000 0.015000
v -0.022500 -0.255000 0.000000
v -0.021500 -0.255000 0.001000
v -0.021500 -0.255000 0.014000
v -0.007500 -0.255000 0.000000
v -0.008500 -0.255000 0.001000
v -0.007500 -0.255000 0.015000
v -0.008500 -0.255000 0.014000
v -0.022500 -0.255000 0.015000
v -0.007500 0.255000 0.015000
v -0.008500 0.255000 0.014000
v -0.021500 0.255000 0.014000
v -0.007500 0.255000 0.000000
v -0.008500 0.255000 0.001000
v -0.022500 0.255000 0.000000
v -0.021500 0.255000 0.001000
v -0.022500 0.255000 0.015000
v -0.021500 -0.153000 0.176000
v -0.021500 -0.255000 0.176000
v -0.008500 -0.255000 0.176000
v -0.021500 -0.051000 0.176000
v -0.008500 -0.153000 0.176000
v -0.021500 0.051000 0.176000
v -0.008500 -0.051000 0.176000
v -0.021500 0.153000 0.176000
v -0.008500 0.051000 0.176000
v -0.021500 0.255000 0.176000
v -0.008500 0.153000 0.176000
v -0.008500 0.255000 0.176000
v -0.008500 -0.153000 0.176000
v -0.008500 -0.255000 0.176000
v -0.008500 -0.255000 0.189000
v -0.008500 -0.051000 0.176000
v -0.008500 -0.153000 0.189000
v -0.008500 0.051000 0.176000
v -0.008500 -0.051000 0.189000
v -0.008500 0.153000 0.176000
v -0.008500 0.051000 0.189000
v -0.008500 0.255000 0.176000
v -0.008500 0.153000 0.189000
v -0.008500 0.255000 0.189000
v -0.008500 -0.153000 0.189000
v -0.008500 -0.255000 0.189000
v -0.021500 -0.255000 0.189000
v -0.008500 -0.051000 0.189000
v -0.021500 -0.153000 0.189000
v -0.008500 0.051000 0.189000
v -0.021500 -0.051000 0.189000
v -0.008500 0.153000 0.189000
v -0.021500 0.051000 0.189000
v -0.008500 0.255000 0.189000
v -0.021500 0.153000 0.189000
v -0.021500 0.255000 0.189000
v -0.021500 -0.153000 0.189000
v -0.021500 -0.255000 0.189000
v -0.021500 -0.255000 0.176000
v -0.021500 -0.051000 0.189000
v -0.021500 -0.153000 0.176000
v -0.021500 0.051000 0.189000
v -0.021500 -0.051000 0.176000
v -0.021500 0.153000 0.189000
v -0.021500 0.051000 0.176000
v -0.021500 0.255000 0.189000
v -0.021500 0.153000 0.176000
v -0.021500 0.255000 0.176000
v -0.022500 0.255000 0.175000
v -0.007500 0.255000 0.175000
v -0.007500 0.153000 0.175000
v -0.022500 0.153000 0.175000
v -0.007500 0.051000 0.175000
v -0.022500 0.051000 0.175000
v -0.007500 -0.051000 0.175000
v -0.022500 -0.051000 0.175000
v -0.007500 -0.153000 0.175000
v -0.022500 -0.153000 0.175000
v -0.007500 -0.255000 0.175000
v -0.022500 -0.255000 0.175000
v -0.007500 0.255000 0.175000
v -0.007500 0.255000 0.190000
v -0.007500 0.153000 0.190000
v -0.007500 0.153000 0.175000
v -0.007500 0.051000 0.190000
v -0.007500 0.051000 0.175000
v -0.007500 -0.051000 0.190000
v -0.007500 -0.051000 0.175000
v -0.007500 -0.153000 0.190000
v -0.007500 -0.153000 0.175000
v -0.007500 -0.255000 0.190000
v -0.007500 -0.255000 0.175000
v -0.007500 0.255000 0.190000
v -0.022500 0.255000 0.190000
v -0.022500 0.153000 0.190000
v -0.007500 0.153000 0.190000
v -0.022500 0.051000 0.190000
v -0.007500 0.051000 0.190000
v -0.022500 -0.051000 0.190000
v -0.007500 -0.051000 0.190000
v -0.022500 -0.153000 0.190000
v -0.007500 -0.153000 0.190000
v -0.022500 -0.255000 0.190000
v -0.007500 -0.255000 0.190000
v -0.022500 0.255000 0.190000
v -0.022500 0.255000 0.175000
v -0.022500 0.153000 0.175000
v -0.022500 0.153000 0.190000
v -0.022500 0.051000 0.175000
v -0.022500 0.051000 0.190000
v -0.022500 -0.051000 0.175000
v -0.022500 -0.051000 0.190000
v -0.022500 -0.153000 0.175000
v -0.022500 -0.153000 0.190000
v -0.022500 -0.255000 0.175000
v -0.022500 -0.255000 0.190000
v -0.022500 -0.255000 0.175000
v -0.021500 -0.255000 0.176000
v -0.021500 -0.255000 0.189000
v -0.007500 -0.255000 0.175000
v -0.008500 -0.255000 0.176000
v -0.007500 -0.255000 0.190000
v -0.008500 -0.255000 0.189000
v -0.022500 -0.255000 0.190000
v -0.007500 0.255000 0.190000
v -0.008500 0.255000 0.189000
v -0.021500 0.255000 0.189000
v -0.007500 0.255000 0.175000
v -0.008500 0.255000 0.176000
v -0.022500 0.255000 0.175000
v -0.021500 0.255000 0.176000
v -0.022500 0.255000 0.190000
v -0.107500 0.256000 0.001000
v -0.007500 0.256000 0.001000
v -0.007500 0.269000 0.001000
v -0.207500 0.256000 0.001000
v -0.107500 0.269000 0.001000
v -0.307500 0.256000 0.001000
v -0.207500 0.269000 0.001000
v -0.407500 0.256000 0.001000
v -0.307500 0.269000 0.001000
v -0.407500 0.269000 0.001000
v -0.107500 0.269000 0.001000
v -0.007500 0.269000 0.001000
v -0.007500 0.269000 0.014000
v -0.207500 0.269000 0.001000
v -0.107500 0.269000 0.014000
v -0.307500 0.269000 0.001000
v -0.207500 0.269000 0.014000
v -0.407500 0.269000 0.001000
v -0.307500 0.269000 0.014000
v -0.407500 0.269000 0.014000
v -0.107500 0.269000 0.014000
v -0.007500 0.269000 0.014000
v -0.007500 0.256000 0.014000
v -0.207500 0.269000 0.014000
v -0.107500 0.256000 0.014000
v -0.307500 0.269000 0.014000
v -0.207500 0.256000 0.014000
v -0.407500 0.269000 0.014000
v -0.307500 0.256000 0.014000
v -0.407500 0.256000 0.014000
v -0.107500 0.256000 0.014000
v -0.007500 0.256000 0.014000
v -0.007500 0.256000 0.001000
v -0.207500 0.256000 0.014000
v -0.107500 0.256000 0.001000
v -0.307500 0.256000 0.014000
v -0.207500 0.256000 0.001000
v -0.407500 0.256000 0.014000
v -0.307500 0.256000 0.001000
v -0.407500 0.256000 0.001000
v -0.407500 0.255000 0.000000
v -0.407500 0.270000 0.000000
v -0.307500 0.270000 0.000000
v -0.307500 0.255000 0.000000
v -0.207500 0.270000 0.000000
v -0.207500 0.255000 0.000000
v -0.107500 0.270000 0.000000
v -0.107500 0.255000 0.000000
v -0.007500 0.270000 0.000000
v -0.007500 0.255000 0.000000
v -0.407500 0.270000 0.000000
v -0.407500 0.270000 0.015000
v -0.307500 0.270000 0.015000
v -0.307500 0.270000 0.000000
v -0.207500 0.270000 0.015000
v -0.207500 0.270000 0.000000
v -0.107500 0.270000 0.015000
v -0.107500 0.270000 0.000000
v -0.007500 0.270000 0.015000
v -0.007500 0.270000 0.000000
v -0.407500 0.270000 0.015000
v -0.407500 0.255000 0.015000
v -0.307500 0.255000 0.015000
v -0.307500 0.270000 0.015000
v -0.207500 0.255000 0.015000
v -0.207500 0.270000 0.015000
v -0.107500 0.255000 0.015000
v -0.107500 0.270000 0.015000
v -0.007500 0.255000 0.015000
v -0.007500 0.270000 0.015000
v -0.407500 0.255000 0.015000
v -0.407500 0.255000 0.000000
v -0.307500 0.255000 0.000000
v -0.307500 0.255000 0.015000
v -0.207500 0.255000 0.000000
v -0.207500 0.255000 0.015000
v -0.107500 0.255000 0.000000
v -0.107500 0.255000 0.015000
v -0.007500 0.255000 0.000000
v -0.007500 0.255000 0.015000
v -0.007500 0.255000 0.000000
v -0.007500 0.256000 0.001000
v -0.007500 0.256000 0.014000
v -0.007500 0.270000 0.000000
v -0.007500 0.269000 0.001000
v -0.007500 0.270000 0.015000
v -0.007500 0.269000 0.014000
v -0.007500 0.255000 0.015000
v -0.407500 0.270000 0.015000
v -0.407500 0.269000 0.014000
v -0.407500 0.256000 0.014000
v -0.407500 0.270000 0.000000
v -0.407500 0.269000 0.001000
v -0.407500 0.255000 0.000000
v -0.407500 0.256000 0.001000
v -0.407500 0.255000 0.015000
v -0.393500 0.256000 0.095000
v -0.393500 0.256000 0.015000
v -0.406500 0.256000 0.015000
v -0.393500 0.256000 0.175000
v -0.406500 0.256000 0.095000
v -0.406500 0.256000 0.175000
v -0.406500 0.256000 0.095000
v -0.406500 0.256000 0.015000
v -0.406500 0.269000 0.015000
v -0.406500 0.256000 0.175000
v -0.406500 0.269000 0.095000
v -0.406500 0.269000 0.175000
v -0.406500 0.269000 0.095000
v -0.406500 0.269000 0.015000
v -0.393500 0.269000 0.015000
v -0.406500 0.269000 0.175000
v -0.393500 0.269000 0.095000
v -0.393500 0.269000 0.175000
v -0.393500 0.269000 0.095000
v -0.393500 0.269000 0.015000
v -0.393500 0.256000 0.015000
v -0.393500 0.269000 0.175000
v -0.393500 0.256000 0.095000
v -0.393500 0.256000 0.175000
v -0.392500 0.255000 0.175000
v -0.407500 0.255000 0.175000
v -0.407500 0.255000 0.095000
v -0.392500 0.255000 0.095000
v -0.407500 0.255000 0.015000
v -0.392500 0.255000 0.015000
v -0.407500 0.255000 0.175000
v -0.407500 0.270000 0.175000
v -0.407500 0.270000 0.095000
v -0.407500 0.255000 0.095000
v -0.407500 0.270000 0.015000
v -0.407500 0.255000 0.015000
v -0.407500 0.270000 0.175000
v -0.392500 0.270000 0.175000
v -0.392500 0.270000 0.095000
v -0.407500 0.270000 0.095000
v -0.392500 0.270000 0.015000
v -0.407500 0.270000 0.015000
v -0.392500 0.270000 0.175000
v -0.392500 0.255000 0.175000
v -0.392500 0.255000 0.095000
v -0.392500 0.270000 0.095000
v -0.392500 0.255000 0.015000
v -0.392500 0.270000 0.015000
v -0.392500 0.270000 0.015000
v -0.392500 0.255000 0.015000
v -0.393500 0.256000 0.015000
v -0.407500 0.255000 0.015000
v -0.406500 0.256000 0.015000
v -0.407500 0.270000 0.015000
v -0.406500 0.269000 0.015000
v -0.393500 0.269000 0.015000
v -0.392500 0.270000 0.175000
v -0.407500 0.270000 0.175000
v -0.406500 0.269000 0.175000
v -0.407500 0.255000 0.175000
v -0.406500 0.256000 0.175000
v -0.392500 0.255000 0.175000
v -0.393500 0.256000 0.175000
v -0.393500 0.269000 0.175000
v -0.406500 -0.269000 0.095000
v -0.406500 -0.269000 0.175000
v -0.393500 -0.269000 0.175000
v -0.406500 -0.269000 0.015000
v -0.393500 -0.269000 0.095000
v -0.393500 -0.269000 0.015000
v -0.393500 -0.269000 0.095000
v -0.393500 -0.269000 0.175000
v -0.393500 -0.256000 0.175000
v -0.393500 -0.269000 0.015000
v -0.393500 -0.256000 0.095000
v -0.393500 -0.256000 0.015000
v -0.393500 -0.256000 0.095000
v -0.393500 -0.256000 0.175000
v -0.406500 -0.256000 0.175000
v -0.393500 -0.256000 0.015000
v -0.406500 -0.256000 0.095000
v -0.406500 -0.256000 0.015000
v -0.406500 -0.256000 0.095000
v -0.406500 -0.256000 0.175000
v -0.406500 -0.269000 0.175000
v -0.406500 -0.256000 0.015000
v -0.406500 -0.269000 0.095000
v -0.406500 -0.269000 0.015000
v -0.407500 -0.270000 0.015000
v -0.392500 -0.270000 0.015000
v -0.392500 -0.270000 0.095000
v -0.407500 -0.270000 0.095000
v -0.392500 -0.270000 0.175000
v -0.407500 -0.270000 0.175000
v -0.392500 -0.270000 0.015000
v -0.392500 -0.255000 0.015000
v -0.392500 -0.255000 0.095000
v -0.392500 -0.270000 0.095000
v -0.392500 -0.255000 0.175000
v -0.392500 -0.270000 0.175000
v -0.392500 -0.255000 0.015000
v -0.407500 -0.255000 0.015000
v -0.407500 -0.255000 0.095000
v -0.392500 -0.255000 0.095000
v -0.407500 -0.255000 0.175000
v -0.392500 -0.255000 0.175000
v -0.407500 -0.255000 0.015000
v -0.407500 -0.270000 0.015000
v -0.407500 -0.270000 0.095000
v -0.407500 -0.255000 0.095000
v -0.407500 -0.270000 0.175000
v -0.407500 -0.255000 0.175000
v -0.407500 -0.255000 0.175000
v -0.407500 -0.270000 0.175000
v -0.406500 -0.269000 0.175000
v -0.392500 -0.270000 0.175000
v -0.393500 -0.269000 0.175000
v -0.392500 -0.255000 0.175000
v -0.393500 -0.256000 0.175000
v -0.406500 -0.256000 0.175000
v -0.407500 -0.255000 0.015000
v -0.392500 -0.255000 0.015000
v -0.393500 -0.256000 0.015000
v -0.392500 -0.270000 0.015000
v -0.393500 -0.269000 0.015000
v -0.407500 -0.270000 0.015000
v -0.406500 -0.269000 0.015000
v -0.406500 -0.256000 0.015000
v -0.307500 -0.256000 0.001000
v -0.407500 -0.256000 0.001000
v -0.407500 -0.269000 0.001000
v -0.207500 -0.256000 0.001000
v -0.307500 -0.269000 0.001000
v -0.107500 -0.256000 0.001000
v -0.207500 -0.269000 0.001000
v -0.007500 -0.256000 0.001000
v -0.107500 -0.269000 0.001000
v -0.007500 -0.269000 0.001000
v -0.307500 -0.269000 0.001000
v -0.407500 -0.269000 0.001000
v -0.407500 -0.269000 0.014000
v -0.207500 -0.269000 0.001000
v -0.307500 -0.269000 0.014000
v -0.107500 -0.269000 0.001000
v -0.207500 -0.269000 0.014000
v -0.007500 -0.269000 0.001000
v -0.107500 -0.269000 0.014000
v -0.007500 -0.269000 0.014000
v -0.307500 -0.269000 0.014000
v -0.407500 -0.269000 0.014000
v -0.407500 -0.256000 0.014000
v -0.207500 -0.269000 0.014000
v -0.307500 -0.256000 0.014000
v -0.107500 -0.269000 0.014000
v -0.207500 -0.256000 0.014000
v -0.007500 -0.269000 0.014000
v -0.107500 -0.256000 0.014000
v -0.007500 -0.256000 0.014000
v -0.307500 -0.256000 0.014000
v -0.407500 -0.256000 0.014000
v -0.407500 -0.256000 0.001000
v -0.207500 -0.256000 0.014000
v -0.307500 -0.256000 0.001000
v -0.107500 -0.256000 0.014000
v -0.207500 -0.256000 0.001000
v -0.007500 -0.256000 0.014000
v -0.107500 -0.256000 0.001000
v -0.007500 -0.256000 0.001000
v -0.007500 -0.255000 0.000000
v -0.007500 -0.270000 0.000000
v -0.107500 -0.270000 0.000000
v -0.107500 -0.255000 0.000000
v -0.207500 -0.270000 0.000000
v -0.207500 -0.255000 0.000000
v -0.307500 -0.270000 0.000000
v -0.307500 -0.255000 0.000000
v -0.407500 -0.270000 0.000000
v -0.407500 -0.255000 0.000000
v -0.007500 -0.270000 0.000000
v -0.007500 -0.270000 0.015000
v -0.107500 -0.270000 0.015000
v -0.107500 -0.270000 0.000000
v -0.207500 -0.270000 0.015000
v -0.207500 -0.270000 0.000000
v -0.307500 -0.270000 0.015000
v -0.307500 -0.270000 0.000000
v -0.407500 -0.270000 0.015000
v -0.407500 -0.270000 0.000000
v -0.007500 -0.270000 0.015000
v -0.007500 -0.255000 0.015000
v -0.107500 -0.255000 0.015000
v -0.107500 -0.270000 0.015000
v -0.207500 -0.255000 0.015000
v -0.207500 -0.270000 0.015000
v -0.307500 -0.255000 0.015000
v -0.307500 -0.270000 0.015000
v -0.407500 -0.255000 0.015000
v -0.407500 -0.270000 0.015000
v -0.007500 -0.255000 0.015000
v -0.007500 -0.255000 0.000000
v -0.107500 -0.255000 0.000000
v -0.107500 -0.255000 0.015000
v -0.207500 -0.255000 0.000000
v -0.207500 -0.255000 0.015000
v -0.307500 -0.255000 0.000000
v -0.307500 -0.255000 0.015000
v -0.407500 -0.255000 0.000000
v -0.407500 -0.255000 0.015000
v -0.407500 -0.255000 0.000000
v -0.407500 -0.256000 0.001000
v -0.407500 -0.256000 0.014000
v -0.407500 -0.270000 0.000000
v -0.407500 -0.269000 0.001000
v -0.407500 -0.270000 0.015000
v -0.407500 -0.269000 0.014000
v -0.407500 -0.255000 0.015000
v -0.007500 -0.270000 0.015000
v -0.007500 -0.269000 0.014000
v -0.007500 -0.256000 0.014000
v -0.007500 -0.270000 0.000000
v -0.007500 -0.269000 0.001000
v -0.007500 -0.255000 0.000000
v -0.007500 -0.256000 0.001000
v -0.007500 -0.255000 0.015000
v -0.036642 0.271000 0.182060
v -0.036700 0.271000 0.182500
v -0.036700 0.270000 0.182500
v -0.036202 0.271000 0.181298
v -0.036642 0.270000 0.182060
v -0.035440 0.271000 0.180858
v -0.036202 0.270000 0.181298
v -0.034560 0.271000 0.180858
v -0.035440 0.270000 0.180858
v -0.034150 0.271000 0.181028
v -0.034560 0.270000 0.180858
v -0.033528 0.271000 0.181650
v -0.034150 0.270000 0.181028
v -0.033300 0.271000 0.182500
v -0.033528 0.270000 0.181650
v -0.033528 0.271000 0.183350
v -0.033300 0.270000 0.182500
v -0.033798 0.271000 0.183702
v -0.033528 0.270000 0.183350
v -0.034150 0.271000 0.183972
v -0.033798 0.270000 0.183702
v -0.035000 0.271000 0.184200
v -0.034150 0.270000 0.183972
v -0.035850 0.271000 0.183972
v -0.035000 0.270000 0.184200
v -0.036472 0.271000 0.183350
v -0.035850 0.270000 0.183972
v -0.036472 0.270000 0.183350
v -0.381642 0.271000 0.182060
v -0.381700 0.271000 0.182500
v -0.381700 0.270000 0.182500
v -0.381202 0.271000 0.181298
v -0.381642 0.270000 0.182060
v -0.380440 0.271000 0.180858
v -0.381202 0.270000 0.181298
v -0.379560 0.271000 0.180858
v -0.380440 0.270000 0.180858
v -0.379150 0.271000 0.181028
v -0.379560 0.270000 0.180858
v -0.378528 0.271000 0.181650
v -0.379150 0.270000 0.181028
v -0.378300 0.271000 0.182500
v -0.378528 0.270000 0.181650
v -0.378528 0.271000 0.183350
v -0.378300 0.270000 0.182500
v -0.378798 0.271000 0.183702
v -0.378528 0.270000 0.183350
v -0.379150 0.271000 0.183972
v -0.378798 0.270000 0.183702
v -0.380000 0.271000 0.184200
v -0.379150 0.270000 0.183972
v -0.380850 0.271000 0.183972
v -0.380000 0.270000 0.184200
v -0.381472 0.271000 0.183350
v -0.380850 0.270000 0.183972
v -0.381472 0.270000 0.183350
v -0.401642 0.271000 0.162060
v -0.401700 0.271000 0.162500
v -0.401700 0.270000 0.162500
v -0.401202 0.271000 0.161298
v -0.401642 0.270000 0.162060
v -0.400440 0.271000 0.160858
v -0.401202 0.270000 0.161298
v -0.399560 0.271000 0.160858
v -0.400440 0.270000 0.160858
v -0.399150 0.271000 0.161028
v -0.399560 0.270000 0.160858
v -0.398528 0.271000 0.161650
v -0.399150 0.270000 0.161028
v -0.398300 0.271000 0.162500
v -0.398528 0.270000 0.161650
v -0.398528 0.271000 0.163350
v -0.398300 0.270000 0.162500
v -0.398798 0.271000 0.163702
v -0.398528 0.270000 0.163350
v -0.399150 0.271000 0.163972
v -0.398798 0.270000 0.163702
v -0.400000 0.271000 0.164200
v -0.399150 0.270000 0.163972
v -0.400850 0.271000 0.163972
v -0.400000 0.270000 0.164200
v -0.401472 0.271000 0.163350
v -0.400850 0.270000 0.163972
v -0.401472 0.270000 0.163350
v -0.401642 0.271000 0.027060
v -0.401700 0.271000 0.027500
v -0.401700 0.270000 0.027500
v -0.401202 0.271000 0.026298
v -0.401642 0.270000 0.027060
v -0.400440 0.271000 0.025858
v -0.401202 0.270000 0.026298
v -0.399560 0.271000 0.025858
v -0.400440 0.270000 0.025858
v -0.399150 0.271000 0.026028
v -0.399560 0.270000 0.025858
v -0.398528 0.271000 0.026650
v -0.399150 0.270000 0.026028
v -0.398300 0.271000 0.027500
v -0.398528 0.270000 0.026650
v -0.398528 0.271000 0.028350
v -0.398300 0.270000 0.027500
v -0.398798 0.271000 0.028702
v -0.398528 0.270000 0.028350
v -0.399150 0.271000 0.028972
v -0.398798 0.270000 0.028702
v -0.400000 0.271000 0.029200
v -0.399150 0.270000 0.028972
v -0.400850 0.271000 0.028972
v -0.400000 0.270000 0.029200
v -0.401472 0.271000 0.028350
v -0.400850 0.270000 0.028972
v -0.401472 0.270000 0.028350
v -0.381642 0.271000 0.007060
v -0.381700 0.271000 0.007500
v -0.381700 0.270000 0.007500
v -0.381202 0.271000 0.006298
v -0.381642 0.270000 0.007060
v -0.380440 0.271000 0.005858
v -0.381202 0.270000 0.006298
v -0.379560 0.271000 0.005858
v -0.380440 0.270000 0.005858
v -0.379150 0.271000 0.006028
v -0.379560 0.270000 0.005858
v -0.378528 0.271000 0.006650
v -0.379150 0.270000 0.006028
v -0.378300 0.271000 0.007500
v -0.378528 0.270000 0.006650
v -0.378528 0.271000 0.008350
v -0.378300 0.270000 0.007500
v -0.378798 0.271000 0.008702
v -0.378528 0.270000 0.008350
v -0.379150 0.271000 0.008972
v -0.378798 0.270000 0.008702
v -0.380000 0.271000 0.009200
v -0.379150 0.270000 0.008972
v -0.380850 0.271000 0.008972
v -0.380000 0.270000 0.009200
v -0.381472 0.271000 0.008350
v -0.380850 0.270000 0.008972
v -0.381472 0.270000 0.008350
v -0.036642 0.271000 0.007060
v -0.036700 0.271000 0.007500
v -0.036700 0.270000 0.007500
v -0.036202 0.271000 0.006298
v -0.036642 0.270000 0.007060
v -0.035440 0.271000 0.005858
v -0.036202 0.270000 0.006298
v -0.034560 0.271000 0.005858
v -0.035440 0.270000 0.005858
v -0.034150 0.271000 0.006028
v -0.034560 0.270000 0.005858
v -0.033528 0.271000 0.006650
v -0.034150 0.270000 0.006028
v -0.033300 0.271000 0.007500
v -0.033528 0.270000 0.006650
v -0.033528 0.271000 0.008350
v -0.033300 0.270000 0.007500
v -0.033798 0.271000 0.008702
v -0.033528 0.270000 0.008350
v -0.034150 0.271000 0.008972
v -0.033798 0.270000 0.008702
v -0.035000 0.271000 0.009200
v -0.034150 0.270000 0.008972
v -0.035850 0.271000 0.008972
v -0.035000 0.270000 0.009200
v -0.036472 0.271000 0.008350
v -0.035850 0.270000 0.008972
v -0.036472 0.270000 0.008350
v -0.016642 0.271000 0.027060
v -0.016700 0.271000 0.027500
v -0.016700 0.270000 0.027500
v -0.016202 0.271000 0.026298
v -0.016642 0.270000 0.027060
v -0.015440 0.271000 0.025858
v -0.016202 0.270000 0.026298
v -0.014560 0.271000 0.025858
v -0.015440 0.270000 0.025858
v -0.014150 0.271000 0.026028
v -0.014560 0.270000 0.025858
v -0.013528 0.271000 0.026650
v -0.014150 0.270000 0.026028
v -0.013300 0.271000 0.027500
v -0.013528 0.270000 0.026650
v -0.013528 0.271000 0.028350
v -0.013300 0.270000 0.027500
v -0.013798 0.271000 0.028702
v -0.013528 0.270000 0.028350
v -0.014150 0.271000 0.028972
v -0.013798 0.270000 0.028702
v -0.015000 0.271000 0.029200
v -0.014150 0.270000 0.028972
v -0.015850 0.271000 0.028972
v -0.015000 0.270000 0.029200
v -0.016472 0.271000 0.028350
v -0.015850 0.270000 0.028972
v -0.016472 0.270000 0.028350
v -0.016642 0.271000 0.162060
v -0.016700 0.271000 0.162500
v -0.016700 0.270000 0.162500
v -0.016202 0.271000 0.161298
v -0.016642 0.270000 0.162060
v -0.015440 0.271000 0.160858
v -0.016202 0.270000 0.161298
v -0.014560 0.271000 0.160858
v -0.015440 0.270000 0.160858
v -0.014150 0.271000 0.161028
v -0.014560 0.270000 0.160858
v -0.013528 0.271000 0.161650
v -0.014150 0.270000 0.161028
v -0.013300 0.271000 0.162500
v -0.013528 0.270000 0.161650
v -0.013528 0.271000 0.163350
v -0.013300 0.270000 0.162500
v -0.013798 0.271000 0.163702
v -0.013528 0.270000 0.163350
v -0.014150 0.271000 0.163972
v -0.013798 0.270000 0.163702
v -0.015000 0.271000 0.164200
v -0.014150 0.270000 0.163972
v -0.015850 0.271000 0.163972
v -0.015000 0.270000 0.164200
v -0.016472 0.271000 0.163350
v -0.015850 0.270000 0.163972
v -0.016472 0.270000 0.163350
v -0.407500 0.270000 0.000000
v -0.407500 0.271000 0.000000
v -0.307500 0.271000 0.000000
v -0.307500 0.270000 0.000000
v -0.207500 0.271000 0.000000
v -0.207500 0.270000 0.000000
v -0.107500 0.271000 0.000000
v -0.107500 0.270000 0.000000
v -0.007500 0.271000 0.000000
v -0.007500 0.270000 0.000000
v -0.007500 0.271000 0.190000
v -0.007500 0.270000 0.190000
v -0.007500 0.270000 0.095000
v -0.007500 0.271000 0.095000
v -0.007500 0.270000 0.000000
v -0.007500 0.271000 0.000000
v -0.407500 0.271000 0.190000
v -0.407500 0.270000 0.190000
v -0.307500 0.270000 0.190000
v -0.307500 0.271000 0.190000
v -0.207500 0.270000 0.190000
v -0.207500 0.271000 0.190000
v -0.107500 0.270000 0.190000
v -0.107500 0.271000 0.190000
v -0.007500 0.270000 0.190000
v -0.007500 0.271000 0.190000
v -0.407500 0.270000 0.190000
v -0.407500 0.271000 0.190000
v -0.407500 0.271000 0.095000
v -0.407500 0.270000 0.095000
v -0.407500 0.271000 0.000000
v -0.407500 0.270000 0.000000
v -0.407500 0.270000 0.095000
v -0.399150 0.270000 0.028972
v -0.398798 0.270000 0.028702
v -0.381202 0.270000 0.006298
v -0.399150 0.270000 0.026028
v -0.399560 0.270000 0.025858
v -0.307500 0.270000 0.000000
v -0.307500 0.270000 0.095000
v -0.378528 0.270000 0.008350
v -0.379150 0.270000 0.008972
v -0.378798 0.270000 0.008702
v -0.380000 0.270000 0.009200
v -0.380850 0.270000 0.008972
v -0.407500 0.270000 0.000000
v -0.380440 0.270000 0.005858
v -0.400000 0.270000 0.029200
v -0.398528 0.270000 0.028350
v -0.398300 0.270000 0.027500
v -0.381642 0.270000 0.007060
v -0.381700 0.270000 0.007500
v -0.401642 0.270000 0.027060
v -0.401700 0.270000 0.027500
v -0.379150 0.270000 0.006028
v -0.379560 0.270000 0.005858
v -0.400850 0.270000 0.028972
v -0.381472 0.270000 0.008350
v -0.398528 0.270000 0.026650
v -0.401202 0.270000 0.026298
v -0.378528 0.270000 0.006650
v -0.401472 0.270000 0.028350
v -0.400440 0.270000 0.025858
v -0.378300 0.270000 0.007500
v -0.207500 0.270000 0.000000
v -0.207500 0.270000 0.095000
v -0.107500 0.270000 0.000000
v -0.035850 0.270000 0.008972
v -0.016642 0.270000 0.027060
v -0.016700 0.270000 0.027500
v -0.107500 0.270000 0.095000
v -0.036472 0.270000 0.008350
v -0.033528 0.270000 0.008350
v -0.015440 0.270000 0.025858
v -0.016202 0.270000 0.026298
v -0.007500 0.270000 0.095000
v -0.013528 0.270000 0.028350
v -0.013300 0.270000 0.027500
v -0.014150 0.270000 0.028972
v -0.013798 0.270000 0.028702
v -0.036700 0.270000 0.007500
v -0.034150 0.270000 0.008972
v -0.033798 0.270000 0.008702
v -0.007500 0.270000 0.000000
v -0.014560 0.270000 0.025858
v -0.013528 0.270000 0.026650
v -0.014150 0.270000 0.026028
v -0.036642 0.270000 0.007060
v -0.015000 0.270000 0.029200
v -0.015850 0.270000 0.028972
v -0.016472 0.270000 0.028350
v -0.036202 0.270000 0.006298
v -0.035000 0.270000 0.009200
v -0.034560 0.270000 0.005858
v -0.035440 0.270000 0.005858
v -0.033528 0.270000 0.006650
v -0.034150 0.270000 0.006028
v -0.033300 0.270000 0.007500
v -0.407500 0.270000 0.190000
v -0.400850 0.270000 0.163972
v -0.381642 0.270000 0.182060
v -0.401472 0.270000 0.163350
v -0.307500 0.270000 0.190000
v -0.379150 0.270000 0.183972
v -0.378798 0.270000 0.183702
v -0.381700 0.270000 0.182500
v -0.401642 0.270000 0.162060
v -0.401700 0.270000 0.162500
v -0.399150 0.270000 0.161028
v -0.398528 0.270000 0.163350
v -0.380440 0.270000 0.180858
v -0.381202 0.270000 0.181298
v -0.398300 0.270000 0.162500
v -0.379150 0.270000 0.181028
v -0.378528 0.270000 0.183350
v -0.380000 0.270000 0.184200
v -0.399560 0.270000 0.160858
v -0.399150 0.270000 0.163972
v -0.398798 0.270000 0.163702
v -0.379560 0.270000 0.180858
v -0.381472 0.270000 0.183350
v -0.401202 0.270000 0.161298
v -0.398528 0.270000 0.161650
v -0.378528 0.270000 0.181650
v -0.380850 0.270000 0.183972
v -0.400000 0.270000 0.164200
v -0.378300 0.270000 0.182500
v -0.400440 0.270000 0.160858
v -0.207500 0.270000 0.190000
v -0.033798 0.270000 0.183702
v -0.015850 0.270000 0.163972
v -0.015000 0.270000 0.164200
v -0.034560 0.270000 0.180858
v -0.016202 0.270000 0.161298
v -0.007500 0.270000 0.190000
v -0.014150 0.270000 0.163972
v -0.013798 0.270000 0.163702
v -0.034150 0.270000 0.183972
v -0.015440 0.270000 0.160858
v -0.013528 0.270000 0.163350
v -0.035000 0.270000 0.184200
v -0.107500 0.270000 0.190000
v -0.035850 0.270000 0.183972
v -0.033528 0.270000 0.183350
v -0.033300 0.270000 0.182500
v -0.016642 0.270000 0.162060
v -0.016700 0.270000 0.162500
v -0.035440 0.270000 0.180858
v -0.033528 0.270000 0.181650
v -0.034150 0.270000 0.181028
v -0.016472 0.270000 0.163350
v -0.036642 0.270000 0.182060
v -0.036700 0.270000 0.182500
v -0.036202 0.270000 0.181298
v -0.013528 0.270000 0.161650
v -0.014150 0.270000 0.161028
v -0.014560 0.270000 0.160858
v -0.013300 0.270000 0.162500
v -0.036472 0.270000 0.183350
v -0.407500 0.271000 0.095000
v -0.380440 0.271000 0.180858
v -0.379560 0.271000 0.180858
v -0.307500 0.271000 0.095000
v -0.398528 0.271000 0.161650
v -0.399150 0.271000 0.163972
v -0.381642 0.271000 0.182060
v -0.381202 0.271000 0.181298
v -0.307500 0.271000 0.190000
v -0.378528 0.271000 0.183350
v -0.378798 0.271000 0.183702
v -0.378528 0.271000 0.181650
v -0.379150 0.271000 0.181028
v -0.399150 0.271000 0.161028
v -0.400440 0.271000 0.160858
v -0.399560 0.271000 0.160858
v -0.398528 0.271000 0.163350
v -0.398798 0.271000 0.163702
v -0.379150 0.271000 0.183972
v -0.380000 0.271000 0.184200
v -0.378300 0.271000 0.182500
v -0.398300 0.271000 0.162500
v -0.381700 0.271000 0.182500
v -0.400000 0.271000 0.164200
v -0.407500 0.271000 0.190000
v -0.401202 0.271000 0.161298
v -0.380850 0.271000 0.183972
v -0.381472 0.271000 0.183350
v -0.401700 0.271000 0.162500
v -0.401642 0.271000 0.162060
v -0.400850 0.271000 0.163972
v -0.401472 0.271000 0.163350
v -0.207500 0.271000 0.190000
v -0.207500 0.271000 0.095000
v -0.107500 0.271000 0.190000
v -0.107500 0.271000 0.095000
v -0.013798 0.271000 0.163702
v -0.033528 0.271000 0.181650
v -0.033300 0.271000 0.182500
v -0.007500 0.271000 0.190000
v -0.033528 0.271000 0.183350
v -0.033798 0.271000 0.183702
v -0.013528 0.271000 0.163350
v -0.013300 0.271000 0.162500
v -0.034560 0.271000 0.180858
v -0.034150 0.271000 0.181028
v -0.007500 0.271000 0.095000
v -0.014560 0.271000 0.160858
v -0.014150 0.271000 0.161028
v -0.035000 0.271000 0.184200
v -0.034150 0.271000 0.183972
v -0.036202 0.271000 0.181298
v -0.035440 0.271000 0.180858
v -0.013528 0.271000 0.161650
v -0.015440 0.271000 0.160858
v -0.016700 0.271000 0.162500
v -0.016202 0.271000 0.161298
v -0.036642 0.271000 0.182060
v -0.036700 0.271000 0.182500
v -0.014150 0.271000 0.163972
v -0.035850 0.271000 0.183972
v -0.036472 0.271000 0.183350
v -0.015850 0.271000 0.163972
v -0.016472 0.271000 0.163350
v -0.015000 0.271000 0.164200
v -0.016642 0.271000 0.162060
v -0.380850 0.271000 0.008972
v -0.381472 0.271000 0.008350
v -0.399150 0.271000 0.026028
v -0.400440 0.271000 0.025858
v -0.399560 0.271000 0.025858
v -0.380000 0.271000 0.009200
v -0.398798 0.271000 0.028702
v -0.407500 0.271000 0.000000
v -0.380440 0.271000 0.005858
v -0.379560 0.271000 0.005858
v -0.381700 0.271000 0.007500
v -0.378528 0.271000 0.008350
v -0.378798 0.271000 0.008702
v -0.307500 0.271000 0.000000
v -0.378300 0.271000 0.007500
v -0.398528 0.271000 0.026650
v -0.399150 0.271000 0.028972
v -0.379150 0.271000 0.008972
v -0.379150 0.271000 0.006028
v -0.400000 0.271000 0.029200
v -0.378528 0.271000 0.006650
v -0.398300 0.271000 0.027500
v -0.398528 0.271000 0.028350
v -0.401202 0.271000 0.026298
v -0.381202 0.271000 0.006298
v -0.400850 0.271000 0.028972
v -0.401472 0.271000 0.028350
v -0.401700 0.271000 0.027500
v -0.401642 0.271000 0.027060
v -0.381642 0.271000 0.007060
v -0.207500 0.271000 0.000000
v -0.107500 0.271000 0.000000
v -0.007500 0.271000 0.000000
v -0.033528 0.271000 0.006650
v -0.015440 0.271000 0.025858
v -0.034150 0.271000 0.008972
v -0.016472 0.271000 0.028350
v -0.016700 0.271000 0.027500
v -0.034150 0.271000 0.006028
v -0.033528 0.271000 0.008350
v -0.033798 0.271000 0.008702
v -0.014560 0.271000 0.025858
v -0.014150 0.271000 0.026028
v -0.034560 0.271000 0.005858
v -0.035000 0.271000 0.009200
v -0.033300 0.271000 0.007500
v -0.035440 0.271000 0.005858
v -0.013528 0.271000 0.028350
v -0.013798 0.271000 0.028702
v -0.013300 0.271000 0.027500
v -0.015850 0.271000 0.028972
v -0.013528 0.271000 0.026650
v -0.036472 0.271000 0.008350
v -0.015000 0.271000 0.029200
v -0.014150 0.271000 0.028972
v -0.016202 0.271000 0.026298
v -0.035850 0.271000 0.008972
v -0.036202 0.271000 0.006298
v -0.016642 0.271000 0.027060
v -0.036700 0.271000 0.007500
v -0.036642 0.271000 0.007060
v -0.007500 0.270000 0.095000
v -0.007500 0.270000 0.000000
v -0.007500 0.180000 0.000000
v -0.007500 0.180000 0.095000
v -0.007500 0.090000 0.000000
v -0.007500 0.090000 0.095000
v -0.007500 0.000000 0.000000
v -0.007500 0.000000 0.095000
v -0.007500 -0.090000 0.000000
v -0.007500 -0.090000 0.095000
v -0.007500 -0.180000 0.000000
v -0.007500 -0.180000 0.095000
v -0.007500 -0.270000 0.000000
v -0.007500 0.270000 0.190000
v -0.007500 0.180000 0.190000
v -0.007500 0.090000 0.190000
v -0.007500 0.000000 0.190000
v -0.007500 -0.090000 0.190000
v -0.007500 -0.180000 0.190000
v -0.007500 -0.270000 0.095000
v -0.007500 -0.270000 0.190000
v -0.006500 0.270000 0.190000
v -0.006500 0.180000 0.190000
v -0.006500 0.180000 0.095000
v -0.006500 0.090000 0.190000
v -0.006500 0.090000 0.095000
v -0.006500 0.000000 0.190000
v -0.006500 0.000000 0.095000
v -0.006500 -0.090000 0.190000
v -0.006500 -0.090000 0.095000
v -0.006500 -0.180000 0.190000
v -0.006500 -0.180000 0.095000
v -0.006500 -0.270000 0.190000
v -0.006500 -0.270000 0.095000
v -0.006500 0.270000 0.095000
v -0.006500 0.180000 0.000000
v -0.006500 0.090000 0.000000
v -0.006500 0.000000 0.000000
v -0.006500 -0.090000 0.000000
v -0.006500 -0.180000 0.000000
v -0.006500 -0.270000 0.000000
v -0.006500 0.270000 0.000000
v -0.007500 0.270000 0.000000
v -0.006500 0.270000 0.000000
v -0.006500 0.180000 0.000000
v -0.007500 0.180000 0.000000
v -0.006500 0.090000 0.000000
v -0.007500 0.090000 0.000000
v -0.006500 0.000000 0.000000
v -0.007500 0.000000 0.000000
v -0.006500 -0.090000 0.000000
v -0.007500 -0.090000 0.000000
v -0.006500 -0.180000 0.000000
v -0.007500 -0.180000 0.000000
v -0.006500 -0.270000 0.000000
v -0.007500 -0.270000 0.000000
v -0.006500 -0.270000 0.190000
v -0.007500 -0.270000 0.190000
v -0.007500 -0.270000 0.095000
v -0.006500 -0.270000 0.095000
v -0.007500 -0.270000 0.000000
v -0.006500 -0.270000 0.000000
v -0.006500 0.270000 0.190000
v -0.007500 0.270000 0.190000
v -0.007500 0.180000 0.190000
v -0.006500 0.180000 0.190000
v -0.007500 0.090000 0.190000
v -0.006500 0.090000 0.190000
v -0.007500 0.000000 0.190000
v -0.006500 0.000000 0.190000
v -0.007500 -0.090000 0.190000
v -0.006500 -0.090000 0.190000
v -0.007500 -0.180000 0.190000
v -0.006500 -0.180000 0.190000
v -0.007500 -0.270000 0.190000
v -0.006500 -0.270000 0.190000
v -0.007500 0.270000 0.190000
v -0.006500 0.270000 0.190000
v -0.006500 0.270000 0.095000
v -0.007500 0.270000 0.095000
v -0.006500 0.270000 0.000000
v -0.007500 0.270000 0.000000
v -0.342500 0.032500 0.190000
v -0.342500 0.032500 0.191000
v -0.407500 0.032500 0.191000
v -0.407500 0.032500 0.190000
v -0.342500 0.032500 0.190000
v -0.342500 -0.032500 0.190000
v -0.342500 -0.032500 0.191000
v -0.342500 0.032500 0.191000
v -0.407500 -0.032500 0.190000
v -0.407500 -0.032500 0.191000
v -0.342500 -0.032500 0.191000
v -0.342500 -0.032500 0.190000
v -0.367940 0.264142 0.190000
v -0.367500 0.264200 0.190000
v -0.367500 0.264200 0.191000
v -0.368702 0.263702 0.190000
v -0.367940 0.264142 0.191000
v -0.369142 0.262940 0.190000
v -0.368702 0.263702 0.191000
v -0.369142 0.262060 0.190000
v -0.369142 0.262940 0.191000
v -0.368972 0.261650 0.190000
v -0.369142 0.262060 0.191000
v -0.368350 0.261028 0.190000
v -0.368972 0.261650 0.191000
v -0.367500 0.260800 0.190000
v -0.368350 0.261028 0.191000
v -0.366650 0.261028 0.190000
v -0.367500 0.260800 0.191000
v -0.366298 0.261298 0.190000
v -0.366650 0.261028 0.191000
v -0.366028 0.261650 0.190000
v -0.366298 0.261298 0.191000
v -0.365800 0.262500 0.190000
v -0.366028 0.261650 0.191000
v -0.366028 0.263350 0.190000
v -0.365800 0.262500 0.191000
v -0.366650 0.263972 0.190000
v -0.366028 0.263350 0.191000
v -0.366650 0.263972 0.191000
v -0.047940 0.264142 0.190000
v -0.047500 0.264200 0.190000
v -0.047500 0.264200 0.191000
v -0.048702 0.263702 0.190000
v -0.047940 0.264142 0.191000
v -0.049142 0.262940 0.190000
v -0.048702 0.263702 0.191000
v -0.049142 0.262060 0.190000
v -0.049142 0.262940 0.191000
v -0.048972 0.261650 0.190000
v -0.049142 0.262060 0.191000
v -0.048350 0.261028 0.190000
v -0.048972 0.261650 0.191000
v -0.047500 0.260800 0.190000
v -0.048350 0.261028 0.191000
v -0.046650 0.261028 0.190000
v -0.047500 0.260800 0.191000
v -0.046298 0.261298 0.190000
v -0.046650 0.261028 0.191000
v -0.046028 0.261650 0.190000
v -0.046298 0.261298 0.191000
v -0.045800 0.262500 0.190000
v -0.046028 0.261650 0.191000
v -0.046028 0.263350 0.190000
v -0.045800 0.262500 0.191000
v -0.046650 0.263972 0.190000
v -0.046028 0.263350 0.191000
v -0.046650 0.263972 0.191000
v -0.047940 -0.260858 0.190000
v -0.047500 -0.260800 0.190000
v -0.047500 -0.260800 0.191000
v -0.048702 -0.261298 0.190000
v -0.047940 -0.260858 0.191000
v -0.049142 -0.262060 0.190000
v -0.048702 -0.261298 0.191000
v -0.049142 -0.262940 0.190000
v -0.049142 -0.262060 0.191000
v -0.048972 -0.263350 0.190000
v -0.049142 -0.262940 0.191000
v -0.048350 -0.263972 0.190000
v -0.048972 -0.263350 0.191000
v -0.047500 -0.264200 0.190000
v -0.048350 -0.263972 0.191000
v -0.046650 -0.263972 0.190000
v -0.047500 -0.264200 0.191000
v -0.046298 -0.263702 0.190000
v -0.046650 -0.263972 0.191000
v -0.046028 -0.263350 0.190000
v -0.046298 -0.263702 0.191000
v -0.045800 -0.262500 0.190000
v -0.046028 -0.263350 0.191000
v -0.046028 -0.261650 0.190000
v -0.045800 -0.262500 0.191000
v -0.046650 -0.261028 0.190000
v -0.046028 -0.261650 0.191000
v -0.046650 -0.261028 0.191000
v -0.367940 -0.260858 0.190000
v -0.367500 -0.260800 0.190000
v -0.367500 -0.260800 0.191000
v -0.368702 -0.261298 0.190000
v -0.367940 -0.260858 0.191000
v -0.369142 -0.262060 0.190000
v -0.368702 -0.261298 0.191000
v -0.369142 -0.262940 0.190000
v -0.369142 -0.262060 0.191000
v -0.368972 -0.263350 0.190000
v -0.369142 -0.262940 0.191000
v -0.368350 -0.263972 0.190000
v -0.368972 -0.263350 0.191000
v -0.367500 -0.264200 0.190000
v -0.368350 -0.263972 0.191000
v -0.366650 -0.263972 0.190000
v -0.367500 -0.264200 0.191000
v -0.366298 -0.263702 0.190000
v -0.366650 -0.263972 0.191000
v -0.366028 -0.263350 0.190000
v -0.366298 -0.263702 0.191000
v -0.365800 -0.262500 0.190000
v -0.366028 -0.263350 0.191000
v -0.366028 -0.261650 0.190000
v -0.365800 -0.262500 0.191000
v -0.366650 -0.261028 0.190000
v -0.366028 -0.261650 0.191000
v -0.366650 -0.261028 0.191000
v -0.007500 -0.270000 0.190000
v -0.007500 -0.270000 0.191000
v -0.107500 -0.270000 0.191000
v -0.107500 -0.270000 0.190000
v -0.207500 -0.270000 0.191000
v -0.207500 -0.270000 0.190000
v -0.307500 -0.270000 0.191000
v -0.307500 -0.270000 0.190000
v -0.407500 -0.270000 0.191000
v -0.407500 -0.270000 0.190000
v -0.007500 0.270000 0.190000
v -0.007500 0.270000 0.191000
v -0.007500 0.180000 0.191000
v -0.007500 0.180000 0.190000
v -0.007500 0.090000 0.191000
v -0.007500 0.090000 0.190000
v -0.007500 0.000000 0.191000
v -0.007500 0.000000 0.190000
v -0.007500 -0.090000 0.191000
v -0.007500 -0.090000 0.190000
v -0.007500 -0.180000 0.191000
v -0.007500 -0.180000 0.190000
v -0.007500 -0.270000 0.191000
v -0.007500 -0.270000 0.190000
v -0.007500 0.270000 0.191000
v -0.007500 0.270000 0.190000
v -0.107500 0.270000 0.190000
v -0.107500 0.270000 0.191000
v -0.207500 0.270000 0.190000
v -0.207500 0.270000 0.191000
v -0.307500 0.270000 0.190000
v -0.307500 0.270000 0.191000
v -0.407500 0.270000 0.190000
v -0.407500 0.270000 0.191000
v -0.307500 0.180000 0.191000
v -0.366028 0.261650 0.191000
v -0.366298 0.261298 0.191000
v -0.307500 0.270000 0.191000
v -0.365800 0.262500 0.191000
v -0.366650 0.261028 0.191000
v -0.367500 0.260800 0.191000
v -0.407500 0.270000 0.191000
v -0.367940 0.264142 0.191000
v -0.367500 0.264200 0.191000
v -0.407500 0.180000 0.191000
v -0.368972 0.261650 0.191000
v -0.366028 0.263350 0.191000
v -0.368702 0.263702 0.191000
v -0.368350 0.261028 0.191000
v -0.366650 0.263972 0.191000
v -0.369142 0.262940 0.191000
v -0.369142 0.262060 0.191000
v -0.407500 0.090000 0.191000
v -0.307500 -0.090000 0.191000
v -0.407500 -0.090000 0.191000
v -0.407500 -0.180000 0.191000
v -0.307500 -0.270000 0.191000
v -0.366028 -0.263350 0.191000
v -0.366298 -0.263702 0.191000
v -0.366650 -0.263972 0.191000
v -0.367500 -0.264200 0.191000
v -0.365800 -0.262500 0.191000
v -0.367940 -0.260858 0.191000
v -0.367500 -0.260800 0.191000
v -0.307500 -0.180000 0.191000
v -0.366028 -0.261650 0.191000
v -0.366650 -0.261028 0.191000
v -0.368702 -0.261298 0.191000
v -0.407500 -0.270000 0.191000
v -0.369142 -0.262060 0.191000
v -0.368350 -0.263972 0.191000
v -0.368972 -0.263350 0.191000
v -0.369142 -0.262940 0.191000
v -0.207500 0.270000 0.191000
v -0.207500 0.180000 0.191000
v -0.307500 0.090000 0.191000
v -0.207500 0.090000 0.191000
v -0.307500 0.000000 0.191000
v -0.207500 0.000000 0.191000
v -0.207500 -0.090000 0.191000
v -0.207500 -0.180000 0.191000
v -0.107500 0.270000 0.191000
v -0.107500 0.180000 0.191000
v -0.107500 0.090000 0.191000
v -0.107500 0.000000 0.191000
v -0.107500 -0.090000 0.191000
v -0.107500 -0.180000 0.191000
v -0.207500 -0.270000 0.191000
v -0.007500 0.180000 0.191000
v -0.007500 0.270000 0.191000
v -0.046028 0.261650 0.191000
v -0.046298 0.261298 0.191000
v -0.045800 0.262500 0.191000
v -0.047940 0.264142 0.191000
v -0.047500 0.264200 0.191000
v -0.046650 0.261028 0.191000
v -0.048972 0.261650 0.191000
v -0.046028 0.263350 0.191000
v -0.048702 0.263702 0.191000
v -0.048350 0.261028 0.191000
v -0.046650 0.263972 0.191000
v -0.049142 0.262940 0.191000
v -0.049142 0.262060 0.191000
v -0.047500 0.260800 0.191000
v -0.007500 0.090000 0.191000
v -0.007500 0.000000 0.191000
v -0.007500 -0.090000 0.191000
v -0.007500 -0.270000 0.191000
v -0.046028 -0.263350 0.191000
v -0.046298 -0.263702 0.191000
v -0.045800 -0.262500 0.191000
v -0.047940 -0.260858 0.191000
v -0.047500 -0.260800 0.191000
v -0.046650 -0.263972 0.191000
v -0.007500 -0.180000 0.191000
v -0.046028 -0.261650 0.191000
v -0.048702 -0.261298 0.191000
v -0.107500 -0.270000 0.191000
v -0.049142 -0.262060 0.191000
v -0.048350 -0.263972 0.191000
v -0.048972 -0.263350 0.191000
v -0.046650 -0.261028 0.191000
v -0.049142 -0.262940 0.191000
v -0.047500 -0.264200 0.191000
v -0.342500 -0.032500 0.191000
v -0.342500 0.000000 0.191000
v -0.342500 0.032500 0.191000
v -0.407500 0.032500 0.191000
v -0.407500 -0.032500 0.191000
v -0.007500 0.180000 0.190000
v -0.046650 0.261028 0.190000
v -0.046298 0.261298 0.190000
v -0.007500 0.270000 0.190000
v -0.046028 0.261650 0.190000
v -0.047500 0.260800 0.190000
v -0.107500 0.270000 0.190000
v -0.049142 0.262060 0.190000
v -0.048972 0.261650 0.190000
v -0.045800 0.262500 0.190000
v -0.107500 0.180000 0.190000
v -0.046028 0.263350 0.190000
v -0.048350 0.261028 0.190000
v -0.049142 0.262940 0.190000
v -0.047500 0.264200 0.190000
v -0.046650 0.263972 0.190000
v -0.047940 0.264142 0.190000
v -0.048702 0.263702 0.190000
v -0.007500 0.090000 0.190000
v -0.107500 0.090000 0.190000
v -0.007500 0.000000 0.190000
v -0.107500 0.000000 0.190000
v -0.007500 -0.090000 0.190000
v -0.107500 -0.090000 0.190000
v -0.007500 -0.180000 0.190000
v -0.107500 -0.180000 0.190000
v -0.007500 -0.270000 0.190000
v -0.046650 -0.263972 0.190000
v -0.046298 -0.263702 0.190000
v -0.046028 -0.263350 0.190000
v -0.045800 -0.262500 0.190000
v -0.046028 -0.261650 0.190000
v -0.047500 -0.264200 0.190000
v -0.107500 -0.270000 0.190000
v -0.049142 -0.262940 0.190000
v -0.048972 -0.263350 0.190000
v -0.048350 -0.263972 0.190000
v -0.049142 -0.262060 0.190000
v -0.047500 -0.260800 0.190000
v -0.046650 -0.261028 0.190000
v -0.048702 -0.261298 0.190000
v -0.047940 -0.260858 0.190000
v -0.207500 0.180000 0.190000
v -0.207500 0.090000 0.190000
v -0.207500 0.000000 0.190000
v -0.207500 -0.090000 0.190000
v -0.207500 -0.180000 0.190000
v -0.207500 -0.270000 0.190000
v -0.207500 0.270000 0.190000
v -0.307500 0.180000 0.190000
v -0.307500 0.090000 0.190000
v -0.307500 0.000000 0.190000
v -0.307500 -0.090000 0.190000
v -0.307500 -0.180000 0.190000
v -0.307500 -0.270000 0.190000
v -0.307500 0.270000 0.190000
v -0.366028 0.261650 0.190000
v -0.366650 0.261028 0.190000
v -0.366298 0.261298 0.190000
v -0.407500 0.180000 0.190000
v -0.367500 0.260800 0.190000
v -0.407500 0.270000 0.190000
v -0.369142 0.262060 0.190000
v -0.368972 0.261650 0.190000
v -0.365800 0.262500 0.190000
v -0.407500 0.190833 0.190000
v -0.366028 0.263350 0.190000
v -0.369142 0.262940 0.190000
v -0.367500 0.264200 0.190000
v -0.366650 0.263972 0.190000
v -0.368350 0.261028 0.190000
v -0.367940 0.264142 0.190000
v -0.368702 0.263702 0.190000
v -0.407500 0.111667 0.190000
v -0.407500 0.090000 0.190000
v -0.407500 -0.180000 0.190000
v -0.407500 -0.111667 0.190000
v -0.366650 -0.263972 0.190000
v -0.366298 -0.263702 0.190000
v -0.366028 -0.263350 0.190000
v -0.407500 -0.270000 0.190000
v -0.367500 -0.264200 0.190000
v -0.365800 -0.262500 0.190000
v -0.366028 -0.261650 0.190000
v -0.369142 -0.262940 0.190000
v -0.368972 -0.263350 0.190000
v -0.366650 -0.261028 0.190000
v -0.367500 -0.260800 0.190000
v -0.369142 -0.262060 0.190000
v -0.367940 -0.260858 0.190000
v -0.407500 -0.190833 0.190000
v -0.368350 -0.263972 0.190000
v -0.368702 -0.261298 0.190000
v -0.342500 -0.032500 0.190000
v -0.407500 -0.090000 0.190000
v -0.407500 -0.032500 0.190000
v -0.342500 0.032500 0.190000
v -0.342500 0.000000 0.190000
v -0.407500 0.032500 0.190000
v -0.407500 0.270000 0.191000
v -0.407500 0.270000 0.190000
v -0.407500 0.190833 0.190000
v -0.407500 0.111667 0.190000
v -0.407500 0.111667 0.191000
v -0.407500 0.180000 0.191000
v -0.407500 0.032500 0.190000
v -0.407500 0.032500 0.191000
v -0.407500 0.090000 0.191000
v -0.407500 0.190833 0.191000
v -0.407500 -0.032500 0.190000
v -0.407500 -0.111667 0.190000
v -0.407500 -0.090000 0.191000
v -0.407500 -0.111667 0.191000
v -0.407500 -0.190833 0.190000
v -0.407500 -0.180000 0.191000
v -0.407500 -0.190833 0.191000
v -0.407500 -0.270000 0.190000
v -0.407500 -0.270000 0.191000
v -0.407500 -0.032500 0.191000
v -0.406500 -0.153000 0.176000
v -0.406500 -0.255000 0.176000
v -0.393500 -0.255000 0.176000
v -0.406500 -0.051000 0.176000
v -0.393500 -0.153000 0.176000
v -0.406500 0.051000 0.176000
v -0.393500 -0.051000 0.176000
v -0.406500 0.153000 0.176000
v -0.393500 0.051000 0.176000
v -0.406500 0.255000 0.176000
v -0.393500 0.153000 0.176000
v -0.393500 0.255000 0.176000
v -0.393500 -0.153000 0.176000
v -0.393500 -0.255000 0.176000
v -0.393500 -0.255000 0.189000
v -0.393500 -0.051000 0.176000
v -0.393500 -0.153000 0.189000
v -0.393500 0.051000 0.176000
v -0.393500 -0.051000 0.189000
v -0.393500 0.153000 0.176000
v -0.393500 0.051000 0.189000
v -0.393500 0.255000 0.176000
v -0.393500 0.153000 0.189000
v -0.393500 0.255000 0.189000
v -0.393500 -0.153000 0.189000
v -0.393500 -0.255000 0.189000
v -0.406500 -0.255000 0.189000
v -0.393500 -0.051000 0.189000
v -0.406500 -0.153000 0.189000
v -0.393500 0.051000 0.189000
v -0.406500 -0.051000 0.189000
v -0.393500 0.153000 0.189000
v -0.406500 0.051000 0.189000
v -0.393500 0.255000 0.189000
v -0.406500 0.153000 0.189000
v -0.406500 0.255000 0.189000
v -0.406500 -0.153000 0.189000
v -0.406500 -0.255000 0.189000
v -0.406500 -0.255000 0.176000
v -0.406500 -0.051000 0.189000
v -0.406500 -0.153000 0.176000
v -0.406500 0.051000 0.189000
v -0.406500 -0.051000 0.176000
v -0.406500 0.153000 0.189000
v -0.406500 0.051000 0.176000
v -0.406500 0.255000 0.189000
v -0.406500 0.153000 0.176000
v -0.406500 0.255000 0.176000
v -0.407500 0.255000 0.175000
v -0.392500 0.255000 0.175000
v -0.392500 0.153000 0.175000
v -0.407500 0.153000 0.175000
v -0.392500 0.051000 0.175000
v -0.407500 0.051000 0.175000
v -0.392500 -0.051000 0.175000
v -0.407500 -0.051000 0.175000
v -0.392500 -0.153000 0.175000
v -0.407500 -0.153000 0.175000
v -0.392500 -0.255000 0.175000
v -0.407500 -0.255000 0.175000
v -0.392500 0.255000 0.175000
v -0.392500 0.255000 0.190000
v -0.392500 0.153000 0.190000
v -0.392500 0.153000 0.175000
v -0.392500 0.051000 0.190000
v -0.392500 0.051000 0.175000
v -0.392500 -0.051000 0.190000
v -0.392500 -0.051000 0.175000
v -0.392500 -0.153000 0.190000
v -0.392500 -0.153000 0.175000
v -0.392500 -0.255000 0.190000
v -0.392500 -0.255000 0.175000
v -0.392500 0.255000 0.190000
v -0.407500 0.255000 0.190000
v -0.407500 0.153000 0.190000
v -0.392500 0.153000 0.190000
v -0.407500 0.051000 0.190000
v -0.392500 0.051000 0.190000
v -0.407500 -0.051000 0.190000
v -0.392500 -0.051000 0.190000
v -0.407500 -0.153000 0.190000
v -0.392500 -0.153000 0.190000
v -0.407500 -0.255000 0.190000
v -0.392500 -0.255000 0.190000
v -0.407500 0.255000 0.190000
v -0.407500 0.255000 0.175000
v -0.407500 0.153000 0.175000
v -0.407500 0.153000 0.190000
v -0.407500 0.051000 0.175000
v -0.407500 0.051000 0.190000
v -0.407500 -0.051000 0.175000
v -0.407500 -0.051000 0.190000
v -0.407500 -0.153000 0.175000
v -0.407500 -0.153000 0.190000
v -0.407500 -0.255000 0.175000
v -0.407500 -0.255000 0.190000
v -0.407500 -0.255000 0.175000
v -0.406500 -0.255000 0.176000
v -0.406500 -0.255000 0.189000
v -0.392500 -0.255000 0.175000
v -0.393500 -0.255000 0.176000
v -0.392500 -0.255000 0.190000
v -0.393500 -0.255000 0.189000
v -0.407500 -0.255000 0.190000
v -0.392500 0.255000 0.190000
v -0.393500 0.255000 0.189000
v -0.406500 0.255000 0.189000
v -0.392500 0.255000 0.175000
v -0.393500 0.255000 0.176000
v -0.407500 0.255000 0.175000
v -0.406500 0.255000 0.176000
v -0.407500 0.255000 0.190000
v -0.407500 -0.270000 0.095000
v -0.407500 -0.270000 0.000000
v -0.407500 -0.180000 0.000000
v -0.407500 -0.180000 0.095000
v -0.407500 -0.090000 0.000000
v -0.407500 -0.090000 0.095000
v -0.407500 0.000000 0.000000
v -0.407500 0.000000 0.095000
v -0.407500 0.090000 0.000000
v -0.407500 0.090000 0.095000
v -0.407500 0.180000 0.000000
v -0.407500 0.180000 0.095000
v -0.407500 0.270000 0.000000
v -0.407500 -0.270000 0.190000
v -0.407500 -0.180000 0.190000
v -0.407500 -0.090000 0.190000
v -0.407500 0.000000 0.190000
v -0.407500 0.090000 0.190000
v -0.407500 0.180000 0.190000
v -0.407500 0.270000 0.095000
v -0.407500 0.270000 0.190000
v -0.408500 -0.270000 0.190000
v -0.408500 -0.180000 0.190000
v -0.408500 -0.180000 0.095000
v -0.408500 -0.090000 0.190000
v -0.408500 -0.090000 0.095000
v -0.408500 0.000000 0.190000
v -0.408500 0.000000 0.095000
v -0.408500 0.090000 0.190000
v -0.408500 0.090000 0.095000
v -0.408500 0.180000 0.190000
v -0.408500 0.180000 0.095000
v -0.408500 0.270000 0.190000
v -0.408500 0.270000 0.095000
v -0.408500 -0.270000 0.095000
v -0.408500 -0.180000 0.000000
v -0.408500 -0.090000 0.000000
v -0.408500 0.000000 0.000000
v -0.408500 0.090000 0.000000
v -0.408500 0.180000 0.000000
v -0.408500 0.270000 0.000000
v -0.408500 -0.270000 0.000000
v -0.407500 -0.270000 0.000000
v -0.408500 -0.270000 0.000000
v -0.408500 -0.180000 0.000000
v -0.407500 -0.180000 0.000000
v -0.408500 -0.090000 0.000000
v -0.407500 -0.090000 0.000000
v -0.408500 0.000000 0.000000
v -0.407500 0.000000 0.000000
v -0.408500 0.090000 0.000000
v -0.407500 0.090000 0.000000
v -0.408500 0.180000 0.000000
v -0.407500 0.180000 0.000000
v -0.408500 0.270000 0.000000
v -0.407500 0.270000 0.000000
v -0.408500 0.270000 0.190000
v -0.407500 0.270000 0.190000
v -0.407500 0.270000 0.095000
v -0.408500 0.270000 0.095000
v -0.407500 0.270000 0.000000
v -0.408500 0.270000 0.000000
v -0.408500 -0.270000 0.190000
v -0.407500 -0.270000 0.190000
v -0.407500 -0.180000 0.190000
v -0.408500 -0.180000 0.190000
v -0.407500 -0.090000 0.190000
v -0.408500 -0.090000 0.190000
v -0.407500 0.000000 0.190000
v -0.408500 0.000000 0.190000
v -0.407500 0.090000 0.190000
v -0.408500 0.090000 0.190000
v -0.407500 0.180000 0.190000
v -0.408500 0.180000 0.190000
v -0.407500 0.270000 0.190000
v -0.408500 0.270000 0.190000
v -0.407500 -0.270000 0.190000
v -0.408500 -0.270000 0.190000
v -0.408500 -0.270000 0.095000
v -0.407500 -0.270000 0.095000
v -0.408500 -0.270000 0.000000
v -0.407500 -0.270000 0.000000
v -0.440800 0.041667 -0.012056
v -0.442500 0.041667 -0.011600
v -0.442500 0.125000 -0.011600
v -0.440800 -0.041667 -0.012056
v -0.442500 -0.041667 -0.011600
v -0.440800 -0.125000 -0.012056
v -0.442500 -0.125000 -0.011600
v -0.439556 0.041667 -0.013300
v -0.440800 0.125000 -0.012056
v -0.439556 -0.041667 -0.013300
v -0.439556 -0.125000 -0.013300
v -0.439100 0.041667 -0.015000
v -0.439556 0.125000 -0.013300
v -0.439100 -0.041667 -0.015000
v -0.439100 -0.125000 -0.015000
v -0.439556 0.041667 -0.016700
v -0.439100 0.125000 -0.015000
v -0.439556 -0.041667 -0.016700
v -0.439556 -0.125000 -0.016700
v -0.440800 0.041667 -0.017944
v -0.439556 0.125000 -0.016700
v -0.440800 -0.041667 -0.017944
v -0.440800 -0.125000 -0.017944
v -0.442500 0.041667 -0.018400
v -0.440800 0.125000 -0.017945
v -0.442500 -0.041667 -0.018400
v -0.442500 -0.125000 -0.018400
v -0.444200 0.041667 -0.017944
v -0.442500 0.125000 -0.018400
v -0.444200 -0.041667 -0.017944
v -0.444200 -0.125000 -0.017944
v -0.445444 0.041667 -0.016700
v -0.444200 0.125000 -0.017945
v -0.445444 -0.041667 -0.016700
v -0.445444 -0.125000 -0.016700
v -0.445900 0.041667 -0.015000
v -0.445444 0.125000 -0.016700
v -0.445900 -0.041667 -0.015000
v -0.445900 -0.125000 -0.015000
v -0.445444 0.041667 -0.013300
v -0.445900 0.125000 -0.015000
v -0.445444 -0.041667 -0.013300
v -0.445444 -0.125000 -0.013300
v -0.444200 0.041667 -0.012056
v -0.445444 0.125000 -0.013300
v -0.444200 -0.041667 -0.012056
v -0.444200 -0.125000 -0.012056
v -0.444200 0.125000 -0.012056
v -0.437800 0.125000 -0.000287
v -0.438400 0.125000 -0.000287
v -0.438400 0.041667 -0.000287
v -0.437800 0.041667 -0.000287
v -0.438400 -0.041667 -0.000287
v -0.437800 -0.041667 -0.000287
v -0.438400 -0.125000 -0.000287
v -0.437800 -0.125000 -0.000287
v -0.438400 0.125000 -0.000287
v -0.438400 0.125000 -0.002000
v -0.438400 0.041667 -0.002000
v -0.438400 0.041667 -0.000287
v -0.438400 -0.041667 -0.002000
v -0.438400 -0.041667 -0.000287
v -0.438400 -0.125000 -0.002000
v -0.438400 -0.125000 -0.000287
v -0.438400 0.125000 -0.002000
v -0.434000 0.125000 -0.002000
v -0.434000 0.041667 -0.002000
v -0.438400 0.041667 -0.002000
v -0.434000 -0.041667 -0.002000
v -0.438400 -0.041667 -0.002000
v -0.434000 -0.125000 -0.002000
v -0.438400 -0.125000 -0.002000
v -0.434000 0.125000 -0.002000
v -0.434000 0.125000 -0.004928
v -0.434000 0.041667 -0.004928
v -0.434000 0.041667 -0.002000
v -0.434000 -0.041667 -0.004928
v -0.434000 -0.041667 -0.002000
v -0.434000 -0.125000 -0.004928
v -0.434000 -0.125000 -0.002000
v -0.434000 0.125000 -0.004928
v -0.439005 0.125000 -0.010123
v -0.439005 0.041667 -0.010123
v -0.434000 0.041667 -0.004928
v -0.439005 -0.041667 -0.010123
v -0.434000 -0.041667 -0.004928
v -0.439005 -0.125000 -0.010123
v -0.434000 -0.125000 -0.004928
v -0.439005 0.041667 -0.010123
v -0.439005 0.125000 -0.010123
v -0.441265 0.125000 -0.009128
v -0.439005 -0.041667 -0.010123
v -0.441265 0.041667 -0.009128
v -0.439005 -0.125000 -0.010123
v -0.441265 -0.041667 -0.009128
v -0.443735 0.125000 -0.009128
v -0.443735 0.041667 -0.009128
v -0.441265 -0.125000 -0.009128
v -0.443735 -0.041667 -0.009128
v -0.445995 0.125000 -0.010123
v -0.445995 0.041667 -0.010123
v -0.443735 -0.125000 -0.009128
v -0.445995 -0.041667 -0.010123
v -0.445995 -0.125000 -0.010123
v -0.445995 0.125000 -0.010123
v -0.451000 0.125000 -0.004928
v -0.451000 0.041667 -0.004928
v -0.445995 0.041667 -0.010123
v -0.451000 -0.041667 -0.004928
v -0.445995 -0.041667 -0.010123
v -0.451000 -0.125000 -0.004928
v -0.445995 -0.125000 -0.010123
v -0.451000 0.125000 -0.004928
v -0.451000 0.125000 -0.002000
v -0.451000 0.041667 -0.002000
v -0.451000 0.041667 -0.004928
v -0.451000 -0.041667 -0.002000
v -0.451000 -0.041667 -0.004928
v -0.451000 -0.125000 -0.002000
v -0.451000 -0.125000 -0.004928
v -0.451000 0.125000 -0.002000
v -0.446600 0.125000 -0.002000
v -0.446600 0.041667 -0.002000
v -0.451000 0.041667 -0.002000
v -0.446600 -0.041667 -0.002000
v -0.451000 -0.041667 -0.002000
v -0.446600 -0.125000 -0.002000
v -0.451000 -0.125000 -0.002000
v -0.446600 0.125000 -0.002000
v -0.446600 0.125000 -0.000287
v -0.446600 0.041667 -0.000287
v -0.446600 0.041667 -0.002000
v -0.446600 -0.041667 -0.000287
v -0.446600 -0.041667 -0.002000
v -0.446600 -0.125000 -0.000287
v -0.446600 -0.125000 -0.002000
v -0.446600 0.125000 -0.000287
v -0.447200 0.125000 -0.000287
v -0.447200 0.041667 -0.000287
v -0.446600 0.041667 -0.000287
v -0.447200 -0.041667 -0.000287
v -0.446600 -0.041667 -0.000287
v -0.447200 -0.125000 -0.000287
v -0.446600 -0.125000 -0.000287
v -0.447200 0.125000 -0.000287
v -0.447200 0.125000 0.000000
v -0.447200 0.041667 0.000000
v -0.447200 0.041667 -0.000287
v -0.447200 -0.041667 0.000000
v -0.447200 -0.041667 -0.000287
v -0.447200 -0.125000 0.000000
v -0.447200 -0.125000 -0.000287
v -0.447200 0.125000 0.000000
v -0.457500 0.125000 0.000000
v -0.457500 0.041667 0.000000
v -0.447200 0.041667 0.000000
v -0.457500 -0.041667 0.000000
v -0.447200 -0.041667 0.000000
v -0.457500 -0.125000 0.000000
v -0.447200 -0.125000 0.000000
v -0.457500 0.125000 0.000000
v -0.457500 0.125000 -0.010300
v -0.457500 0.041667 -0.010300
v -0.457500 0.041667 0.000000
v -0.457500 -0.041667 -0.010300
v -0.457500 -0.041667 0.000000
v -0.457500 -0.125000 -0.010300
v -0.457500 -0.125000 0.000000
v -0.457500 0.125000 -0.010300
v -0.457145 0.125000 -0.010300
v -0.457145 0.041667 -0.010300
v -0.457500 0.041667 -0.010300
v -0.457145 -0.041667 -0.010300
v -0.457500 -0.041667 -0.010300
v -0.457145 -0.125000 -0.010300
v -0.457500 -0.125000 -0.010300
v -0.457145 0.125000 -0.010300
v -0.457145 0.125000 -0.010900
v -0.457145 0.041667 -0.010900
v -0.457145 0.041667 -0.010300
v -0.457145 -0.041667 -0.010900
v -0.457145 -0.041667 -0.010300
v -0.457145 -0.125000 -0.010900
v -0.457145 -0.125000 -0.010300
v -0.457145 0.125000 -0.010900
v -0.455500 0.125000 -0.010900
v -0.455500 0.041667 -0.010900
v -0.457145 0.041667 -0.010900
v -0.455500 -0.041667 -0.010900
v -0.457145 -0.041667 -0.010900
v -0.455500 -0.125000 -0.010900
v -0.457145 -0.125000 -0.010900
v -0.455500 0.125000 -0.010900
v -0.455500 0.125000 -0.006209
v -0.455500 0.041667 -0.006209
v -0.455500 0.041667 -0.010900
v -0.455500 -0.041667 -0.006209
v -0.455500 -0.041667 -0.010900
v -0.455500 -0.125000 -0.006209
v -0.455500 -0.125000 -0.010900
v -0.455500 0.125000 -0.006209
v -0.452740 0.125000 -0.006209
v -0.452740 0.041667 -0.006209
v -0.455500 0.041667 -0.006209
v -0.452740 -0.041667 -0.006209
v -0.455500 -0.041667 -0.006209
v -0.452740 -0.125000 -0.006209
v -0.455500 -0.125000 -0.006209
v -0.452740 0.125000 -0.006209
v -0.447486 0.125000 -0.011663
v -0.447486 0.041667 -0.011663
v -0.452740 0.041667 -0.006209
v -0.447486 -0.041667 -0.011663
v -0.452740 -0.041667 -0.006209
v -0.447486 -0.125000 -0.011663
v -0.452740 -0.125000 -0.006209
v -0.447486 0.041667 -0.011663
v -0.447486 0.125000 -0.011663
v -0.448384 0.125000 -0.013828
v -0.447486 -0.041667 -0.011663
v -0.448384 0.041667 -0.013828
v -0.447486 -0.125000 -0.011663
v -0.448384 -0.041667 -0.013828
v -0.448384 0.125000 -0.016172
v -0.448384 0.041667 -0.016172
v -0.448384 -0.125000 -0.013828
v -0.448384 -0.041667 -0.016172
v -0.447486 0.125000 -0.018337
v -0.447486 0.041667 -0.018337
v -0.448384 -0.125000 -0.016172
v -0.447486 -0.041667 -0.018337
v -0.447486 -0.125000 -0.018337
v -0.447486 0.125000 -0.018337
v -0.452740 0.125000 -0.023791
v -0.452740 0.041667 -0.023791
v -0.447486 0.041667 -0.018337
v -0.452740 -0.041667 -0.023791
v -0.447486 -0.041667 -0.018337
v -0.452740 -0.125000 -0.023791
v -0.447486 -0.125000 -0.018337
v -0.452740 0.125000 -0.023791
v -0.455500 0.125000 -0.023791
v -0.455500 0.041667 -0.023791
v -0.452740 0.041667 -0.023791
v -0.455500 -0.041667 -0.023791
v -0.452740 -0.041667 -0.023791
v -0.455500 -0.125000 -0.023791
v -0.452740 -0.125000 -0.023791
v -0.455500 0.125000 -0.023791
v -0.455500 0.125000 -0.019100
v -0.455500 0.041667 -0.019100
v -0.455500 0.041667 -0.023791
v -0.455500 -0.041667 -0.019100
v -0.455500 -0.041667 -0.023791
v -0.455500 -0.125000 -0.019100
v -0.455500 -0.125000 -0.023791
v -0.455500 0.125000 -0.019100
v -0.457145 0.125000 -0.019100
v -0.457145 0.041667 -0.019100
v -0.455500 0.041667 -0.019100
v -0.457145 -0.041667 -0.019100
v -0.455500 -0.041667 -0.019100
v -0.457145 -0.125000 -0.019100
v -0.455500 -0.125000 -0.019100
v -0.457145 0.125000 -0.019100
v -0.457145 0.125000 -0.019700
v -0.457145 0.041667 -0.019700
v -0.457145 0.041667 -0.019100
v -0.457145 -0.041667 -0.019700
v -0.457145 -0.041667 -0.019100
v -0.457145 -0.125000 -0.019700
v -0.457145 -0.125000 -0.019100
v -0.457145 0.125000 -0.019700
v -0.457500 0.125000 -0.019700
v -0.457500 0.041667 -0.019700
v -0.457145 0.041667 -0.019700
v -0.457500 -0.041667 -0.019700
v -0.457145 -0.041667 -0.019700
v -0.457500 -0.125000 -0.019700
v -0.457145 -0.125000 -0.019700
v -0.457500 0.125000 -0.019700
v -0.457500 0.125000 -0.030000
v -0.457500 0.041667 -0.030000
v -0.457500 0.041667 -0.019700
v -0.457500 -0.041667 -0.030000
v -0.457500 -0.041667 -0.019700
v -0.457500 -0.125000 -0.030000
v -0.457500 -0.125000 -0.019700
v -0.457500 0.125000 -0.030000
v -0.447200 0.125000 -0.030000
v -0.447200 0.041667 -0.030000
v -0.457500 0.041667 -0.030000
v -0.447200 -0.041667 -0.030000
v -0.457500 -0.041667 -0.030000
v -0.447200 -0.125000 -0.030000
v -0.457500 -0.125000 -0.030000
v -0.447200 0.125000 -0.030000
v -0.447200 0.125000 -0.029713
v -0.447200 0.041667 -0.029713
v -0.447200 0.041667 -0.030000
v -0.447200 -0.041667 -0.029713
v -0.447200 -0.041667 -0.030000
v -0.447200 -0.125000 -0.029713
v -0.447200 -0.125000 -0.030000
v -0.447200 0.125000 -0.029713
v -0.446600 0.125000 -0.029713
v -0.446600 0.041667 -0.029713
v -0.447200 0.041667 -0.029713
v -0.446600 -0.041667 -0.029713
v -0.447200 -0.041667 -0.029713
v -0.446600 -0.125000 -0.029713
v -0.447200 -0.125000 -0.029713
v -0.446600 0.125000 -0.029713
v -0.446600 0.125000 -0.028000
v -0.446600 0.041667 -0.028000
v -0.446600 0.041667 -0.029713
v -0.446600 -0.041667 -0.028000
v -0.446600 -0.041667 -0.029713
v -0.446600 -0.125000 -0.028000
v -0.446600 -0.125000 -0.029713
v -0.446600 0.125000 -0.028000
v -0.451000 0.125000 -0.028000
v -0.451000 0.041667 -0.028000
v -0.446600 0.041667 -0.028000
v -0.451000 -0.041667 -0.028000
v -0.446600 -0.041667 -0.028000
v -0.451000 -0.125000 -0.028000
v -0.446600 -0.125000 -0.028000
v -0.451000 0.125000 -0.028000
v -0.451000 0.125000 -0.025072
v -0.451000 0.041667 -0.025072
v -0.451000 0.041667 -0.028000
v -0.451000 -0.041667 -0.025072
v -0.451000 -0.041667 -0.028000
v -0.451000 -0.125000 -0.025072
v -0.451000 -0.125000 -0.028000
v -0.451000 0.125000 -0.025072
v -0.445995 0.125000 -0.019877
v -0.445995 0.041667 -0.019877
v -0.451000 0.041667 -0.025072
v -0.445995 -0.041667 -0.019877
v -0.451000 -0.041667 -0.025072
v -0.445995 -0.125000 -0.019877
v -0.451000 -0.125000 -0.025072
v -0.445995 0.041667 -0.019877
v -0.445995 0.125000 -0.019877
v -0.443735 0.125000 -0.020872
v -0.445995 -0.041667 -0.019877
v -0.443735 0.041667 -0.020872
v -0.445995 -0.125000 -0.019877
v -0.443735 -0.041667 -0.020872
v -0.441265 0.125000 -0.020872
v -0.441265 0.041667 -0.020872
v -0.443735 -0.125000 -0.020872
v -0.441265 -0.041667 -0.020872
v -0.439005 0.125000 -0.019877
v -0.439005 0.041667 -0.019877
v -0.441265 -0.125000 -0.020872
v -0.439005 -0.041667 -0.019877
v -0.439005 -0.125000 -0.019877
v -0.439005 0.125000 -0.019877
v -0.434000 0.125000 -0.025072
v -0.434000 0.041667 -0.025072
v -0.439005 0.041667 -0.019877
v -0.434000 -0.041667 -0.025072
v -0.439005 -0.041667 -0.019877
v -0.434000 -0.125000 -0.025072
v -0.439005 -0.125000 -0.019877
v -0.434000 0.125000 -0.025072
v -0.434000 0.125000 -0.028000
v -0.434000 0.041667 -0.028000
v -0.434000 0.041667 -0.025072
v -0.434000 -0.041667 -0.028000
v -0.434000 -0.041667 -0.025072
v -0.434000 -0.125000 -0.028000
v -0.434000 -0.125000 -0.025072
v -0.434000 0.125000 -0.028000
v -0.438400 0.125000 -0.028000
v -0.438400 0.041667 -0.028000
v -0.434000 0.041667 -0.028000
v -0.438400 -0.041667 -0.028000
v -0.434000 -0.041667 -0.028000
v -0.438400 -0.125000 -0.028000
v -0.434000 -0.125000 -0.028000
v -0.438400 0.125000 -0.028000
v -0.438400 0.125000 -0.029713
v -0.438400 0.041667 -0.029713
v -0.438400 0.041667 -0.028000
v -0.438400 -0.041667 -0.029713
v -0.438400 -0.041667 -0.028000
v -0.438400 -0.125000 -0.029713
v -0.438400 -0.125000 -0.028000
v -0.438400 0.125000 -0.029713
v -0.437800 0.125000 -0.029713
v -0.437800 0.041667 -0.029713
v -0.438400 0.041667 -0.029713
v -0.437800 -0.041667 -0.029713
v -0.438400 -0.041667 -0.029713
v -0.437800 -0.125000 -0.029713
v -0.438400 -0.125000 -0.029713
v -0.437800 0.125000 -0.029713
v -0.437800 0.125000 -0.030000
v -0.437800 0.041667 -0.030000
v -0.437800 0.041667 -0.029713
v -0.437800 -0.041667 -0.030000
v -0.437800 -0.041667 -0.029713
v -0.437800 -0.125000 -0.030000
v -0.437800 -0.125000 -0.029713
v -0.437800 0.125000 -0.030000
v -0.427500 0.125000 -0.030000
v -0.427500 0.041667 -0.030000
v -0.437800 0.041667 -0.030000
v -0.427500 -0.041667 -0.030000
v -0.437800 -0.041667 -0.030000
v -0.427500 -0.125000 -0.030000
v -0.437800 -0.125000 -0.030000
v -0.427500 0.125000 -0.030000
v -0.427500 0.125000 -0.019700
v -0.427500 0.041667 -0.019700
v -0.427500 0.041667 -0.030000
v -0.427500 -0.041667 -0.019700
v -0.427500 -0.041667 -0.030000
v -0.427500 -0.125000 -0.019700
v -0.427500 -0.125000 -0.030000
v -0.427500 0.125000 -0.019700
v -0.427855 0.125000 -0.019700
v -0.427855 0.041667 -0.019700
v -0.427500 0.041667 -0.019700
v -0.427855 -0.041667 -0.019700
v -0.427500 -0.041667 -0.019700
v -0.427855 -0.125000 -0.019700
v -0.427500 -0.125000 -0.019700
v -0.427855 0.125000 -0.019700
v -0.427855 0.125000 -0.019100
v -0.427855 0.041667 -0.019100
v -0.427855 0.041667 -0.019700
v -0.427855 -0.041667 -0.019100
v -0.427855 -0.041667 -0.019700
v -0.427855 -0.125000 -0.019100
v -0.427855 -0.125000 -0.019700
v -0.427855 0.125000 -0.019100
v -0.429500 0.125000 -0.019100
v -0.429500 0.041667 -0.019100
v -0.427855 0.041667 -0.019100
v -0.429500 -0.041667 -0.019100
v -0.427855 -0.041667 -0.019100
v -0.429500 -0.125000 -0.019100
v -0.427855 -0.125000 -0.019100
v -0.429500 0.125000 -0.019100
v -0.429500 0.125000 -0.023791
v -0.429500 0.041667 -0.023791
v -0.429500 0.041667 -0.019100
v -0.429500 -0.041667 -0.023791
v -0.429500 -0.041667 -0.019100
v -0.429500 -0.125000 -0.023791
v -0.429500 -0.125000 -0.019100
v -0.429500 0.125000 -0.023791
v -0.432260 0.125000 -0.023791
v -0.432260 0.041667 -0.023791
v -0.429500 0.041667 -0.023791
v -0.432260 -0.041667 -0.023791
v -0.429500 -0.041667 -0.023791
v -0.432260 -0.125000 -0.023791
v -0.429500 -0.125000 -0.023791
v -0.432260 0.125000 -0.023791
v -0.437514 0.125000 -0.018337
v -0.437514 0.041667 -0.018337
v -0.432260 0.041667 -0.023791
v -0.437514 -0.041667 -0.018337
v -0.432260 -0.041667 -0.023791
v -0.437514 -0.125000 -0.018337
v -0.432260 -0.125000 -0.023791
v -0.437514 0.041667 -0.018337
v -0.437514 0.125000 -0.018337
v -0.436616 0.125000 -0.016172
v -0.437514 -0.041667 -0.018337
v -0.436616 0.041667 -0.016172
v -0.437514 -0.125000 -0.018337
v -0.436616 -0.041667 -0.016172
v -0.436616 0.125000 -0.013828
v -0.436616 0.041667 -0.013828
v -0.436616 -0.125000 -0.016172
v -0.436616 -0.041667 -0.013828
v -0.437514 0.125000 -0.011663
v -0.437514 0.041667 -0.011663
v -0.436616 -0.125000 -0.013828
v -0.437514 -0.041667 -0.011663
v -0.437514 -0.125000 -0.011663
v -0.437514 0.125000 -0.011663
v -0.432260 0.125000 -0.006209
v -0.432260 0.041667 -0.006209
v -0.437514 0.041667 -0.011663
v -0.432260 -0.041667 -0.006209
v -0.437514 -0.041667 -0.011663
v -0.432260 -0.125000 -0.006209
v -0.437514 -0.125000 -0.011663
v -0.432260 0.125000 -0.006209
v -0.429500 0.125000 -0.006209
v -0.429500 0.041667 -0.006209
v -0.432260 0.041667 -0.006209
v -0.429500 -0.041667 -0.006209
v -0.432260 -0.041667 -0.006209
v -0.429500 -0.125000 -0.006209
v -0.432260 -0.125000 -0.006209
v -0.429500 0.125000 -0.006209
v -0.429500 0.125000 -0.010900
v -0.429500 0.041667 -0.010900
v -0.429500 0.041667 -0.006209
v -0.429500 -0.041667 -0.010900
v -0.429500 -0.041667 -0.006209
v -0.429500 -0.125000 -0.010900
v -0.429500 -0.125000 -0.006209
v -0.429500 0.125000 -0.010900
v -0.427855 0.125000 -0.010900
v -0.427855 0.041667 -0.010900
v -0.429500 0.041667 -0.010900
v -0.427855 -0.041667 -0.010900
v -0.429500 -0.041667 -0.010900
v -0.427855 -0.125000 -0.010900
v -0.429500 -0.125000 -0.010900
v -0.427855 0.125000 -0.010900
v -0.427855 0.125000 -0.010300
v -0.427855 0.041667 -0.010300
v -0.427855 0.041667 -0.010900
v -0.427855 -0.041667 -0.010300
v -0.427855 -0.041667 -0.010900
v -0.427855 -0.125000 -0.010300
v -0.427855 -0.125000 -0.010900
v -0.427855 0.125000 -0.010300
v -0.427500 0.125000 -0.010300
v -0.427500 0.041667 -0.010300
v -0.427855 0.041667 -0.010300
v -0.427500 -0.041667 -0.010300
v -0.427855 -0.041667 -0.010300
v -0.427500 -0.125000 -0.010300
v -0.427855 -0.125000 -0.010300
v -0.427500 0.125000 -0.010300
v -0.427500 0.125000 0.000000
v -0.427500 0.041667 0.000000
v -0.427500 0.041667 -0.010300
v -0.427500 -0.041667 0.000000
v -0.427500 -0.041667 -0.010300
v -0.427500 -0.125000 0.000000
v -0.427500 -0.125000 -0.010300
v -0.427500 0.125000 0.000000
v -0.437800 0.125000 0.000000
v -0.437800 0.041667 0.000000
v -0.427500 0.041667 0.000000
v -0.437800 -0.041667 0.000000
v -0.427500 -0.041667 0.000000
v -0.437800 -0.125000 0.000000
v -0.427500 -0.125000 0.000000
v -0.437800 0.125000 0.000000
v -0.437800 0.125000 -0.000287
v -0.437800 0.041667 -0.000287
v -0.437800 0.041667 0.000000
v -0.437800 -0.041667 -0.000287
v -0.437800 -0.041667 0.000000
v -0.437800 -0.125000 -0.000287
v -0.437800 -0.125000 0.000000
v -0.443735 -0.125000 -0.020872
v -0.442500 -0.125000 -0.018400
v -0.444200 -0.125000 -0.017944
v -0.442500 -0.125000 -0.011600
v -0.439005 -0.125000 -0.010123
v -0.441265 -0.125000 -0.009128
v -0.443735 -0.125000 -0.009128
v -0.445995 -0.125000 -0.010123
v -0.444200 -0.125000 -0.012056
v -0.445995 -0.125000 -0.019877
v -0.441265 -0.125000 -0.020872
v -0.439005 -0.125000 -0.019877
v -0.440800 -0.125000 -0.017944
v -0.445444 -0.125000 -0.016700
v -0.445900 -0.125000 -0.015000
v -0.439556 -0.125000 -0.016700
v -0.445444 -0.125000 -0.013300
v -0.437514 -0.125000 -0.011663
v -0.439100 -0.125000 -0.015000
v -0.440800 -0.125000 -0.012056
v -0.439556 -0.125000 -0.013300
v -0.432260 -0.125000 -0.006209
v -0.434000 -0.125000 -0.004928
v -0.447486 -0.125000 -0.011663
v -0.451000 -0.125000 -0.004928
v -0.437514 -0.125000 -0.018337
v -0.434000 -0.125000 -0.025072
v -0.452740 -0.125000 -0.006209
v -0.427500 -0.125000 0.000000
v -0.434000 -0.125000 -0.002000
v -0.447486 -0.125000 -0.018337
v -0.452740 -0.125000 -0.023791
v -0.451000 -0.125000 -0.025072
v -0.436616 -0.125000 -0.016172
v -0.432260 -0.125000 -0.023791
v -0.427500 -0.125000 -0.030000
v -0.429500 -0.125000 -0.023791
v -0.457500 -0.125000 0.000000
v -0.455500 -0.125000 -0.006209
v -0.437800 -0.125000 0.000000
v -0.437800 -0.125000 -0.000287
v -0.457500 -0.125000 -0.030000
v -0.451000 -0.125000 -0.028000
v -0.434000 -0.125000 -0.028000
v -0.451000 -0.125000 -0.002000
v -0.447200 -0.125000 -0.030000
v -0.447200 -0.125000 -0.029713
v -0.448384 -0.125000 -0.013828
v -0.429500 -0.125000 -0.006209
v -0.448384 -0.125000 -0.016172
v -0.427500 -0.125000 -0.010300
v -0.429500 -0.125000 -0.010900
v -0.427855 -0.125000 -0.010900
v -0.427855 -0.125000 -0.010300
v -0.455500 -0.125000 -0.023791
v -0.427500 -0.125000 -0.019700
v -0.427855 -0.125000 -0.019700
v -0.436616 -0.125000 -0.013828
v -0.437800 -0.125000 -0.030000
v -0.438400 -0.125000 -0.028000
v -0.438400 -0.125000 -0.029713
v -0.437800 -0.125000 -0.029713
v -0.429500 -0.125000 -0.019100
v -0.457500 -0.125000 -0.019700
v -0.455500 -0.125000 -0.019100
v -0.457145 -0.125000 -0.019100
v -0.457145 -0.125000 -0.019700
v -0.446600 -0.125000 -0.028000
v -0.427855 -0.125000 -0.019100
v -0.457500 -0.125000 -0.010300
v -0.457145 -0.125000 -0.010300
v -0.446600 -0.125000 -0.029713
v -0.447200 -0.125000 0.000000
v -0.446600 -0.125000 -0.002000
v -0.446600 -0.125000 -0.000287
v -0.447200 -0.125000 -0.000287
v -0.455500 -0.125000 -0.010900
v -0.438400 -0.125000 -0.002000
v -0.457145 -0.125000 -0.010900
v -0.438400 -0.125000 -0.000287
v -0.443735 0.125000 -0.020872
v -0.445995 0.125000 -0.019877
v -0.444200 0.125000 -0.017945
v -0.445995 0.125000 -0.010123
v -0.445900 0.125000 -0.015000
v -0.445444 0.125000 -0.016700
v -0.445444 0.125000 -0.013300
v -0.443735 0.125000 -0.009128
v -0.442500 0.125000 -0.011600
v -0.444200 0.125000 -0.012056
v -0.441265 0.125000 -0.009128
v -0.439005 0.125000 -0.010123
v -0.440800 0.125000 -0.012056
v -0.441265 0.125000 -0.020872
v -0.442500 0.125000 -0.018400
v -0.440800 0.125000 -0.017945
v -0.447486 0.125000 -0.018337
v -0.451000 0.125000 -0.025072
v -0.439005 0.125000 -0.019877
v -0.439100 0.125000 -0.015000
v -0.437514 0.125000 -0.018337
v -0.432260 0.125000 -0.023791
v -0.434000 0.125000 -0.025072
v -0.437514 0.125000 -0.011663
v -0.434000 0.125000 -0.004928
v -0.452740 0.125000 -0.023791
v -0.439556 0.125000 -0.013300
v -0.432260 0.125000 -0.006209
v -0.427500 0.125000 0.000000
v -0.429500 0.125000 -0.006209
v -0.457500 0.125000 -0.030000
v -0.455500 0.125000 -0.023791
v -0.439556 0.125000 -0.016700
v -0.427500 0.125000 -0.030000
v -0.434000 0.125000 -0.028000
v -0.447486 0.125000 -0.011663
v -0.452740 0.125000 -0.006209
v -0.451000 0.125000 -0.004928
v -0.436616 0.125000 -0.013828
v -0.436616 0.125000 -0.016172
v -0.437800 0.125000 0.000000
v -0.434000 0.125000 -0.002000
v -0.451000 0.125000 -0.028000
v -0.437800 0.125000 -0.030000
v -0.437800 0.125000 -0.029713
v -0.457500 0.125000 0.000000
v -0.451000 0.125000 -0.002000
v -0.447200 0.125000 0.000000
v -0.447200 0.125000 -0.000287
v -0.448384 0.125000 -0.016172
v -0.448384 0.125000 -0.013828
v -0.437800 0.125000 -0.000287
v -0.429500 0.125000 -0.023791
v -0.457500 0.125000 -0.010300
v -0.455500 0.125000 -0.006209
v -0.455500 0.125000 -0.010900
v -0.457145 0.125000 -0.010900
v -0.457145 0.125000 -0.010300
v -0.446600 0.125000 -0.002000
v -0.457500 0.125000 -0.019700
v -0.457145 0.125000 -0.019700
v -0.446600 0.125000 -0.000287
v -0.447200 0.125000 -0.030000
v -0.446600 0.125000 -0.028000
v -0.446600 0.125000 -0.029713
v -0.447200 0.125000 -0.029713
v -0.455500 0.125000 -0.019100
v -0.427500 0.125000 -0.019700
v -0.429500 0.125000 -0.019100
v -0.427855 0.125000 -0.019100
v -0.427855 0.125000 -0.019700
v -0.438400 0.125000 -0.028000
v -0.457145 0.125000 -0.019100
v -0.427855 0.125000 -0.010300
v -0.429500 0.125000 -0.010900
v -0.438400 0.125000 -0.029713
v -0.427855 0.125000 -0.010900
v -0.427500 0.125000 -0.010300
v -0.438400 0.125000 -0.002000
v -0.438400 0.125000 -0.000287
vn -0.0000 1.0000 -0.0000
vn -0.0000 -1.0000 -0.0000
vn -1.0000 -0.0000 -0.0000
vn -0.0000 -0.0000 1.0000
vn 1.0000 -0.0000 -0.0000
vn -0.0000 -0.0000 -1.0000
vn 0.7202 -0.0000 -0.6938
vn 0.9807 -0.0000 0.1953
vn 0.8311 -0.0000 0.5561
vn 0.8311 0.0001 0.5561
vn 0.8311 -0.0000 -0.5561
vn 0.9807 -0.0000 -0.1953
vn 0.7202 -0.0000 0.6938
vn -0.7202 -0.0000 -0.6938
vn -0.5825 -0.0000 -0.8128
vn -0.2059 -0.0000 -0.9786
vn 0.2059 -0.0000 -0.9786
vn 0.5825 -0.0000 -0.8128
vn 0.5825 0.0001 -0.8128
vn -0.7202 -0.0000 0.6938
vn -0.9807 -0.0000 0.1953
vn -0.9807 -0.0000 -0.1953
vn -0.8311 -0.0000 0.5561
vn -0.8311 -0.0000 -0.5561
vn 0.5825 -0.0000 0.8128
vn 0.2059 -0.0000 0.9786
vn -0.2059 -0.0000 0.9786
vn -0.5825 -0.0000 0.8128
vn -1.0000 -0.0000 -0.0001
vn -0.0000 -0.7202 -0.6938
vn -0.0000 -0.8311 -0.5562
vn -0.0000 -0.9380 -0.3465
vn -0.0000 -0.9931 -0.1177
vn -0.0000 -0.9931 0.1177
vn -0.0000 -0.9380 0.3465
vn -0.0000 -0.8311 0.5562
vn -0.0000 -0.7202 0.6938
vn -0.0000 0.7202 -0.6938
vn -0.0000 -0.1242 -0.9923
vn -0.0000 0.1242 -0.9923
vn -0.0000 -0.3646 -0.9312
vn -0.0000 -0.5825 -0.8128
vn -0.0000 0.3646 -0.9312
vn -0.0000 0.5825 -0.8128
vn -0.0001 0.5825 -0.8128
vn -0.0000 0.7202 0.6938
vn -0.0000 0.9380 -0.3465
vn -0.0000 0.9931 -0.1177
vn -0.0000 0.8311 0.5562
vn -0.0000 0.9380 0.3465
vn -0.0000 0.9931 0.1177
vn -0.0000 0.8311 -0.5562
vn -0.0000 -0.3646 0.9312
vn -0.0000 -0.1242 0.9923
vn -0.0000 -0.5825 0.8128
vn -0.0000 0.1242 0.9923
vn -0.0000 0.3646 0.9312
vn -0.0000 0.5825 0.8128
vn -0.5825 0.0001 0.8128
vn 0.5825 -0.0001 0.8128
vn 0.5825 -0.0001 -0.8128
vn -0.8311 -0.0001 0.5561
vn -0.8660 -0.0000 -0.5001
vn -0.8660 -0.0000 0.5001
vn -0.8661 -0.0000 0.4999
vn -0.5001 -0.0000 0.8660
vn 0.4999 -0.0000 0.8661
vn 0.8660 -0.0000 0.5001
vn 0.8661 -0.0000 0.4999
vn 0.8660 -0.0000 -0.5001
vn 0.8660 -0.0000 -0.5000
vn 0.4999 -0.0000 -0.8661
vn -0.5001 -0.0000 -0.8660
vn -0.0000 0.5001 -0.8660
vn -0.0000 0.7071 -0.7071
vn -0.0000 0.8660 -0.5001
vn -0.0000 0.9659 -0.2591
vn -0.0000 0.9660 -0.2587
vn -0.0000 0.9659 0.2591
vn -0.0000 0.9660 0.2587
vn -0.0000 0.8660 0.5001
vn -0.0000 0.7072 0.7070
vn -0.0000 0.7071 0.7071
vn -0.0000 0.7074 0.7068
vn -0.0000 0.7072 0.7071
vn -0.0000 0.5000 0.8660
vn -0.0000 0.2586 0.9660
vn -0.0000 -0.2586 0.9660
vn -0.0000 -0.5000 0.8660
vn -0.0000 -0.7072 0.7070
vn -0.0000 -0.7074 0.7068
vn -0.0000 -0.8660 0.5001
vn -0.0000 -0.9659 0.2591
vn -0.0000 -0.9659 -0.2591
vn -0.0000 -0.8660 -0.5001
vn -0.0000 -0.7071 -0.7071
vn -0.0000 -0.5001 -0.8660
vn -0.0000 -0.2591 -0.9659
vn -0.0000 -0.2587 -0.9660
vn -0.0000 0.2591 -0.9659
vn 0.5001 -0.0000 0.8660
vn 0.5000 -0.0000 0.8660
vn 0.5001 -0.0000 -0.8660
vn -0.5000 -0.0000 0.8660
vn -0.0000 0.5001 0.8660
vn -0.0000 0.2591 0.9659
vn -0.0000 -0.2591 0.9659
vn -0.0000 -0.5001 0.8660
vn -0.0000 -0.7071 0.7071
vn -0.0000 -0.9660 0.2587
vn -0.8659 -0.0000 -0.5001
vn -0.8659 -0.0000 0.5001
vn -0.6774 -0.0000 0.7356
vn -0.5470 -0.0000 0.8371
vn 0.9863 -0.0000 0.1648
vn 0.9458 -0.0000 0.3247
vn 0.8794 -0.0000 0.4761
vn 0.7892 -0.0000 0.6141
vn 0.6774 -0.0000 0.7356
vn 0.5470 -0.0000 0.8371
vn 0.4015 0.0001 0.9158
vn -0.7892 -0.0000 0.6141
vn -0.8794 -0.0000 0.4761
vn -0.9458 -0.0000 0.3247
vn -0.9863 -0.0000 0.1648
vn 0.2257 -0.0000 0.9742
vn 0.2453 0.0002 0.9694
vn 0.1640 -0.0000 0.9865
vn 0.0826 -0.0000 0.9966
vn 0.1267 -0.0000 0.9919
vn 0.2455 -0.0000 0.9694
vn 0.4015 -0.0001 0.9158
vn 0.2654 -0.0000 0.9641
vn 0.2756 -0.0000 0.9613
vn 0.2791 -0.0000 0.9603
vn 0.2757 -0.0000 0.9612
vn 0.2457 -0.0002 0.9694
vn 0.0862 -0.0000 0.9963
vn 0.2260 -0.0002 0.9741
vn -0.0000 -0.0001 1.0000
vn -0.0826 -0.0000 0.9966
vn -0.2257 -0.0000 0.9742
vn -0.2457 -0.0002 0.9694
vn -0.1640 -0.0000 0.9865
vn -0.1267 -0.0000 0.9919
vn -0.2455 -0.0000 0.9694
vn -0.4015 0.0001 0.9158
vn -0.2654 -0.0000 0.9641
vn -0.2791 -0.0000 0.9603
vn -0.4015 -0.0001 0.9158
vn -0.2757 -0.0000 0.9612
vn -0.2756 -0.0000 0.9613
vn -0.2457 0.0002 0.9694
vn -0.0862 -0.0000 0.9963
vn -0.1268 -0.0000 0.9919
vn -0.2258 -0.0000 0.9742
vn -0.0000 0.0001 1.0000
vn -0.9808 -0.0000 -0.1951
vn -0.9808 -0.0000 0.1951
vn -0.9239 -0.0000 0.3826
vn -0.8314 -0.0000 0.5556
vn -0.7071 -0.0000 0.7071
vn -0.5556 -0.0000 0.8314
vn -0.3826 -0.0000 0.9239
vn -0.1951 -0.0000 0.9808
vn 0.1951 -0.0000 0.9808
vn 0.3826 -0.0000 0.9239
vn 0.5556 -0.0000 0.8314
vn 0.7071 -0.0000 0.7071
vn 0.8314 -0.0000 0.5556
vn 0.9239 -0.0000 0.3826
vn 0.9808 -0.0000 0.1951
vn 0.9808 -0.0000 -0.1951
vn 0.9239 -0.0000 -0.3826
vn 0.8314 -0.0000 -0.5556
vn 0.7071 -0.0000 -0.7071
vn 0.5556 -0.0000 -0.8314
vn -0.7071 -0.0000 -0.7071
vn -0.5556 -0.0000 -0.8314
vn -0.8314 -0.0000 -0.5556
vn -0.9239 -0.0000 -0.3826
vn 0.1952 -0.0001 -0.9808
vn 0.1761 -0.0000 -0.9844
vn 0.1951 -0.0000 -0.9808
vn 0.3826 -0.0001 -0.9239
vn 0.3823 -0.0000 -0.9240
vn 0.3827 -0.0000 -0.9239
vn 0.3826 0.0001 -0.9239
vn 0.1952 0.0001 -0.9808
vn -0.1952 0.0001 -0.9808
vn -0.1757 -0.0000 -0.9844
vn -0.1951 -0.0000 -0.9808
vn -0.3826 0.0001 -0.9239
vn -0.3821 -0.0000 -0.9241
vn -0.3827 -0.0000 -0.9239
vn -0.3826 -0.0001 -0.9239
vn -0.1952 -0.0001 -0.9808
vn -0.1196 -0.0000 -0.9928
vn -0.0607 -0.0000 -0.9982
vn -0.1759 -0.0000 -0.9844
vn -0.3449 -0.0000 -0.9386
vn -0.3132 -0.0000 -0.9497
vn -0.3824 -0.0000 -0.9240
vn -0.3682 -0.0000 -0.9297
vn -0.2275 -0.0000 -0.9738
vn -0.3872 -0.0000 -0.9220
vn -0.3448 -0.0000 -0.9387
vn -0.0606 -0.0000 -0.9982
vn 0.1196 -0.0000 -0.9928
vn 0.0607 -0.0000 -0.9982
vn 0.1759 -0.0000 -0.9844
vn 0.3448 -0.0000 -0.9387
vn 0.3132 -0.0000 -0.9497
vn 0.3682 -0.0000 -0.9298
vn 0.2275 -0.0000 -0.9738
vn 0.3871 -0.0000 -0.9220
vn 0.3449 -0.0000 -0.9386
vn 0.0608 -0.0000 -0.9981
vn 1.0000 -0.0001 -0.0000
vn 0.8660 -0.5000 -0.0000
vn 0.5001 -0.8660 -0.0000
vn 0.5000 -0.8660 -0.0000
vn 0.0001 -1.0000 -0.0000
vn 0.5000 0.8660 -0.0000
vn 0.8660 0.5000 -0.0000
vn -0.8660 -0.5000 -0.0000
vn -1.0000 -0.0001 -0.0000
vn -0.5001 -0.8660 -0.0000
vn -0.5000 -0.8660 -0.0000
vn -0.0002 -1.0000 -0.0000
vn -0.0001 -1.0000 -0.0001
vn -0.8660 0.5000 -0.0000
vn -0.5000 0.8660 -0.0000
vn -0.0001 1.0000 -0.0000
vn -0.0001 1.0000 0.0001
vn -1.0000 0.0001 -0.0000
vn -0.0002 -0.0000 1.0000
vn -0.8660 -0.0000 0.5000
vn -1.0000 -0.0000 0.0001
vn 0.8660 -0.0000 0.5000
vn 1.0000 -0.0000 0.0002
vn 0.0001 -0.0000 1.0000
vn 0.0002 -0.0000 1.0000
vn -0.3091 -0.9510 -0.0000
vn -0.5878 -0.8090 -0.0000
vn -0.8090 -0.5878 -0.0000
vn -0.9510 -0.3091 -0.0000
vn -0.9510 0.3091 -0.0000
vn -0.8090 0.5878 -0.0000
vn -0.5878 0.8090 -0.0000
vn -0.3091 0.9510 -0.0000
vn 0.3091 0.9510 -0.0000
vn 0.5878 0.8090 -0.0000
vn 0.8090 0.5878 -0.0000
vn 0.9510 0.3091 -0.0000
vn 0.9510 -0.3091 -0.0000
vn 0.8090 -0.5878 -0.0000
vn 0.5878 -0.8090 -0.0000
vn 0.3091 -0.9510 -0.0000
vn -0.6724 0.2183 0.7073
vn -0.7071 -0.0001 0.7071
vn -0.6724 0.2183 0.7072
vn -0.7071 -0.0001 0.7072
vn -0.6723 -0.2184 0.7073
vn -0.6724 -0.2184 0.7073
vn -0.5722 -0.4155 0.7071
vn -0.5719 -0.4157 0.7071
vn -0.4158 -0.5722 0.7069
vn -0.4157 -0.5721 0.7071
vn -0.2185 -0.6726 0.7070
vn 0.0001 -0.7072 0.7070
vn -0.5720 0.4157 0.7071
vn -0.5721 0.4157 0.7071
vn -0.4155 0.5720 0.7072
vn -0.2185 0.6727 0.7069
vn -0.4156 0.5721 0.7071
vn -0.2186 0.6727 0.7069
vn -0.0001 0.7072 0.7070
vn 0.2185 0.6726 0.7070
vn 0.4155 0.5719 0.7073
vn 0.4154 0.5720 0.7072
vn 0.5720 0.4157 0.7071
vn 0.5722 0.4155 0.7071
vn 0.6728 0.2186 0.7068
vn 0.6724 0.2185 0.7072
vn 0.7071 0.0001 0.7072
vn 0.6725 -0.2185 0.7071
vn 0.5722 -0.4156 0.7070
vn 0.5718 -0.4156 0.7073
vn 0.4158 -0.5720 0.7070
vn 0.4154 -0.5723 0.7071
vn 0.2185 -0.6726 0.7070
vn 0.2186 -0.6726 0.7070
vn -0.9511 -0.3088 -0.0000
vn -0.9511 0.3088 -0.0000
vn 0.2185 -0.6724 0.7072
vn 0.2184 -0.6724 0.7072
vn 0.4155 -0.5722 0.7070
vn 0.5719 -0.4156 0.7073
vn 0.6728 -0.2186 0.7068
vn 0.7070 0.0001 0.7072
vn 0.7073 -0.0000 0.7069
vn 0.6724 0.2185 0.7073
vn 0.6726 0.2185 0.7070
vn 0.5722 0.4157 0.7070
vn 0.5719 0.4156 0.7073
vn 0.4156 0.5719 0.7073
vn 0.4156 0.5722 0.7070
vn -0.2185 0.6725 0.7071
vn -0.2185 0.6728 0.7068
vn -0.4155 0.5722 0.7071
vn -0.5720 0.4156 0.7071
vn -0.5722 0.4158 0.7069
vn -0.6725 0.2185 0.7071
vn -0.6728 0.2186 0.7068
vn -0.6725 -0.2185 0.7071
vn -0.6728 -0.2186 0.7068
vn -0.5721 -0.4156 0.7071
vn -0.4153 -0.5722 0.7072
vn -0.4158 -0.5720 0.7070
vn -0.2185 -0.6725 0.7071
vn -0.1568 -0.9876 -0.0000
vn -0.2959 -0.9552 -0.0000
vn -0.4541 -0.8909 -0.0000
vn -0.4546 -0.8907 -0.0000
vn -0.3090 -0.9511 -0.0000
vn -0.9511 -0.3090 -0.0000
vn -0.8797 -0.4756 -0.0000
vn -0.8910 -0.4539 -0.0000
vn -0.9877 -0.1561 -0.0000
vn -1.0000 -0.0003 -0.0000
vn -0.9876 0.1572 -0.0000
vn -0.9511 0.3090 -0.0000
vn -0.8906 0.4548 -0.0000
vn -0.8797 0.4756 -0.0000
vn -0.4538 0.8911 -0.0000
vn -0.4539 0.8911 -0.0000
vn -0.3090 0.9511 -0.0000
vn -0.1564 0.9877 -0.0000
vn -0.2959 0.9552 -0.0000
vn 0.3090 0.9511 -0.0000
vn 0.1567 0.9876 -0.0000
vn 0.2959 0.9552 -0.0000
vn 0.4540 0.8910 -0.0000
vn 0.4545 0.8908 -0.0000
vn 0.9511 0.3090 -0.0000
vn 0.8797 0.4756 -0.0000
vn 0.8907 0.4546 -0.0000
vn 0.9511 0.3089 -0.0000
vn -0.0001 -1.0000 -0.0000
vn 0.9876 0.1573 -0.0000
vn 1.0000 0.0001 -0.0000
vn 0.9876 0.1571 -0.0000
vn 1.0000 -0.0003 -0.0000
vn 0.9877 -0.1561 -0.0000
vn 0.9511 -0.3090 -0.0000
vn 0.9878 -0.1560 -0.0000
vn 0.8910 -0.4540 -0.0000
vn 0.8797 -0.4756 -0.0000
vn 0.4544 -0.8908 -0.0000
vn 0.4549 -0.8905 -0.0000
vn 0.3090 -0.9511 -0.0000
vn 0.1571 -0.9876 -0.0000
vn 0.2959 -0.9552 -0.0000
vn 0.7641 -0.0000 -0.6451
vn 0.5711 -0.0000 -0.8209
vn 0.9049 -0.0000 -0.4255
vn 0.9843 -0.0000 -0.1767
vn 0.9050 -0.0000 -0.4255
vn 0.9965 -0.0000 0.0840
vn 0.9408 -0.0000 0.3390
vn 0.9407 -0.0000 0.3392
vn 0.9407 -0.0000 0.3394
vn 0.8209 -0.0000 0.5710
vn 0.8209 -0.0000 0.5711
vn 0.9408 -0.0000 0.3389
vn 0.6452 -0.0000 0.7640
vn 0.6451 -0.0000 0.7641
vn 0.4255 -0.0000 0.9050
vn 0.1767 -0.0000 0.9843
vn -0.0840 -0.0000 0.9965
vn -0.3389 -0.0000 0.9408
vn -0.3392 -0.0000 0.9407
vn -0.5711 -0.0000 0.8209
vn -0.7641 -0.0000 0.6451
vn -0.9050 -0.0000 0.4255
vn -0.9049 -0.0000 0.4255
vn -0.9843 -0.0000 0.1767
vn -0.9965 -0.0000 -0.0840
vn -0.9408 -0.0000 -0.3389
vn -0.9407 -0.0000 -0.3394
vn -0.9407 -0.0000 -0.3392
vn -0.8209 -0.0000 -0.5711
vn -0.6451 -0.0000 -0.7641
vn -0.4255 -0.0000 -0.9049
vn -0.1770 -0.0000 -0.9842
vn -0.1767 -0.0000 -0.9843
vn 0.0840 -0.0000 -0.9965
vn 0.3391 -0.0000 -0.9407
vn 0.3389 -0.0000 -0.9408
vn 0.3392 -0.0000 -0.9407
vn 0.9864 -0.0000 0.1645
vn 0.8794 -0.0000 0.4760
vn 0.7890 -0.0000 0.6143
vn -0.8794 -0.0000 0.4760
vn -0.9864 -0.0000 0.1645
vn 0.1641 -0.0000 0.9864
vn 0.0863 -0.0000 0.9963
vn 0.2256 0.0001 0.9742
vn -0.2260 -0.0002 0.9741
vn -0.1641 -0.0000 0.9864
vn -0.2453 0.0002 0.9694
vn -0.2259 -0.0000 0.9742
vn -0.3823 -0.0000 -0.9240
vn -0.3681 -0.0000 -0.9298
vn -0.3871 -0.0000 -0.9220
vn 0.1760 -0.0000 -0.9844
vn 1.0000 -0.0002 -0.0001
vn 0.0001 1.0000 -0.0000
vn 1.0000 0.0002 -0.0000
vn 0.5001 0.8660 -0.0000
vn -1.0000 -0.0002 -0.0000
vn -0.4997 -0.8662 -0.0000
vn -0.5001 0.8660 -0.0000
vn -0.0000 1.0000 0.0001
vn -0.8662 -0.0000 0.4997
vn -1.0000 -0.0000 0.0002
vn -0.6725 0.2186 0.7071
vn -0.6725 0.2183 0.7072
vn -0.6724 -0.2185 0.7072
vn -0.5722 -0.4156 0.7070
vn -0.5723 -0.4157 0.7069
vn -0.4156 -0.5721 0.7071
vn -0.4157 -0.5720 0.7071
vn -0.0000 -0.7069 0.7073
vn -0.0000 -0.7069 0.7074
vn -0.5720 0.4156 0.7072
vn -0.4155 0.5718 0.7074
vn 0.2184 0.6722 0.7074
vn 0.2184 0.6723 0.7073
vn 0.4154 0.5720 0.7073
vn 0.4153 0.5722 0.7072
vn 0.5720 0.4155 0.7072
vn 0.6725 0.2185 0.7071
vn 0.5720 -0.4155 0.7072
vn 0.5721 -0.4154 0.7072
vn 0.4157 -0.5720 0.7072
vn 0.4155 -0.5720 0.7072
vn 0.2186 -0.6728 0.7068
vn 0.2187 -0.6728 0.7068
vn 0.4155 -0.5722 0.7071
vn 0.4159 -0.5719 0.7070
vn 0.5720 -0.4156 0.7072
vn 0.5720 -0.4156 0.7071
vn 0.6723 -0.2185 0.7073
vn 0.6727 0.2187 0.7068
vn 0.5720 0.4156 0.7071
vn 0.5721 0.4156 0.7071
vn 0.4156 0.5721 0.7071
vn 0.4157 0.5719 0.7072
vn 0.2185 0.6725 0.7071
vn 0.2185 0.6724 0.7072
vn -0.2185 0.6724 0.7072
vn -0.2184 0.6725 0.7072
vn -0.5721 0.4156 0.7071
vn -0.6726 0.2186 0.7070
vn -0.4156 -0.5722 0.7070
vn -0.2187 -0.6727 0.7068
vn -0.2185 -0.6724 0.7072
vn -0.4545 -0.8907 -0.0000
vn -0.9876 0.1573 -0.0000
vn -0.1565 0.9877 -0.0000
vn 0.3089 0.9511 -0.0000
vn 0.4545 0.8907 -0.0000
vn 0.9875 0.1574 -0.0000
vn -0.0000 0.0001 -1.0000
vn -0.0000 0.0002 -1.0000
vn -0.2588 -0.9659 -0.0000
vn -0.2589 -0.9659 -0.0000
vn -0.7071 -0.7071 -0.0000
vn -0.9659 -0.2589 -0.0000
vn -0.9659 -0.2588 -0.0000
vn -0.9659 0.2588 -0.0000
vn 0.7071 0.7071 -0.0000
vn 0.8660 -0.5001 -0.0000
vn -0.0000 -0.0002 1.0000
vn 0.2588 -0.9659 -0.0000
vn 0.7071 -0.7071 -0.0000
vn 0.9659 -0.2589 -0.0000
vn 0.9659 0.2588 -0.0000
vn -0.7071 0.7071 -0.0000
vn -0.8660 -0.5001 -0.0000
vn -0.5001 -0.8659 -0.0000
vn 0.9659 -0.2588 -0.0000
vn 0.2589 -0.9659 -0.0000
vn 0.0002 -1.0000 -0.0000
vn 0.9659 -0.0000 0.2588
vn 0.2589 -0.0000 0.9659
vn 0.2588 -0.0000 0.9659
vn -0.2588 -0.0000 0.9659
vn -0.8660 -0.0000 -0.5000
vn -0.5000 -0.0000 -0.8660
vn 0.8659 -0.0000 -0.5002
vn 0.5001 -0.0000 -0.8659
vn 0.0002 1.0000 -0.0000
vn -0.0002 1.0000 -0.0000
vn 0.8659 -0.0000 -0.5001
vt -0.013000 -0.004100
vt -0.014713 -0.004700
vt -0.013000 -0.008500
vt -0.014713 -0.004100
vt -0.004700 -0.014645
vt -0.015000 -0.015000
vt -0.004700 -0.015000
vt -0.004100 -0.013000
vt -0.004100 -0.014645
vt -0.008791 -0.013000
vt 0.013000 -0.004100
vt 0.014713 -0.004700
vt 0.014713 -0.004100
vt 0.015000 0.004700
vt 0.013000 0.008500
vt 0.014713 0.004700
vt 0.004100 -0.013000
vt 0.004700 -0.014645
vt 0.008791 -0.013000
vt 0.004100 0.013000
vt 0.004700 0.014645
vt 0.004100 0.014645
vt 0.013000 -0.008500
vt 0.004100 -0.014645
vt 0.004700 -0.015000
vt 0.015000 -0.015000
vt -0.004700 0.015000
vt -0.008791 0.013000
vt -0.004700 0.014645
vt 0.013000 0.004100
vt 0.008791 0.013000
vt 0.014713 0.004100
vt 0.015000 0.015000
vt 0.004700 0.015000
vt -0.013000 0.004100
vt -0.014713 0.004700
vt -0.014713 0.004100
vt -0.003337 -0.004986
vt 0.001172 -0.005884
vt 0.003337 -0.004986
vt -0.004100 0.013000
vt -0.015000 0.015000
vt -0.008791 0.010240
vt -0.013000 0.008500
vt -0.004100 0.014645
vt 0.003337 0.004986
vt -0.003337 0.004986
vt -0.004877 0.003495
vt 0.008791 0.010240
vt 0.010072 0.008500
vt -0.001172 0.005884
vt -0.015000 0.004700
vt 0.008791 -0.010240
vt -0.015000 -0.004700
vt 0.001172 0.005884
vt -0.010072 0.008500
vt 0.015000 -0.004700
vt 0.005872 0.001235
vt 0.002944 0.001700
vt 0.003400 0.000000
vt -0.008791 -0.010240
vt -0.010072 -0.008500
vt -0.004877 -0.003495
vt 0.010072 -0.008500
vt 0.004877 -0.003495
vt 0.001700 -0.002944
vt 0.000000 -0.003400
vt -0.001172 -0.005884
vt 0.002944 -0.001700
vt -0.001700 -0.002944
vt -0.002944 -0.001700
vt 0.004877 0.003495
vt 0.005872 -0.001235
vt -0.005872 -0.001235
vt -0.003400 0.000000
vt -0.005872 0.001235
vt -0.002944 0.001700
vt -0.001700 0.002944
vt -0.000000 0.003400
vt 0.001700 0.002944
vt -0.000287 0.000000
vt 0.000000 -0.083333
vt -0.000287 -0.083333
vt 0.000000 -0.166667
vt -0.000287 -0.166667
vt 0.000000 -0.250000
vt -0.000287 -0.250000
vt 0.000000 0.000000
vt -0.010300 -0.166667
vt -0.010300 -0.250000
vt -0.010300 0.000000
vt -0.010300 -0.083333
vt -0.000355 -0.166667
vt -0.000355 -0.250000
vt -0.000355 0.000000
vt -0.000355 -0.083333
vt -0.000600 0.000000
vt -0.000600 -0.083333
vt -0.000600 -0.166667
vt -0.000600 -0.250000
vt -0.001645 0.000000
vt -0.001645 -0.083333
vt -0.001645 -0.166667
vt -0.001645 -0.250000
vt -0.004691 0.000000
vt -0.004691 -0.083333
vt -0.004691 -0.166667
vt -0.004691 -0.250000
vt -0.002760 -0.083333
vt -0.002760 0.000000
vt -0.002760 -0.166667
vt -0.002760 -0.250000
vt -0.007573 0.000000
vt -0.007573 -0.083333
vt -0.007573 -0.166667
vt -0.007573 -0.250000
vt 4.908990 0.250000
vt 5.302192 0.166667
vt 5.302192 0.250000
vt 4.122586 0.083333
vt 4.515788 0.000000
vt 4.515788 0.083333
vt 4.122586 0.166667
vt 4.515788 0.166667
vt 4.122586 0.250000
vt 4.515788 0.250000
vt 4.908990 0.000000
vt 4.908990 0.083333
vt 4.908990 0.166667
vt 5.302192 0.000000
vt 5.302192 0.083333
vt 4.122586 0.000000
vt 0.007573 -0.083333
vt 0.007573 -0.166667
vt 0.007573 -0.250000
vt 0.007573 0.000000
vt 0.002760 -0.083333
vt 0.002760 -0.166667
vt 0.002760 -0.250000
vt 0.002760 0.000000
vt 0.004691 -0.166667
vt 0.004691 -0.250000
vt 0.004691 -0.083333
vt 0.004691 0.000000
vt 0.001645 -0.083333
vt 0.001645 -0.166667
vt 0.001645 -0.250000
vt 0.001645 0.000000
vt 0.000600 -0.166667
vt 0.000600 -0.250000
vt 0.000600 -0.083333
vt 0.000600 0.000000
vt 0.000355 -0.083333
vt 0.000355 -0.166667
vt 0.000355 -0.250000
vt 0.000355 0.000000
vt 0.010300 -0.083333
vt 0.010300 -0.166667
vt 0.010300 -0.250000
vt 0.010300 0.000000
vt 0.000287 -0.166667
vt 0.000287 -0.083333
vt 0.000287 -0.250000
vt 0.000287 0.000000
vt 0.001713 -0.166667
vt 0.001713 -0.250000
vt 0.001713 -0.083333
vt 0.001713 0.000000
vt 0.004400 -0.083333
vt 0.004400 -0.166667
vt 0.004400 -0.250000
vt 0.004400 0.000000
vt 0.002928 -0.083333
vt 0.002928 -0.166667
vt 0.002928 -0.250000
vt 0.002928 0.000000
vt 0.007213 -0.166667
vt 0.007213 -0.250000
vt 0.007213 -0.083333
vt 0.007213 0.000000
vt 2.519695 0.083333
vt 2.934294 0.000000
vt 2.934294 0.083333
vt 2.519695 0.166667
vt 2.934294 0.166667
vt 3.348892 0.000000
vt 3.348892 0.083333
vt 2.519695 0.250000
vt 2.934294 0.250000
vt 3.348892 0.250000
vt 3.763490 0.166667
vt 3.763490 0.250000
vt 3.348892 0.166667
vt 3.763490 0.000000
vt 3.763490 0.083333
vt 2.519695 0.000000
vt -0.007213 0.000000
vt -0.007213 -0.083333
vt -0.007213 -0.166667
vt -0.007213 -0.250000
vt -0.002928 -0.166667
vt -0.002928 -0.250000
vt -0.002928 0.000000
vt -0.002928 -0.083333
vt -0.004400 -0.166667
vt -0.004400 -0.250000
vt -0.004400 0.000000
vt -0.004400 -0.083333
vt -0.001713 0.000000
vt -0.001713 -0.083333
vt -0.001713 -0.166667
vt -0.001713 -0.250000
vt 1.374195 0.250000
vt 1.767397 0.166667
vt 1.767397 0.250000
vt 0.980994 0.083333
vt 1.374195 -0.000000
vt 1.374195 0.083333
vt 0.980994 0.166667
vt 1.374195 0.166667
vt 0.980994 0.250000
vt 1.767397 -0.000000
vt 1.767397 0.083333
vt 2.160599 -0.000000
vt 2.160599 0.083333
vt 2.160599 0.166667
vt 2.160599 0.250000
vt 0.980994 -0.000000
vt 5.661288 0.083333
vt 6.075886 0.000000
vt 6.075886 0.083333
vt 5.661288 0.250000
vt 6.075886 0.166667
vt 6.075886 0.250000
vt 6.490484 0.000000
vt 6.490484 0.083333
vt 6.490484 0.166667
vt 6.490484 0.250000
vt 6.905083 0.000000
vt 6.905083 0.083333
vt 6.905083 0.166667
vt 6.905083 0.250000
vt 5.661288 0.166667
vt 5.661288 0.000000
vt 0.002079 -0.005628
vt -0.002079 0.005628
vt 0.000706 0.005958
vt -0.000706 0.005958
vt 0.005954 0.000744
vt 0.003284 0.000880
vt 0.002079 0.005628
vt -0.002079 -0.005628
vt -0.000706 -0.005958
vt -0.005587 -0.002187
vt -0.003284 -0.000880
vt 0.000706 -0.005958
vt 0.005954 -0.000744
vt 0.003284 -0.000880
vt 0.005587 -0.002187
vt 0.000880 0.003284
vt 0.000880 -0.003284
vt -0.005587 0.002187
vt 0.005587 0.002187
vt 0.002404 -0.002404
vt -0.005954 -0.000744
vt -0.000880 0.003284
vt 0.002404 0.002404
vt -0.000880 -0.003284
vt -0.005954 0.000744
vt -0.002404 0.002404
vt -0.002404 -0.002404
vt -0.003284 0.000880
vt 0.000000 -0.200000
vt -0.000287 -0.100000
vt 0.000000 -0.100000
vt -0.000287 -0.200000
vt 0.000000 -0.300000
vt -0.000287 -0.300000
vt 0.000000 -0.400000
vt -0.000287 -0.400000
vt 0.000000 -0.500000
vt -0.000287 -0.500000
vt 0.000000 -0.600000
vt -0.000287 -0.600000
vt 0.000000 -0.700000
vt -0.000287 -0.700000
vt -0.010300 -0.100000
vt -0.010300 -0.200000
vt -0.010300 -0.300000
vt -0.010300 -0.400000
vt -0.010300 -0.500000
vt -0.010300 -0.600000
vt -0.010300 -0.700000
vt -0.000355 -0.100000
vt -0.000355 -0.200000
vt -0.000355 -0.300000
vt -0.000355 -0.400000
vt -0.000355 -0.500000
vt -0.000355 -0.600000
vt -0.000355 -0.700000
vt -0.000600 -0.500000
vt -0.000600 -0.600000
vt -0.000600 -0.100000
vt -0.000600 -0.200000
vt -0.000600 -0.300000
vt -0.000600 -0.400000
vt -0.000600 -0.700000
vt -0.001645 -0.600000
vt -0.001645 -0.700000
vt -0.001645 -0.100000
vt -0.001645 -0.200000
vt -0.001645 -0.300000
vt -0.001645 -0.400000
vt -0.001645 -0.500000
vt -0.004691 -0.100000
vt -0.004691 -0.200000
vt -0.004691 -0.300000
vt -0.004691 -0.400000
vt -0.004691 -0.500000
vt -0.004691 -0.600000
vt -0.004691 -0.700000
vt -0.002760 -0.600000
vt -0.002760 -0.700000
vt -0.002760 -0.100000
vt -0.002760 -0.200000
vt -0.002760 -0.300000
vt -0.002760 -0.400000
vt -0.002760 -0.500000
vt -0.007573 -0.100000
vt -0.007573 -0.200000
vt -0.007573 -0.300000
vt -0.007573 -0.400000
vt -0.007573 -0.500000
vt -0.007573 -0.600000
vt -0.007573 -0.700000
vt 4.122586 0.600000
vt 4.358507 0.500000
vt 4.358507 0.600000
vt 4.122586 0.100000
vt 4.358507 0.000000
vt 4.358507 0.100000
vt 4.122586 0.200000
vt 4.358507 0.200000
vt 4.122586 0.300000
vt 4.358507 0.300000
vt 4.122586 0.400000
vt 4.358507 0.400000
vt 4.122586 0.500000
vt 4.122586 0.700000
vt 4.358507 0.700000
vt 4.594429 0.000000
vt 4.594429 0.100000
vt 4.594429 0.200000
vt 4.594429 0.300000
vt 4.594429 0.400000
vt 4.594429 0.500000
vt 4.594429 0.600000
vt 4.594429 0.700000
vt 4.830349 0.000000
vt 4.830349 0.100000
vt 4.830349 0.200000
vt 4.830349 0.300000
vt 4.830349 0.400000
vt 4.830349 0.500000
vt 4.830349 0.600000
vt 4.830349 0.700000
vt 5.066271 0.000000
vt 5.066271 0.100000
vt 5.066271 0.200000
vt 5.066271 0.300000
vt 5.066271 0.400000
vt 5.066271 0.500000
vt 5.066271 0.600000
vt 5.066271 0.700000
vt 5.302192 0.100000
vt 5.302192 0.200000
vt 5.302192 0.300000
vt 5.302192 0.400000
vt 5.302192 0.500000
vt 5.302192 0.600000
vt 5.302192 0.700000
vt 0.007573 -0.100000
vt 0.007573 -0.200000
vt 0.007573 -0.300000
vt 0.007573 -0.400000
vt 0.007573 -0.500000
vt 0.007573 -0.600000
vt 0.007573 -0.700000
vt 0.002760 -0.100000
vt 0.002760 -0.200000
vt 0.002760 -0.300000
vt 0.002760 -0.400000
vt 0.002760 -0.500000
vt 0.002760 -0.600000
vt 0.002760 -0.700000
vt 0.004691 -0.400000
vt 0.004691 -0.300000
vt 0.004691 -0.100000
vt 0.004691 -0.200000
vt 0.004691 -0.500000
vt 0.004691 -0.600000
vt 0.004691 -0.700000
vt 0.001645 -0.100000
vt 0.001645 -0.200000
vt 0.001645 -0.300000
vt 0.001645 -0.400000
vt 0.001645 -0.500000
vt 0.001645 -0.600000
vt 0.001645 -0.700000
vt 0.000600 -0.100000
vt 0.000600 -0.200000
vt 0.000600 -0.300000
vt 0.000600 -0.400000
vt 0.000600 -0.500000
vt 0.000600 -0.600000
vt 0.000600 -0.700000
vt 0.000355 -0.100000
vt 0.000355 -0.200000
vt 0.000355 -0.300000
vt 0.000355 -0.400000
vt 0.000355 -0.500000
vt 0.000355 -0.600000
vt 0.000355 -0.700000
vt 0.010300 -0.100000
vt 0.010300 -0.200000
vt 0.010300 -0.300000
vt 0.010300 -0.400000
vt 0.010300 -0.500000
vt 0.010300 -0.600000
vt 0.010300 -0.700000
vt 0.000287 -0.700000
vt 0.000287 -0.100000
vt 0.000287 -0.200000
vt 0.000287 -0.300000
vt 0.000287 -0.400000
vt 0.000287 -0.500000
vt 0.000287 -0.600000
vt 0.001713 -0.700000
vt 0.001713 -0.100000
vt 0.001713 -0.200000
vt 0.001713 -0.300000
vt 0.001713 -0.400000
vt 0.001713 -0.500000
vt 0.001713 -0.600000
vt 0.004400 -0.100000
vt 0.004400 -0.200000
vt 0.004400 -0.300000
vt 0.004400 -0.400000
vt 0.004400 -0.500000
vt 0.004400 -0.600000
vt 0.004400 -0.700000
vt 0.002928 -0.400000
vt 0.002928 -0.100000
vt 0.002928 -0.200000
vt 0.002928 -0.300000
vt 0.002928 -0.500000
vt 0.002928 -0.600000
vt 0.002928 -0.700000
vt 0.007213 -0.100000
vt 0.007213 -0.300000
vt 0.007213 -0.400000
vt 0.007213 -0.500000
vt 0.007213 -0.600000
vt 0.007213 -0.700000
vt 0.007213 -0.200000
vt 3.265972 0.400000
vt 3.017213 0.500000
vt 3.017213 0.400000
vt 3.265972 0.500000
vt 3.017213 0.600000
vt 3.265972 0.600000
vt 3.017213 0.700000
vt 3.514731 0.000000
vt 3.265972 0.100000
vt 3.265972 0.000000
vt 3.514731 0.100000
vt 3.265972 0.200000
vt 3.514731 0.200000
vt 3.265972 0.300000
vt 3.514731 0.300000
vt 3.514731 0.400000
vt 3.514731 0.500000
vt 3.514731 0.600000
vt 3.265972 0.700000
vt 3.763490 0.100000
vt 3.763490 0.200000
vt 3.763490 0.300000
vt 3.763490 0.400000
vt 3.763490 0.500000
vt 3.763490 0.600000
vt 3.514731 0.700000
vt 3.763490 0.700000
vt 3.017213 0.300000
vt 3.017213 0.200000
vt 3.017213 0.100000
vt 2.768454 0.700000
vt 2.768454 0.600000
vt 2.768454 0.500000
vt 2.768454 0.400000
vt 2.768454 0.300000
vt 2.768454 0.200000
vt 2.768454 0.100000
vt 3.017213 0.000000
vt 2.519695 0.700000
vt 2.519695 0.600000
vt 2.519695 0.500000
vt 2.519695 0.400000
vt 2.519695 0.300000
vt 2.519695 0.200000
vt 2.519695 0.100000
vt 2.768454 0.000000
vt -0.007213 -0.100000
vt -0.007213 -0.200000
vt -0.007213 -0.300000
vt -0.007213 -0.400000
vt -0.007213 -0.500000
vt -0.007213 -0.600000
vt -0.007213 -0.700000
vt -0.002928 -0.100000
vt -0.002928 -0.200000
vt -0.002928 -0.300000
vt -0.002928 -0.400000
vt -0.002928 -0.500000
vt -0.002928 -0.600000
vt -0.002928 -0.700000
vt -0.004400 -0.100000
vt -0.004400 -0.200000
vt -0.004400 -0.300000
vt -0.004400 -0.400000
vt -0.004400 -0.500000
vt -0.004400 -0.600000
vt -0.004400 -0.700000
vt -0.001713 -0.600000
vt -0.001713 -0.700000
vt -0.001713 -0.100000
vt -0.001713 -0.200000
vt -0.001713 -0.300000
vt -0.001713 -0.400000
vt -0.001713 -0.500000
vt 1.924678 -0.000000
vt 1.688757 0.100000
vt 1.688757 -0.000000
vt 0.980994 0.100000
vt 1.216915 -0.000000
vt 1.216915 0.100000
vt 0.980994 0.200000
vt 1.216915 0.200000
vt 0.980994 0.300000
vt 1.216915 0.300000
vt 0.980994 0.400000
vt 1.216915 0.400000
vt 0.980994 0.500000
vt 1.216915 0.500000
vt 0.980994 0.600000
vt 1.216915 0.600000
vt 0.980994 0.700000
vt 1.216915 0.700000
vt 1.452836 -0.000000
vt 1.452836 0.100000
vt 1.452836 0.200000
vt 1.452836 0.300000
vt 1.452836 0.400000
vt 1.452836 0.500000
vt 1.452836 0.600000
vt 1.452836 0.700000
vt 1.688757 0.200000
vt 1.688757 0.300000
vt 1.688757 0.400000
vt 1.688757 0.500000
vt 1.688757 0.600000
vt 1.688757 0.700000
vt 1.924678 0.100000
vt 1.924678 0.200000
vt 1.924678 0.300000
vt 1.924678 0.400000
vt 1.924678 0.500000
vt 1.924678 0.600000
vt 1.924678 0.700000
vt 2.160599 0.100000
vt 2.160599 0.200000
vt 2.160599 0.300000
vt 2.160599 0.400000
vt 2.160599 0.500000
vt 2.160599 0.600000
vt 2.160599 0.700000
vt 5.910047 0.600000
vt 6.158806 0.500000
vt 6.158806 0.600000
vt 5.661288 0.100000
vt 5.910047 0.000000
vt 5.910047 0.100000
vt 5.661288 0.200000
vt 5.910047 0.200000
vt 5.661288 0.300000
vt 5.910047 0.300000
vt 5.661288 0.400000
vt 5.910047 0.400000
vt 5.661288 0.500000
vt 5.910047 0.500000
vt 5.661288 0.600000
vt 5.661288 0.700000
vt 5.910047 0.700000
vt 6.158806 0.000000
vt 6.158806 0.100000
vt 6.158806 0.200000
vt 6.158806 0.300000
vt 6.158806 0.400000
vt 6.158806 0.700000
vt 6.407565 0.000000
vt 6.407565 0.100000
vt 6.407565 0.200000
vt 6.407565 0.300000
vt 6.407565 0.400000
vt 6.407565 0.500000
vt 6.407565 0.600000
vt 6.407565 0.700000
vt 0.373138 0.000000
vt 0.373138 0.100000
vt 0.373138 0.200000
vt 0.373138 0.300000
vt 0.373138 0.400000
vt 0.373138 0.500000
vt 0.373138 0.600000
vt 0.373138 0.700000
vt 6.905083 0.100000
vt 6.905083 0.200000
vt 6.905083 0.300000
vt 6.905083 0.400000
vt 6.905083 0.500000
vt 6.905083 0.600000
vt 6.905083 0.700000
vt 5.235988 -0.000000
vt 4.712389 0.083333
vt 5.235988 0.083333
vt 4.712389 0.166667
vt 5.235988 0.166667
vt 4.712389 0.250000
vt 5.235988 0.250000
vt 4.712389 -0.000000
vt 4.188790 0.083333
vt 4.188790 0.166667
vt 4.188790 0.250000
vt 4.188790 -0.000000
vt 3.665191 0.083333
vt 3.665191 0.166667
vt 3.665191 0.250000
vt 3.665191 -0.000000
vt 3.141593 0.083333
vt 3.141593 0.166667
vt 3.141593 0.250000
vt 3.141593 -0.000000
vt 2.617994 0.083333
vt 2.617994 0.166667
vt 2.617994 0.250000
vt 2.617994 -0.000000
vt 2.094395 0.083333
vt 2.094395 0.166667
vt 2.094395 0.250000
vt 2.094395 -0.000000
vt 1.570796 0.083333
vt 1.570796 0.166667
vt 1.570796 0.250000
vt 1.570796 -0.000000
vt 1.047198 0.083333
vt 1.047198 0.166667
vt 1.047198 0.250000
vt 1.047198 -0.000000
vt 0.523599 0.083333
vt 0.523599 0.166667
vt 0.523599 0.250000
vt 0.523599 -0.000000
vt 0.000000 0.083333
vt 0.000000 0.166667
vt 0.000000 0.250000
vt -0.523599 0.166667
vt -0.523599 0.250000
vt -0.523599 0.083333
vt -0.523599 -0.000000
vt 5.759586 -0.000000
vt 5.497787 0.100000
vt 5.759586 0.100000
vt 5.497787 0.200000
vt 5.759586 0.200000
vt 5.497787 0.300000
vt 5.759586 0.300000
vt 5.497787 0.400000
vt 5.759586 0.400000
vt 5.497787 0.500000
vt 5.759586 0.500000
vt 5.497787 0.600000
vt 5.759586 0.600000
vt 5.497787 0.700000
vt 5.759586 0.700000
vt 5.497787 -0.000000
vt 5.235988 0.100000
vt 5.235988 0.200000
vt 5.235988 0.300000
vt 5.235988 0.400000
vt 5.235988 0.500000
vt 5.235988 0.600000
vt 5.235988 0.700000
vt 4.974188 0.100000
vt 4.974188 0.200000
vt 4.974188 0.300000
vt 4.974188 0.400000
vt 4.974188 0.500000
vt 4.974188 0.600000
vt 4.974188 0.700000
vt 4.974188 -0.000000
vt 4.712389 0.100000
vt 4.712389 0.200000
vt 4.712389 0.300000
vt 4.712389 0.400000
vt 4.712389 0.500000
vt 4.712389 0.600000
vt 4.712389 0.700000
vt 4.450590 0.100000
vt 4.450590 0.200000
vt 4.450590 0.300000
vt 4.450590 0.400000
vt 4.450590 0.500000
vt 4.450590 0.600000
vt 4.450590 0.700000
vt 4.450590 -0.000000
vt 4.188790 0.100000
vt 4.188790 0.200000
vt 4.188790 0.300000
vt 4.188790 0.400000
vt 4.188790 0.500000
vt 4.188790 0.600000
vt 4.188790 0.700000
vt 3.926991 0.100000
vt 3.926991 0.200000
vt 3.926991 0.300000
vt 3.926991 0.400000
vt 3.926991 0.500000
vt 3.926991 0.600000
vt 3.926991 0.700000
vt 3.926991 -0.000000
vt 3.665191 0.100000
vt 3.665191 0.200000
vt 3.665191 0.300000
vt 3.665191 0.400000
vt 3.665191 0.500000
vt 3.665191 0.600000
vt 3.665191 0.700000
vt 3.403392 0.100000
vt 3.403392 0.200000
vt 3.403392 0.300000
vt 3.403392 0.400000
vt 3.403392 0.500000
vt 3.403392 0.600000
vt 3.403392 0.700000
vt 3.403392 -0.000000
vt 3.141593 0.100000
vt 3.141593 0.200000
vt 3.141593 0.300000
vt 3.141593 0.400000
vt 3.141593 0.500000
vt 3.141593 0.600000
vt 3.141593 0.700000
vt 2.879793 0.100000
vt 2.879793 0.200000
vt 2.879793 0.300000
vt 2.879793 0.400000
vt 2.879793 0.500000
vt 2.879793 0.600000
vt 2.879793 0.700000
vt 2.879793 -0.000000
vt 2.617994 0.100000
vt 2.617994 0.200000
vt 2.617994 0.300000
vt 2.617994 0.400000
vt 2.617994 0.500000
vt 2.617994 0.600000
vt 2.617994 0.700000
vt 2.356194 0.100000
vt 2.356194 0.200000
vt 2.356194 0.300000
vt 2.356194 0.400000
vt 2.356194 0.500000
vt 2.356194 0.600000
vt 2.356194 0.700000
vt 2.356194 -0.000000
vt 2.094395 0.100000
vt 2.094395 0.200000
vt 2.094395 0.300000
vt 2.094395 0.400000
vt 2.094395 0.500000
vt 2.094395 0.600000
vt 2.094395 0.700000
vt 1.832596 0.100000
vt 1.832596 0.200000
vt 1.832596 0.300000
vt 1.832596 0.400000
vt 1.832596 0.500000
vt 1.832596 0.600000
vt 1.832596 0.700000
vt 1.832596 -0.000000
vt 1.570796 0.100000
vt 1.570796 0.200000
vt 1.570796 0.300000
vt 1.570796 0.400000
vt 1.570796 0.500000
vt 1.570796 0.600000
vt 1.570796 0.700000
vt 1.308997 0.100000
vt 1.308997 0.200000
vt 1.308997 0.300000
vt 1.308997 0.400000
vt 1.308997 0.500000
vt 1.308997 0.600000
vt 1.308997 0.700000
vt 1.308997 -0.000000
vt 1.047198 0.100000
vt 1.047198 0.200000
vt 1.047198 0.300000
vt 1.047198 0.400000
vt 1.047198 0.500000
vt 1.047198 0.600000
vt 1.047198 0.700000
vt 0.785398 0.100000
vt 0.785398 0.200000
vt 0.785398 0.300000
vt 0.785398 0.400000
vt 0.785398 0.500000
vt 0.785398 0.600000
vt 0.785398 0.700000
vt 0.785398 -0.000000
vt 0.523599 0.100000
vt 0.523599 0.200000
vt 0.523599 0.300000
vt 0.523599 0.400000
vt 0.523599 0.500000
vt 0.523599 0.600000
vt 0.523599 0.700000
vt 0.261799 0.100000
vt 0.261799 0.200000
vt 0.261799 0.300000
vt 0.261799 0.400000
vt 0.261799 0.500000
vt 0.261799 0.600000
vt 0.261799 0.700000
vt 0.261799 -0.000000
vt 0.000000 0.100000
vt 0.000000 0.200000
vt 0.000000 0.300000
vt 0.000000 0.400000
vt 0.000000 0.500000
vt 0.000000 0.600000
vt 0.000000 0.700000
vt -0.261799 0.600000
vt -0.261799 0.700000
vt -0.261799 0.500000
vt -0.261799 0.400000
vt -0.261799 0.300000
vt -0.261799 0.200000
vt -0.261799 0.100000
vt -0.261799 -0.000000
vt 2.314858 0.000000
vt 2.149511 0.030000
vt 2.149511 0.000000
vt 0.165347 0.000000
vt 0.000000 0.030000
vt 0.330694 0.000000
vt 0.165347 0.030000
vt 0.496041 0.000000
vt 0.330694 0.030000
vt 0.661388 0.000000
vt 0.496041 0.030000
vt 0.826735 0.000000
vt 0.661388 0.030000
vt 0.992082 0.000000
vt 0.826735 0.030000
vt 1.157429 0.000000
vt 0.992082 0.030000
vt 2.480205 0.000000
vt 2.314858 0.030000
vt 2.645552 0.000000
vt 2.480205 0.030000
vt 2.810899 0.000000
vt 2.645552 0.030000
vt 2.976246 0.000000
vt 2.810899 0.030000
vt 2.976246 0.030000
vt 1.343061 0.013237
vt 1.322776 0.000000
vt 1.406019 0.012573
vt 1.488123 0.012134
vt 1.488123 0.000000
vt 1.443722 0.012327
vt 1.322776 0.016427
vt 1.157429 0.030000
vt 1.302166 0.015927
vt 1.291581 0.015472
vt 1.287971 0.015000
vt 1.291533 0.014532
vt 1.302166 0.014073
vt 1.322776 0.013573
vt 1.488123 0.017866
vt 1.322776 0.030000
vt 1.484452 0.017853
vt 1.443808 0.017673
vt 1.406019 0.017427
vt 1.343061 0.016763
vt 1.570796 0.018000
vt 1.488123 0.030000
vt 1.653470 0.030000
vt 1.798532 0.016763
vt 1.818817 0.030000
vt 1.735574 0.017427
vt 1.653470 0.017866
vt 1.697837 0.017673
vt 1.818817 0.013573
vt 1.984164 0.000000
vt 1.839427 0.014073
vt 1.853622 0.015000
vt 1.984164 0.030000
vt 1.850067 0.014532
vt 1.850016 0.015471
vt 1.839427 0.015927
vt 1.818817 0.016427
vt 1.653470 0.012134
vt 1.818817 0.000000
vt 1.657141 0.012147
vt 1.697955 0.012328
vt 1.735574 0.012573
vt 1.798532 0.013237
vt 1.570796 0.012000
vt 1.653470 0.000000
vt 3.141593 0.030000
vt 0.011500 -0.030000
vt 0.002500 0.000000
vt 0.011500 0.000000
vt 0.002500 -0.030000
vt 0.000000 -0.011750
vt -0.012123 -0.016940
vt -0.011975 -0.017875
vt -0.029000 -0.025000
vt -0.015935 -0.020752
vt -0.016778 -0.020322
vt -0.001000 -0.025000
vt -0.012553 -0.019653
vt -0.013222 -0.020322
vt -0.030000 -0.024000
vt -0.017877 -0.018810
vt -0.018025 -0.017875
vt 0.000000 -0.024000
vt -0.012123 -0.018810
vt -0.015000 -0.020900
vt -0.017447 -0.019653
vt -0.030000 -0.011750
vt -0.017447 -0.016097
vt -0.016778 -0.015428
vt -0.000134 -0.024500
vt -0.014065 -0.020752
vt -0.017877 -0.016940
vt -0.014065 -0.014998
vt -0.013222 -0.015428
vt -0.000500 -0.024866
vt -0.015000 -0.014850
vt -0.015935 -0.014998
vt -0.029500 -0.024866
vt -0.012553 -0.016097
vt -0.029866 -0.024500
vt -0.001000 -0.001500
vt -0.029000 0.001500
vt -0.029000 -0.001500
vt -0.001000 0.001500
vt -0.025000 -0.001000
vt -0.020875 -0.015000
vt -0.025000 -0.029000
vt -0.018802 -0.017853
vt -0.019638 -0.017427
vt -0.020728 -0.015927
vt -0.024000 -0.030000
vt 0.016948 -0.017853
vt 0.024000 -0.030000
vt -0.020302 -0.016763
vt 0.015022 -0.015927
vt -0.017875 -0.018000
vt 0.014875 -0.015000
vt 0.018802 -0.012147
vt 0.025000 -0.001000
vt 0.019638 -0.012573
vt 0.015448 -0.016763
vt 0.025000 -0.029000
vt 0.020302 -0.016763
vt 0.020728 -0.015927
vt -0.024000 0.000000
vt -0.016112 -0.012573
vt -0.016948 -0.012147
vt -0.024500 -0.029866
vt 0.024500 -0.000134
vt 0.024000 0.000000
vt -0.016948 -0.017853
vt 0.016948 -0.012147
vt 0.016112 -0.012573
vt -0.017875 -0.012000
vt -0.018802 -0.012147
vt -0.020302 -0.013237
vt -0.019638 -0.012573
vt 0.018802 -0.017853
vt 0.024866 -0.029500
vt 0.020875 -0.015000
vt 0.024866 -0.000500
vt 0.017875 -0.012000
vt 0.015448 -0.013237
vt -0.024866 -0.000500
vt 0.019638 -0.017427
vt 0.024500 -0.029866
vt -0.015022 -0.014073
vt -0.014875 -0.015000
vt -0.024500 -0.000134
vt -0.015022 -0.015927
vt -0.015448 -0.013237
vt 0.015022 -0.014073
vt 0.016112 -0.017427
vt 0.017875 -0.018000
vt 0.020728 -0.014073
vt 0.020302 -0.013237
vt -0.020728 -0.014073
vt -0.024866 -0.029500
vt -0.016112 -0.017427
vt -0.015448 -0.016763
vt -0.011975 0.017875
vt 0.000000 0.011750
vt 0.000000 0.024000
vt -0.018025 0.017875
vt -0.030000 0.024000
vt -0.030000 0.011750
vt -0.017877 0.018810
vt -0.029866 0.024500
vt -0.013222 0.020322
vt -0.001000 0.025000
vt -0.014065 0.020752
vt -0.012123 0.018810
vt -0.012553 0.019653
vt -0.029000 0.025000
vt -0.029500 0.024866
vt -0.000134 0.024500
vt -0.017447 0.019653
vt -0.000500 0.024866
vt -0.017877 0.016940
vt -0.017447 0.016097
vt -0.012123 0.016940
vt -0.015000 0.020900
vt -0.015935 0.020752
vt -0.016778 0.020322
vt -0.014065 0.014998
vt -0.013222 0.015428
vt -0.012553 0.016097
vt -0.016778 0.015428
vt -0.015935 0.014998
vt -0.015000 0.014850
vt 0.196350 -0.000000
vt 0.196350 0.030000
vt -0.196350 0.030000
vt -0.196350 -0.000000
vt 5.890486 0.030000
vt 5.890486 -0.000000
vt 5.694137 0.030000
vt 5.694137 -0.000000
vt 5.497787 0.030000
vt 5.301437 0.030000
vt 5.301437 -0.000000
vt 5.105088 0.030000
vt 5.105088 -0.000000
vt 4.908739 0.030000
vt 4.908739 -0.000000
vt 4.712389 0.030000
vt 4.516039 0.030000
vt 4.516039 -0.000000
vt 4.319690 0.030000
vt 4.319690 -0.000000
vt 4.123340 0.030000
vt 4.123340 -0.000000
vt 3.926991 0.030000
vt 3.730641 0.030000
vt 3.730641 -0.000000
vt 3.534292 0.030000
vt 3.534292 -0.000000
vt 3.337942 0.030000
vt 3.337942 -0.000000
vt 2.945243 0.030000
vt 2.945243 -0.000000
vt 2.748893 0.030000
vt 2.748893 -0.000000
vt 2.552544 0.030000
vt 2.552544 -0.000000
vt 2.356194 0.030000
vt 2.159845 0.030000
vt 2.159845 -0.000000
vt 0.785398 0.030000
vt 0.981748 -0.000000
vt 0.589049 0.030000
vt 0.589049 -0.000000
vt 0.392699 0.030000
vt 0.392699 -0.000000
vt 1.767146 -0.000000
vt 1.747821 0.012328
vt 1.767144 0.012418
vt 1.963495 -0.000000
vt 1.963135 0.014532
vt 1.963495 0.014564
vt 1.963495 0.015432
vt 1.963495 0.030000
vt 1.767144 0.017582
vt 1.767146 0.030000
vt 1.570796 0.030000
vt 1.374447 0.030000
vt 1.394196 0.017673
vt 1.374449 0.017581
vt 1.178097 0.030000
vt 1.178532 0.015472
vt 1.178097 0.015432
vt 1.178097 0.014564
vt 1.178097 -0.000000
vt 1.374449 0.012418
vt 1.374447 -0.000000
vt 1.450890 0.012147
vt 1.510077 0.012037
vt 1.393933 0.012328
vt 1.218647 0.013638
vt 1.252270 0.013237
vt 1.178455 0.014532
vt 1.193777 0.014073
vt 1.341256 0.012573
vt 0.981748 0.030000
vt 1.173316 0.015000
vt 1.341256 0.017427
vt 1.252270 0.016763
vt 1.193777 0.015927
vt 1.218832 0.016364
vt 1.510203 0.017963
vt 1.450890 0.017853
vt 1.690703 0.017853
vt 1.631496 0.017963
vt 1.747635 0.017672
vt 1.922806 0.016364
vt 1.889323 0.016763
vt 1.963051 0.015472
vt 1.947816 0.015927
vt 1.800336 0.017427
vt 1.968277 0.015000
vt 1.800336 0.012573
vt 1.889323 0.013237
vt 1.947816 0.014073
vt 1.922935 0.013638
vt 1.631647 0.012037
vt 1.690703 0.012147
vt -0.007601 0.013012
vt -0.010168 0.014991
vt -0.010603 0.013269
vt 0.005480 0.016980
vt 0.008483 0.018103
vt 0.007281 0.019409
vt 0.004306 0.017944
vt 0.005880 0.020500
vt 0.001512 0.019101
vt 0.000888 0.022213
vt -0.000000 0.019250
vt -0.001512 0.019101
vt -0.000888 0.022213
vt -0.002639 0.021921
vt -0.002966 0.018660
vt -0.004318 0.021345
vt -0.007160 0.014466
vt -0.007750 0.011500
vt -0.010750 0.011500
vt 0.004318 0.021345
vt 0.002966 0.018660
vt 0.002639 0.021921
vt -0.004306 0.017944
vt -0.005880 0.020500
vt -0.007281 0.019409
vt -0.005480 0.016980
vt -0.008483 0.018103
vt -0.006444 0.015806
vt -0.007601 0.009988
vt -0.010750 0.002500
vt -0.007160 0.008534
vt -0.000000 0.003750
vt 0.010750 0.002500
vt -0.006444 0.007194
vt 0.001512 0.003899
vt -0.005480 0.006020
vt -0.004306 0.005056
vt 0.002966 0.004340
vt -0.009454 0.016616
vt 0.004306 0.005056
vt 0.007160 0.014466
vt 0.009454 0.016616
vt 0.006444 0.015806
vt -0.002966 0.004340
vt -0.001512 0.003899
vt 0.005480 0.006020
vt 0.007601 0.009988
vt 0.010750 0.011500
vt 0.007601 0.013012
vt 0.010168 0.014991
vt 0.006444 0.007194
vt 0.007160 0.008534
vt 0.007750 0.011500
vt 0.010603 0.013269
vt -0.011750 0.001500
vt 0.010884 0.002000
vt -0.011250 0.001634
vt -0.024000 -0.001500
vt -0.010884 0.002000
vt 0.011750 0.001500
vt 0.024000 -0.001500
vt 0.024000 0.001500
vt 0.011250 0.001634
vt -0.024000 0.001500
vt 4.712389 0.001500
vt 5.235988 -0.001500
vt 5.235988 0.001500
vt 5.759586 -0.001500
vt 5.759586 0.001500
vt 6.283185 -0.001500
vt 6.283185 0.001500
vt 4.712389 -0.001500
vt 2.094395 -0.001500
vt 1.570796 0.001500
vt 1.570796 -0.001500
vt 2.094395 0.001500
vt 2.617994 -0.001500
vt 2.617994 0.001500
vt 3.141593 -0.001500
vt 3.141593 0.001500
vt 4.712389 -0.030000
vt 4.188790 -0.030000
vt 3.665191 -0.030000
vt 3.141593 -0.030000
vt 3.665191 0.030000
vt 4.188790 0.030000
vt -0.314159 -0.003000
vt -0.628319 -0.000025
vt -0.314159 -0.000025
vt -0.628319 -0.003000
vt 5.340707 -0.000025
vt 5.340707 -0.003000
vt 5.026548 -0.000025
vt 5.026548 -0.003000
vt 4.712389 -0.000025
vt 4.712389 -0.003000
vt 4.398230 -0.000025
vt 4.398230 -0.003000
vt 4.084071 -0.000025
vt 4.084071 -0.003000
vt 3.769911 -0.000025
vt 3.769911 -0.003000
vt 3.455752 -0.000025
vt 3.455752 -0.003000
vt 3.141593 -0.000025
vt 3.141593 -0.003000
vt 2.827433 -0.000025
vt 2.827433 -0.003000
vt 2.513274 -0.000025
vt 2.513274 -0.003000
vt 2.199115 -0.000025
vt 2.199115 -0.003000
vt 1.884956 -0.000025
vt 1.884956 -0.003000
vt 1.570796 -0.000025
vt 1.570796 -0.003000
vt 1.256637 -0.000025
vt 1.256637 -0.003000
vt 0.942478 -0.000025
vt 0.942478 -0.003000
vt 0.628319 -0.000025
vt 0.628319 -0.003000
vt 0.314159 -0.000025
vt 0.314159 -0.003000
vt 0.000000 -0.000025
vt 0.000000 -0.003000
vt -1.884956 0.000000
vt -1.570796 -0.000025
vt -1.884956 -0.000025
vt -1.570796 0.000000
vt -1.256637 -0.000025
vt -1.256637 0.000000
vt -0.942478 -0.000025
vt -0.942478 0.000000
vt -0.628319 0.000000
vt -0.314159 0.000000
vt -6.283185 -0.000025
vt -6.283185 0.000000
vt -2.199115 0.000000
vt -2.199115 -0.000025
vt -2.513274 -0.000025
vt -2.827433 0.000000
vt -2.513274 0.000000
vt -2.827433 -0.000025
vt -3.141593 0.000000
vt -3.141593 -0.000025
vt -3.455752 0.000000
vt -3.455752 -0.000025
vt -3.769911 0.000000
vt -3.769911 -0.000025
vt -4.084071 0.000000
vt -4.084071 -0.000025
vt -4.398230 0.000000
vt -4.398230 -0.000025
vt -4.712389 0.000000
vt -4.712389 -0.000025
vt -5.026548 0.000000
vt -5.026548 -0.000025
vt -5.340707 0.000000
vt -5.340707 -0.000025
vt -5.654867 0.000000
vt -5.654867 -0.000025
vt -5.969026 0.000000
vt -5.969026 -0.000025
vt 0.000000 -0.000250
vt -0.157411 -0.003264
vt -0.300407 -0.000287
vt -0.471391 -0.000337
vt -0.471833 -0.003371
vt 5.654867 -0.000396
vt -0.314159 -0.003306
vt 5.969103 -0.000291
vt 5.654867 -0.003453
vt 5.340707 -0.000528
vt 5.340707 -0.003640
vt 5.026548 -0.000636
vt 5.208046 -0.000579
vt 5.183568 -0.003726
vt 5.026548 -0.003794
vt 4.869165 -0.000666
vt 4.869110 -0.003839
vt 4.712389 -0.000677
vt 4.712389 -0.003854
vt 4.554494 -0.003839
vt 4.398230 -0.003794
vt 4.554559 -0.000666
vt 4.398230 -0.000636
vt 4.084071 -0.003640
vt 4.240221 -0.003725
vt 4.216732 -0.000579
vt 4.084071 -0.000528
vt 3.769911 -0.003453
vt 3.612641 -0.000337
vt 3.612674 -0.003371
vt 3.455752 -0.003306
vt 3.455752 -0.000290
vt 3.769911 -0.000396
vt 3.298676 -0.003264
vt 3.141593 -0.000250
vt 3.442000 -0.000287
vt 2.827511 -0.000291
vt 2.984232 -0.003264
vt 2.827433 -0.003306
vt 3.141593 -0.003250
vt 2.841185 -0.000287
vt 2.670338 -0.000337
vt 2.669830 -0.003371
vt 2.513274 -0.000396
vt 2.513274 -0.003453
vt 2.199115 -0.000528
vt 2.199115 -0.003640
vt 1.884956 -0.000636
vt 2.066453 -0.000579
vt 2.042722 -0.003725
vt 1.884956 -0.003794
vt 0.000000 -0.003250
vt 1.728827 -0.003839
vt 1.570796 -0.000677
vt 1.728530 -0.000666
vt 1.570796 -0.003854
vt 1.414031 -0.003839
vt 1.256637 -0.003794
vt 1.414198 -0.000666
vt 1.256637 -0.000636
vt 0.942478 -0.003640
vt 1.099562 -0.003726
vt 1.075139 -0.000579
vt 0.942478 -0.000528
vt 0.628319 -0.003453
vt 0.471728 -0.000337
vt 0.472293 -0.003371
vt 0.314159 -0.003306
vt 0.314159 -0.000290
vt 0.628319 -0.000396
vt 0.157755 -0.003264
vt 0.300407 -0.000287
vt 6.544985 0.000000
vt 6.283185 0.100000
vt 6.283185 0.000000
vt 6.544985 0.100000
vt 6.283185 0.200000
vt 6.544985 0.200000
vt 6.283185 0.300000
vt 6.544985 0.300000
vt 6.283185 0.400000
vt 6.544985 0.400000
vt 6.283185 0.500000
vt 6.544985 0.500000
vt 6.283185 0.600000
vt 6.544985 0.600000
vt 6.283185 0.700000
vt 6.544985 0.700000
vt 6.021386 0.000000
vt 6.021386 0.100000
vt 6.021386 0.200000
vt 6.021386 0.300000
vt 6.021386 0.400000
vt 6.021386 0.500000
vt 6.021386 0.600000
vt 6.021386 0.700000
vt 0.007244 0.001941
vt 0.007500 0.000000
vt 0.006495 0.003750
vt 0.005303 0.005303
vt 0.003750 0.006495
vt 0.001941 0.007244
vt -0.000000 0.007500
vt -0.001941 0.007244
vt -0.003750 0.006495
vt -0.005303 0.005303
vt -0.006495 0.003750
vt -0.007244 0.001941
vt -0.007500 0.000000
vt -0.007244 -0.001941
vt -0.006495 -0.003750
vt -0.005303 -0.005303
vt -0.003750 -0.006495
vt -0.001941 -0.007244
vt 0.000000 -0.007500
vt 0.001941 -0.007244
vt 0.003750 -0.006495
vt 0.005303 -0.005303
vt 0.006495 -0.003750
vt 0.007244 -0.001941
vt -0.032500 -0.032500
vt -0.013972 -0.024150
vt -0.014200 -0.025000
vt -0.032500 0.032500
vt -0.013972 0.025850
vt -0.014200 0.025000
vt 0.032500 0.032500
vt 0.013350 0.026472
vt 0.012500 0.026700
vt 0.010800 0.025000
vt -0.012500 -0.023300
vt -0.012060 0.023358
vt 0.032500 -0.032500
vt -0.012060 -0.026642
vt -0.011298 -0.026202
vt -0.012500 0.026700
vt -0.011028 -0.024150
vt 0.010800 -0.025000
vt -0.010800 -0.025000
vt -0.013972 0.024150
vt -0.013972 -0.025850
vt 0.012940 -0.026642
vt 0.013702 -0.026202
vt -0.011298 0.023798
vt -0.013702 0.026202
vt 0.011298 -0.023798
vt 0.011028 -0.024150
vt -0.011650 -0.023528
vt -0.013350 0.023528
vt -0.012940 0.023358
vt -0.010858 -0.025440
vt 0.011028 -0.025850
vt -0.011028 0.025850
vt 0.011650 0.026472
vt -0.010800 0.025000
vt -0.013350 0.026472
vt 0.011650 -0.023528
vt 0.012500 -0.023300
vt -0.013350 -0.026472
vt -0.012940 -0.026642
vt 0.012060 -0.026642
vt 0.014200 -0.025000
vt 0.013972 -0.024150
vt 0.014200 0.025000
vt 0.013972 0.025850
vt -0.010858 0.024560
vt -0.011650 0.026472
vt -0.013350 -0.023528
vt 0.011650 -0.026472
vt 0.014142 -0.025440
vt 0.012940 0.023358
vt 0.013702 0.023798
vt 0.011028 0.024150
vt 0.013350 -0.023528
vt 0.014142 0.024560
vt 0.011298 0.026202
vt 0.011028 0.025850
vt -0.013702 -0.023798
vt 0.012060 0.023358
vt 0.011650 0.023528
vt 0.000000 -0.001000
vt -0.065000 0.000000
vt -0.065000 -0.001000
vt 0.065000 -0.001000
vt 0.065000 0.000000
vt -0.261799 0.001000
vt 5.497787 0.001000
vt 4.974188 0.001000
vt 4.450590 0.001000
vt 4.188790 0.001000
vt 3.665191 0.001000
vt 3.141593 0.001000
vt 2.617994 0.001000
vt 2.356194 0.001000
vt 2.094395 0.001000
vt 1.570796 0.001000
vt 1.047198 0.001000
vt 0.523599 0.001000
vt 0.000000 0.001000
vt -0.785398 0.001000
vt -0.785398 0.000000
vt -0.400000 0.000000
vt -0.300000 -0.001000
vt -0.400000 -0.001000
vt -0.200000 0.000000
vt -0.100000 -0.001000
vt -0.200000 -0.001000
vt -0.100000 0.000000
vt -0.300000 0.000000
vt 0.360000 -0.001000
vt 0.270000 0.000000
vt 0.360000 0.000000
vt 0.090000 -0.001000
vt 0.090000 0.000000
vt 0.180000 -0.001000
vt 0.180000 0.000000
vt 0.270000 -0.001000
vt 0.450000 0.000000
vt 0.540000 -0.001000
vt 0.450000 -0.001000
vt 0.540000 0.000000
vt 0.300000 0.000000
vt 0.400000 -0.001000
vt 0.300000 -0.001000
vt 0.400000 0.000000
vt 0.100000 -0.001000
vt 0.200000 0.000000
vt 0.200000 -0.001000
vt 0.100000 0.000000
vt -0.180000 0.000000
vt -0.090000 -0.001000
vt -0.180000 -0.001000
vt -0.540000 0.000000
vt -0.450000 -0.001000
vt -0.540000 -0.001000
vt -0.450000 0.000000
vt -0.360000 -0.001000
vt -0.360000 0.000000
vt -0.270000 -0.001000
vt -0.090000 0.000000
vt -0.270000 0.000000
vt 0.100000 0.180000
vt 0.200000 0.090000
vt 0.100000 0.090000
vt 0.000000 0.180000
vt 0.000000 0.090000
vt -0.100000 0.180000
vt -0.100000 0.090000
vt -0.200000 0.180000
vt -0.200000 0.090000
vt 0.100000 0.270000
vt 0.200000 0.180000
vt 0.000000 0.270000
vt -0.100000 0.270000
vt -0.200000 0.270000
vt -0.100000 -0.090000
vt -0.200000 -0.090000
vt 0.000000 -0.090000
vt 0.100000 -0.090000
vt 0.200000 -0.090000
vt -0.100000 -0.180000
vt -0.200000 -0.180000
vt 0.000000 -0.180000
vt 0.100000 -0.180000
vt 0.200000 -0.180000
vt -0.100000 -0.270000
vt -0.200000 -0.270000
vt 0.000000 -0.270000
vt 0.100000 -0.270000
vt 0.200000 -0.270000
vt 0.200000 0.270000
vt 0.007500 -0.007500
vt 0.006500 0.006500
vt 0.007500 0.007500
vt -0.006500 0.006500
vt -0.007500 0.007500
vt -0.006500 -0.006500
vt -0.007500 -0.007500
vt 0.006500 -0.006500
vt -0.050000 0.015000
vt 0.000000 0.015000
vt -0.050000 0.000000
vt 0.050000 0.000000
vt 0.050000 0.015000
vt -0.050000 0.013000
vt 0.000000 0.013000
vt 0.050000 0.013000
vt 0.013000 -0.050000
vt 0.000000 -0.050000
vt 0.013000 0.000000
vt -0.015000 -0.100000
vt -0.015000 -0.200000
vt -0.015000 -0.300000
vt -0.015000 -0.400000
vt -0.015000 0.000000
vt 0.015000 -0.100000
vt 0.015000 0.000000
vt 0.015000 -0.200000
vt 0.015000 -0.300000
vt 0.015000 -0.400000
vt -0.013000 -0.300000
vt -0.013000 -0.100000
vt -0.013000 -0.200000
vt -0.013000 0.000000
vt -0.013000 -0.400000
vt 0.013000 -0.300000
vt 0.013000 -0.200000
vt 0.013000 -0.100000
vt 0.013000 -0.400000
vt -0.015000 -0.408000
vt 0.000000 -0.510000
vt -0.015000 -0.510000
vt 0.000000 -0.408000
vt -0.015000 -0.306000
vt 0.000000 -0.306000
vt -0.015000 -0.204000
vt 0.000000 -0.204000
vt -0.015000 -0.102000
vt 0.000000 -0.102000
vt 0.015000 -0.306000
vt 0.015000 -0.204000
vt 0.015000 -0.408000
vt 0.015000 -0.510000
vt 0.015000 -0.102000
vt -0.013000 -0.408000
vt -0.013000 -0.306000
vt -0.013000 -0.204000
vt -0.013000 -0.102000
vt -0.013000 -0.510000
vt 0.013000 -0.510000
vt 0.013000 -0.408000
vt 0.013000 -0.306000
vt 0.013000 -0.204000
vt 0.013000 -0.102000
vt 0.000000 -0.080000
vt -0.015000 -0.080000
vt 0.000000 -0.160000
vt -0.015000 -0.160000
vt 0.015000 -0.080000
vt 0.015000 -0.160000
vt -0.013000 -0.080000
vt -0.013000 -0.160000
vt 0.013000 -0.160000
vt 0.013000 -0.080000
vt -0.001000 0.180000
vt 0.000000 0.158333
vt -0.001000 0.158333
vt -0.001000 0.090000
vt 0.000000 0.079167
vt -0.001000 0.079167
vt 0.000000 0.237500
vt -0.001000 0.237500
vt -0.001000 0.000000
vt -0.001000 0.540000
vt 0.000000 0.460833
vt -0.001000 0.460833
vt 0.000000 0.381667
vt -0.001000 0.360000
vt -0.001000 0.381667
vt 0.000000 0.302500
vt -0.001000 0.302500
vt -0.001000 0.450000
vt 0.000000 0.540000
vt 0.261650 -0.158528
vt 0.270000 -0.100000
vt 0.262500 -0.158300
vt -0.180000 0.200000
vt -0.261298 0.161202
vt -0.270000 0.200000
vt -0.261650 0.161472
vt -0.261028 0.160850
vt -0.260800 0.160000
vt -0.261650 0.158528
vt -0.270000 0.100000
vt -0.262060 0.158358
vt -0.262500 0.161700
vt -0.180000 0.100000
vt -0.263350 0.161472
vt -0.261028 0.159150
vt -0.262940 0.158358
vt -0.264200 0.160000
vt -0.263972 0.160850
vt -0.264142 0.159560
vt -0.263702 0.158798
vt -0.090000 0.100000
vt -0.090000 0.200000
vt 0.090000 0.100000
vt 0.090000 0.200000
vt 0.180000 0.100000
vt 0.180000 0.200000
vt 0.263702 0.161202
vt 0.270000 0.200000
vt 0.263972 0.160850
vt 0.263350 0.161472
vt 0.261650 0.161472
vt 0.262500 0.161700
vt 0.264200 0.160000
vt 0.263350 0.158528
vt 0.270000 0.100000
vt 0.262940 0.158358
vt 0.263972 0.159150
vt 0.262060 0.158358
vt 0.260800 0.160000
vt 0.261028 0.160850
vt 0.261298 0.158798
vt 0.260858 0.159560
vt -0.180000 -0.100000
vt -0.090000 -0.100000
vt 0.090000 -0.100000
vt 0.180000 -0.100000
vt -0.261650 -0.158528
vt -0.270000 -0.100000
vt -0.261298 -0.158798
vt -0.261028 -0.159150
vt -0.260800 -0.160000
vt -0.180000 -0.200000
vt -0.261650 -0.161472
vt -0.270000 -0.200000
vt -0.262060 -0.161642
vt -0.262500 -0.158300
vt -0.190833 -0.200000
vt -0.263350 -0.158528
vt -0.262940 -0.161642
vt -0.264200 -0.160000
vt -0.263972 -0.159150
vt -0.261028 -0.160850
vt -0.264142 -0.160440
vt 0.264200 -0.160000
vt 0.270000 -0.200000
vt 0.263702 -0.158798
vt 0.263350 -0.158528
vt 0.263972 -0.159150
vt 0.111667 -0.200000
vt 0.180000 -0.200000
vt -0.111667 -0.200000
vt -0.090000 -0.200000
vt -0.263702 -0.161202
vt 0.090000 -0.200000
vt 0.260800 -0.160000
vt 0.032500 -0.135000
vt -0.000000 -0.135000
vt -0.032500 -0.135000
vt -0.032500 -0.200000
vt 0.032500 -0.200000
vt 0.190833 -0.200000
vt 0.262060 -0.161642
vt 0.263972 -0.160850
vt 0.260858 -0.160440
vt 0.261298 -0.161202
vt 0.263350 -0.161472
vt 0.261028 -0.159150
vt 0.262940 -0.161642
vt -0.001000 0.400000
vt -0.001000 0.200000
vt -0.001000 0.100000
vt -0.001000 0.300000
vt 0.001000 0.450000
vt 0.001000 0.540000
vt 0.001000 0.270000
vt 0.000000 0.360000
vt 0.001000 0.360000
vt 0.001000 0.180000
vt 0.001000 0.090000
vt 0.001000 0.000000
vt 0.000000 0.450000
vt 0.001000 0.300000
vt 0.001000 0.400000
vt 0.001000 0.100000
vt 0.001000 0.200000
vt -0.261799 0.010000
vt 0.000000 0.009000
vt -0.261799 0.009000
vt -0.785398 0.010000
vt -0.785398 0.009000
vt 4.974188 0.010000
vt 4.974188 0.009000
vt 4.450590 0.010000
vt 4.450590 0.009000
vt 4.188790 0.010000
vt 4.188790 0.009000
vt 3.665191 0.010000
vt 3.665191 0.009000
vt 3.141593 0.010000
vt 3.141593 0.009000
vt 2.617994 0.010000
vt 2.617994 0.009000
vt 2.356194 0.010000
vt 2.356194 0.009000
vt 2.094395 0.010000
vt 2.094395 0.009000
vt 1.570796 0.010000
vt 1.570796 0.009000
vt 1.047198 0.010000
vt 1.047198 0.009000
vt 0.523599 0.010000
vt 0.523599 0.009000
vt 0.000000 0.010000
vt -0.200000 0.010000
vt -0.135000 0.009000
vt -0.135000 0.010000
vt -0.200000 0.009000
vt -0.009000 -0.032500
vt -0.010000 0.032500
vt -0.010000 -0.032500
vt -0.009000 0.032500
vt 0.135000 0.010000
vt 0.200000 0.009000
vt 0.200000 0.010000
vt 0.135000 0.009000
vt -0.172060 0.085858
vt -0.172940 0.085858
vt -0.191028 0.066650
vt -0.171298 0.088702
vt -0.100000 0.095000
vt -0.171028 0.088350
vt -0.171028 0.086650
vt -0.171650 0.086028
vt -0.191650 0.066028
vt -0.192060 0.065858
vt -0.192940 0.065858
vt -0.191298 0.068702
vt -0.173702 0.086298
vt -0.191028 0.068350
vt -0.172500 0.089200
vt -0.171650 0.088972
vt -0.170800 0.087500
vt -0.190800 0.067500
vt -0.192500 0.069200
vt -0.174200 0.087500
vt -0.191650 0.068972
vt -0.174142 0.087060
vt -0.200000 0.095000
vt -0.193702 0.066298
vt -0.173972 0.088350
vt -0.173350 0.088972
vt -0.194200 0.067500
vt -0.194142 0.067060
vt -0.193972 0.068350
vt -0.193350 0.068972
vt -0.000000 0.095000
vt 0.100000 0.095000
vt 0.174200 0.087500
vt 0.193702 0.068702
vt 0.173972 0.086650
vt 0.173702 0.088702
vt 0.200000 0.095000
vt 0.173972 0.088350
vt 0.193972 0.068350
vt 0.194200 0.067500
vt 0.173350 0.086028
vt 0.172940 0.085858
vt 0.193350 0.066028
vt 0.192940 0.065858
vt 0.172500 0.089200
vt 0.173350 0.088972
vt 0.172060 0.085858
vt 0.171298 0.086298
vt 0.193972 0.066650
vt 0.192060 0.065858
vt 0.190800 0.067500
vt 0.191298 0.066298
vt 0.170858 0.087060
vt 0.170800 0.087500
vt 0.193350 0.068972
vt 0.171028 0.088350
vt 0.171650 0.088972
vt 0.191028 0.068350
vt 0.191650 0.068972
vt 0.192500 0.069200
vt 0.190858 0.067060
vt -0.191650 -0.068972
vt -0.173350 -0.086028
vt -0.173972 -0.086650
vt -0.192060 -0.069142
vt -0.192940 -0.069142
vt -0.191298 -0.066298
vt -0.172500 -0.085800
vt -0.172060 -0.089142
vt -0.200000 -0.095000
vt -0.172940 -0.089142
vt -0.174200 -0.087500
vt -0.171298 -0.086298
vt -0.171028 -0.086650
vt -0.100000 -0.095000
vt -0.170800 -0.087500
vt -0.191028 -0.068350
vt -0.191650 -0.066028
vt -0.171650 -0.086028
vt -0.171650 -0.088972
vt -0.192500 -0.065800
vt -0.171028 -0.088350
vt -0.191028 -0.066650
vt -0.190800 -0.067500
vt -0.193702 -0.068702
vt -0.173702 -0.088702
vt -0.193972 -0.066650
vt -0.193350 -0.066028
vt -0.194200 -0.067500
vt -0.194142 -0.067940
vt -0.174142 -0.087940
vt -0.000000 -0.095000
vt 0.100000 -0.095000
vt 0.192060 -0.069142
vt 0.200000 -0.095000
vt 0.173972 -0.088350
vt 0.190800 -0.067500
vt 0.173350 -0.086028
vt 0.191028 -0.066650
vt 0.173350 -0.088972
vt 0.173702 -0.086298
vt 0.173972 -0.086650
vt 0.193350 -0.068972
vt 0.192940 -0.069142
vt 0.172940 -0.089142
vt 0.172500 -0.085800
vt 0.174200 -0.087500
vt 0.172060 -0.089142
vt 0.193702 -0.066298
vt 0.193972 -0.066650
vt 0.194200 -0.067500
vt 0.191650 -0.066028
vt 0.193972 -0.068350
vt 0.171028 -0.086650
vt 0.192500 -0.065800
vt 0.193350 -0.066028
vt 0.191298 -0.068702
vt 0.171650 -0.086028
vt 0.171298 -0.088702
vt 0.190858 -0.067940
vt 0.170858 -0.087940
vt 0.170800 -0.087500
vt -0.001000 0.095000
vt -0.001000 0.190000
vt 0.000000 0.190000
vt 0.001000 0.095000
vt 0.001000 0.190000
vt -0.001000 0.270000
vt -0.270000 0.095000
vt -0.180000 0.095000
vt -0.090000 0.095000
vt 0.090000 0.095000
vt 0.180000 0.095000
vt -0.180000 -0.095000
vt -0.270000 -0.095000
vt -0.090000 -0.095000
vt 0.090000 -0.095000
vt 0.180000 -0.095000
vt 0.270000 -0.095000
vt 0.270000 0.095000
s 1
usemtl mat1.005
f 719/1/1 692/2/1 682/3/1
f 692/2/1 719/1/1 720/4/1
f 714/5/1 669/6/1 718/7/1
f 715/8/1 714/5/1 717/9/1
f 714/5/1 670/10/1 669/6/1
f 712/11/1 685/12/1 716/13/1
f 670/10/1 714/5/1 715/8/1
f 703/14/1 683/15/1 706/16/1
f 709/17/1 711/18/1 693/19/1
f 707/20/1 701/21/1 713/22/1
f 685/12/1 712/11/1 675/23/1
f 711/18/1 709/17/1 710/24/1
f 693/19/1 708/25/1 674/26/1
f 694/27/1 695/28/1 698/29/1
f 704/30/1 706/16/1 683/15/1
f 672/31/1 701/21/1 707/20/1
f 706/16/1 704/30/1 705/32/1
f 683/15/1 703/14/1 671/33/1
f 700/34/1 672/31/1 671/33/1
f 699/35/1 689/36/1 702/37/1
f 672/31/1 700/34/1 701/21/1
f 664/38/1 680/39/1 661/40/1
f 696/41/1 698/29/1 695/28/1
f 686/42/1 677/43/1 695/28/1
f 689/36/1 699/35/1 687/44/1
f 698/29/1 696/41/1 697/45/1
f 695/28/1 694/27/1 686/42/1
f 657/46/1 676/47/1 644/48/1
f 666/49/1 658/50/1 683/15/1
f 657/46/1 691/51/1 676/47/1
f 688/52/1 687/44/1 686/42/1
f 674/26/1 662/53/1 693/19/1
f 681/54/1 682/3/1 692/2/1
f 691/51/1 657/46/1 690/55/1
f 687/44/1 688/52/1 689/36/1
f 676/47/1 678/56/1 644/48/1
f 684/57/1 675/23/1 674/26/1
f 641/58/1 643/59/1 655/60/1
f 668/61/1 665/62/1 682/3/1
f 664/38/1 661/40/1 652/63/1
f 678/56/1 677/43/1 687/44/1
f 677/43/1 686/42/1 687/44/1
f 675/23/1 684/57/1 685/12/1
f 661/40/1 663/64/1 659/65/1
f 659/65/1 673/66/1 660/67/1
f 671/33/1 666/49/1 683/15/1
f 669/6/1 668/61/1 682/3/1
f 682/3/1 681/54/1 669/6/1
f 680/39/1 664/38/1 679/68/1
f 678/56/1 676/47/1 677/43/1
f 663/64/1 662/53/1 675/23/1
f 662/53/1 674/26/1 675/23/1
f 659/65/1 656/69/1 673/66/1
f 652/63/1 667/70/1 653/71/1
f 666/49/1 671/33/1 672/31/1
f 642/72/1 657/46/1 644/48/1
f 668/61/1 669/6/1 670/10/1
f 664/38/1 665/62/1 668/61/1
f 661/40/1 659/65/1 652/63/1
f 655/60/1 654/73/1 641/58/1
f 652/63/1 660/67/1 667/70/1
f 651/74/1 653/71/1 649/75/1
f 657/46/1 658/50/1 666/49/1
f 665/62/1 664/38/1 652/63/1
f 663/64/1 661/40/1 662/53/1
f 654/73/1 656/69/1 659/65/1
f 660/67/1 652/63/1 659/65/1
f 651/74/1 649/75/1 648/76/1
f 644/48/1 650/77/1 647/78/1
f 658/50/1 657/46/1 642/72/1
f 656/69/1 654/73/1 655/60/1
f 653/71/1 651/74/1 652/63/1
f 648/76/1 650/77/1 644/48/1
f 642/72/1 645/79/1 646/80/1
f 650/77/1 648/76/1 649/75/1
f 645/79/1 644/48/1 647/78/1
f 643/59/1 642/72/1 646/80/1
f 645/79/1 642/72/1 644/48/1
f 643/59/1 641/58/1 642/72/1
f 708/25/1 693/19/1 711/18/1
f 568/48/2 575/79/2 577/78/2
f 638/1/2 601/2/2 640/4/2
f 633/52/2 605/44/2 636/36/2
f 637/41/2 631/29/2 639/45/2
f 601/2/2 638/1/2 590/3/2
f 624/34/2 615/31/2 627/21/2
f 634/35/2 636/36/2 605/44/2
f 599/28/2 631/29/2 637/41/2
f 636/36/2 634/35/2 635/37/2
f 605/44/2 633/52/2 598/42/2
f 630/27/2 599/28/2 598/42/2
f 628/30/2 607/16/2 632/32/2
f 599/28/2 630/27/2 631/29/2
f 619/57/2 604/23/2 622/12/2
f 625/20/2 627/21/2 615/31/2
f 623/17/2 617/18/2 629/24/2
f 607/16/2 628/30/2 603/15/2
f 627/21/2 625/20/2 626/22/2
f 615/31/2 624/34/2 602/33/2
f 611/7/2 609/10/2 614/5/2
f 620/11/2 622/12/2 604/23/2
f 597/19/2 617/18/2 623/17/2
f 622/12/2 620/11/2 621/13/2
f 604/23/2 619/57/2 596/26/2
f 616/25/2 597/19/2 596/26/2
f 578/38/2 594/39/2 618/68/2
f 597/19/2 616/25/2 617/18/2
f 602/33/2 592/49/2 615/31/2
f 612/8/2 614/5/2 609/10/2
f 584/47/2 591/46/2 570/72/2
f 588/43/2 585/56/2 605/44/2
f 614/5/2 612/8/2 613/9/2
f 609/10/2 611/7/2 589/6/2
f 591/46/2 608/51/2 610/55/2
f 606/14/2 603/15/2 602/33/2
f 589/6/2 582/61/2 609/10/2
f 595/53/2 587/64/2 604/23/2
f 608/51/2 591/46/2 584/47/2
f 603/15/2 606/14/2 607/16/2
f 591/46/2 593/50/2 570/72/2
f 600/54/2 590/3/2 589/6/2
f 598/42/2 588/43/2 605/44/2
f 596/26/2 595/53/2 604/23/2
f 586/40/2 578/38/2 572/65/2
f 593/50/2 592/49/2 603/15/2
f 592/49/2 602/33/2 603/15/2
f 590/3/2 600/54/2 601/2/2
f 578/38/2 565/63/2 564/75/2
f 588/43/2 598/42/2 599/28/2
f 568/48/2 584/47/2 570/72/2
f 595/53/2 596/26/2 597/19/2
f 586/40/2 587/64/2 595/53/2
f 594/39/2 578/38/2 586/40/2
f 593/50/2 591/46/2 592/49/2
f 583/62/2 582/61/2 590/3/2
f 582/61/2 589/6/2 590/3/2
f 584/47/2 585/56/2 588/43/2
f 587/64/2 586/40/2 572/65/2
f 564/75/2 566/74/2 567/76/2
f 585/56/2 584/47/2 568/48/2
f 580/71/2 578/38/2 564/75/2
f 578/38/2 583/62/2 565/63/2
f 578/38/2 581/70/2 579/67/2
f 583/62/2 578/38/2 582/61/2
f 581/70/2 578/38/2 580/71/2
f 570/72/2 563/59/2 574/80/2
f 572/65/2 579/67/2 576/66/2
f 563/59/2 561/58/2 562/60/2
f 579/67/2 572/65/2 578/38/2
f 571/73/2 573/69/2 562/60/2
f 570/72/2 575/79/2 568/48/2
f 569/77/2 568/48/2 577/78/2
f 573/69/2 572/65/2 576/66/2
f 562/60/2 561/58/2 571/73/2
f 575/79/2 570/72/2 574/80/2
f 567/76/2 569/77/2 564/75/2
f 573/69/2 571/73/2 572/65/2
f 561/58/2 563/59/2 570/72/2
f 569/77/2 567/76/2 568/48/2
f 566/74/2 564/75/2 565/63/2
f 553/81/3 555/82/3 556/83/3
f 556/83/3 557/84/3 558/85/3
f 558/85/3 559/86/3 560/87/3
f 559/86/3 558/85/3 557/84/3
f 557/84/3 556/83/3 555/82/3
f 555/82/3 553/81/3 554/88/3
f 550/89/4 551/86/4 552/90/4
f 545/91/4 547/82/4 548/92/4
f 548/92/4 549/84/4 550/89/4
f 549/84/4 548/92/4 547/82/4
f 551/86/4 550/89/4 549/84/4
f 547/82/4 545/91/4 546/88/4
f 539/82/5 537/91/5 538/88/5
f 537/91/5 539/82/5 540/92/5
f 540/92/5 541/84/5 542/89/5
f 542/89/5 543/86/5 544/90/5
f 543/86/5 542/89/5 541/84/5
f 541/84/5 540/92/5 539/82/5
f 534/93/6 535/86/6 536/94/6
f 529/95/6 531/82/6 532/96/6
f 532/96/6 533/84/6 534/93/6
f 531/82/6 529/95/6 530/88/6
f 535/86/6 534/93/6 533/84/6
f 533/84/6 532/96/6 531/82/6
f 521/97/5 523/82/5 524/98/5
f 524/98/5 525/84/5 526/99/5
f 526/99/5 527/86/5 528/100/5
f 527/86/5 526/99/5 525/84/5
f 525/84/5 524/98/5 523/82/5
f 523/82/5 521/97/5 522/88/5
f 515/82/6 513/101/6 514/88/6
f 513/101/6 515/82/6 516/102/6
f 516/102/6 517/84/6 518/103/6
f 518/103/6 519/86/6 520/104/6
f 519/86/6 518/103/6 517/84/6
f 517/84/6 516/102/6 515/82/6
f 507/82/3 505/105/3 506/88/3
f 505/105/3 507/82/3 508/106/3
f 508/106/3 509/84/3 510/107/3
f 510/107/3 511/86/3 512/108/3
f 511/86/3 510/107/3 509/84/3
f 509/84/3 508/106/3 507/82/3
f 501/84/6 500/109/6 499/82/6
f 497/110/6 499/82/6 500/109/6
f 500/109/6 501/84/6 502/111/6
f 502/111/6 503/86/6 504/112/6
f 503/86/6 502/111/6 501/84/6
f 499/82/6 497/110/6 498/88/6
f 489/113/7 491/82/7 492/114/7
f 492/114/7 493/84/7 494/115/7
f 494/115/7 495/86/7 496/116/7
f 495/86/7 494/115/7 493/84/7
f 493/84/7 492/114/7 491/82/7
f 491/82/7 489/113/7 490/88/7
f 486/117/8 487/118/9 488/119/10
f 473/120/11 475/121/12 477/122/12
f 476/123/11 477/122/12 479/124/12
f 478/125/11 479/124/12 482/126/12
f 477/122/12 480/127/8 481/128/8
f 479/124/12 481/128/8 483/129/8
f 482/126/12 483/129/8 486/117/8
f 481/128/8 484/130/9 485/131/9
f 487/118/9 486/117/8 483/129/8
f 485/131/9 483/129/8 481/128/8
f 484/130/9 481/128/8 480/127/8
f 483/129/8 482/126/12 479/124/12
f 481/128/8 479/124/12 477/122/12
f 480/127/8 477/122/12 475/121/12
f 479/124/12 478/125/11 476/123/11
f 477/122/12 476/123/11 473/120/11
f 475/121/12 473/120/11 474/132/11
f 483/129/8 485/131/9 487/118/9
f 465/88/13 467/133/13 468/82/13
f 468/82/13 469/134/13 470/84/13
f 470/84/13 471/135/13 472/86/13
f 471/135/13 470/84/13 469/134/13
f 469/134/13 468/82/13 467/133/13
f 467/133/13 465/88/13 466/136/13
f 457/88/4 459/137/4 460/82/4
f 460/82/4 461/138/4 462/84/4
f 462/84/4 463/139/4 464/86/4
f 463/139/4 462/84/4 461/138/4
f 461/138/4 460/82/4 459/137/4
f 459/137/4 457/88/4 458/140/4
f 452/82/3 453/141/3 454/84/3
f 454/84/3 455/142/3 456/86/3
f 455/142/3 454/84/3 453/141/3
f 453/141/3 452/82/3 451/143/3
f 451/143/3 449/88/3 450/144/3
f 449/88/3 451/143/3 452/82/3
f 441/88/4 443/145/4 444/82/4
f 444/82/4 445/146/4 446/84/4
f 446/84/4 447/147/4 448/86/4
f 447/147/4 446/84/4 445/146/4
f 445/146/4 444/82/4 443/145/4
f 443/145/4 441/88/4 442/148/4
f 436/82/5 437/149/5 438/84/5
f 438/84/5 439/150/5 440/86/5
f 439/150/5 438/84/5 437/149/5
f 437/149/5 436/82/5 435/151/5
f 435/151/5 433/88/5 434/152/5
f 433/88/5 435/151/5 436/82/5
f 425/88/4 427/153/4 428/82/4
f 428/82/4 429/154/4 430/84/4
f 430/84/4 431/155/4 432/86/4
f 431/155/4 430/84/4 429/154/4
f 429/154/4 428/82/4 427/153/4
f 427/153/4 425/88/4 426/156/4
f 417/88/5 419/157/5 420/82/5
f 420/82/5 421/158/5 422/84/5
f 422/84/5 423/159/5 424/86/5
f 423/159/5 422/84/5 421/158/5
f 421/158/5 420/82/5 419/157/5
f 419/157/5 417/88/5 418/160/5
f 409/88/6 411/157/6 412/82/6
f 411/157/6 409/88/6 410/160/6
f 413/158/6 412/82/6 411/157/6
f 415/159/6 414/84/6 413/158/6
f 414/84/6 415/159/6 416/86/6
f 412/82/6 413/158/6 414/84/6
f 404/82/3 405/161/3 406/84/3
f 401/88/3 403/162/3 404/82/3
f 406/84/3 407/163/3 408/86/3
f 407/163/3 406/84/3 405/161/3
f 405/161/3 404/82/3 403/162/3
f 403/162/3 401/88/3 402/164/3
f 393/88/6 395/151/6 396/82/6
f 396/82/6 397/149/6 398/84/6
f 398/84/6 399/150/6 400/86/6
f 399/150/6 398/84/6 397/149/6
f 397/149/6 396/82/6 395/151/6
f 395/151/6 393/88/6 394/152/6
f 388/82/3 389/165/3 390/84/3
f 390/84/3 391/166/3 392/86/3
f 391/166/3 390/84/3 389/165/3
f 389/165/3 388/82/3 387/167/3
f 387/167/3 385/88/3 386/168/3
f 385/88/3 387/167/3 388/82/3
f 377/88/4 379/169/4 380/82/4
f 380/82/4 381/170/4 382/84/4
f 382/84/4 383/171/4 384/86/4
f 383/171/4 382/84/4 381/170/4
f 381/170/4 380/82/4 379/169/4
f 379/169/4 377/88/4 378/172/4
f 369/88/3 371/173/3 372/82/3
f 372/82/3 373/174/3 374/84/3
f 374/84/3 375/175/3 376/86/3
f 375/175/3 374/84/3 373/174/3
f 373/174/3 372/82/3 371/173/3
f 371/173/3 369/88/3 370/176/3
f 364/82/14 365/177/14 366/84/14
f 366/84/14 367/178/14 368/86/14
f 367/178/14 366/84/14 365/177/14
f 365/177/14 364/82/14 363/179/14
f 363/179/14 361/88/14 362/180/14
f 361/88/14 363/179/14 364/82/14
f 345/181/15 347/182/16 349/183/16
f 348/184/15 349/183/16 351/185/16
f 349/183/16 352/186/17 353/187/17
f 350/188/15 351/185/16 354/189/16
f 358/190/17 359/191/18 360/192/19
f 351/185/16 353/187/17 355/193/17
f 354/189/16 355/193/17 358/190/17
f 353/187/17 356/194/18 357/195/18
f 359/191/18 358/190/17 355/193/17
f 357/195/18 355/193/17 353/187/17
f 356/194/18 353/187/17 352/186/17
f 355/193/17 354/189/16 351/185/16
f 353/187/17 351/185/16 349/183/16
f 352/186/17 349/183/16 347/182/16
f 351/185/16 350/188/15 348/184/15
f 349/183/16 348/184/15 345/181/15
f 347/182/16 345/181/15 346/196/15
f 355/193/17 357/195/18 359/191/18
f 337/197/7 339/82/7 340/198/7
f 340/198/7 341/84/7 342/199/7
f 342/199/7 343/86/7 344/200/7
f 343/86/7 342/199/7 341/84/7
f 341/84/7 340/198/7 339/82/7
f 339/82/7 337/197/7 338/88/7
f 334/201/5 335/86/5 336/202/5
f 329/203/5 331/82/5 332/204/5
f 332/204/5 333/84/5 334/201/5
f 333/84/5 332/204/5 331/82/5
f 335/86/5 334/201/5 333/84/5
f 331/82/5 329/203/5 330/88/5
f 326/205/4 327/86/4 328/206/4
f 321/207/4 323/82/4 324/208/4
f 324/208/4 325/84/4 326/205/4
f 325/84/4 324/208/4 323/82/4
f 327/86/4 326/205/4 325/84/4
f 323/82/4 321/207/4 322/88/4
f 315/82/5 313/209/5 314/88/5
f 313/209/5 315/82/5 316/210/5
f 316/210/5 317/84/5 318/211/5
f 318/211/5 319/86/5 320/212/5
f 319/86/5 318/211/5 317/84/5
f 317/84/5 316/210/5 315/82/5
f 305/97/6 307/82/6 308/98/6
f 308/98/6 309/84/6 310/99/6
f 310/99/6 311/86/6 312/100/6
f 311/86/6 310/99/6 309/84/6
f 309/84/6 308/98/6 307/82/6
f 307/82/6 305/97/6 306/88/6
f 302/85/5 303/86/5 304/87/5
f 297/81/5 299/82/5 300/83/5
f 300/83/5 301/84/5 302/85/5
f 299/82/5 297/81/5 298/88/5
f 303/86/5 302/85/5 301/84/5
f 301/84/5 300/83/5 299/82/5
f 289/91/6 291/82/6 292/92/6
f 292/92/6 293/84/6 294/89/6
f 294/89/6 295/86/6 296/90/6
f 295/86/6 294/89/6 293/84/6
f 293/84/6 292/92/6 291/82/6
f 291/82/6 289/91/6 290/88/6
f 283/82/3 281/91/3 282/88/3
f 281/91/3 283/82/3 284/92/3
f 284/92/3 285/84/3 286/89/3
f 286/89/3 287/86/3 288/90/3
f 287/86/3 286/89/3 285/84/3
f 285/84/3 284/92/3 283/82/3
f 275/82/4 273/95/4 274/88/4
f 273/95/4 275/82/4 276/96/4
f 276/96/4 277/84/4 278/93/4
f 278/93/4 279/86/4 280/94/4
f 279/86/4 278/93/4 277/84/4
f 277/84/4 276/96/4 275/82/4
f 265/97/3 267/82/3 268/98/3
f 268/98/3 269/84/3 270/99/3
f 270/99/3 271/86/3 272/100/3
f 271/86/3 270/99/3 269/84/3
f 269/84/3 268/98/3 267/82/3
f 267/82/3 265/97/3 266/88/3
f 259/82/4 257/101/4 258/88/4
f 257/101/4 259/82/4 260/102/4
f 260/102/4 261/84/4 262/103/4
f 262/103/4 263/86/4 264/104/4
f 263/86/4 262/103/4 261/84/4
f 261/84/4 260/102/4 259/82/4
f 254/107/5 255/86/5 256/108/5
f 249/105/5 251/82/5 252/106/5
f 252/106/5 253/84/5 254/107/5
f 251/82/5 249/105/5 250/88/5
f 255/86/5 254/107/5 253/84/5
f 253/84/5 252/106/5 251/82/5
f 241/110/4 243/82/4 244/109/4
f 244/109/4 245/84/4 246/111/4
f 246/111/4 247/86/4 248/112/4
f 247/86/4 246/111/4 245/84/4
f 245/84/4 244/109/4 243/82/4
f 243/82/4 241/110/4 242/88/4
f 235/82/20 233/113/20 234/88/20
f 233/113/20 235/82/20 236/114/20
f 236/114/20 237/84/20 238/115/20
f 238/115/20 239/86/20 240/116/20
f 239/86/20 238/115/20 237/84/20
f 237/84/20 236/114/20 235/82/20
f 226/213/21 227/214/22 230/215/22
f 217/216/23 219/217/21 221/218/21
f 220/219/23 221/218/21 223/220/21
f 222/221/23 223/220/21 226/213/21
f 221/218/21 224/222/22 225/223/22
f 223/220/21 225/223/22 227/214/22
f 221/218/21 220/219/23 217/216/23
f 225/223/22 228/224/24 229/225/24
f 227/214/22 229/225/24 231/226/24
f 230/215/22 231/226/24 232/227/24
f 231/226/24 230/215/22 227/214/22
f 229/225/24 227/214/22 225/223/22
f 228/224/24 225/223/22 224/222/22
f 227/214/22 226/213/21 223/220/21
f 225/223/22 223/220/21 221/218/21
f 224/222/22 221/218/21 219/217/21
f 223/220/21 222/221/23 220/219/23
f 219/217/21 217/216/23 218/228/23
f 211/133/14 209/88/14 210/136/14
f 209/88/14 211/133/14 212/82/14
f 212/82/14 213/134/14 214/84/14
f 214/84/14 215/135/14 216/86/14
f 215/135/14 214/84/14 213/134/14
f 213/134/14 212/82/14 211/133/14
f 206/84/6 207/139/6 208/86/6
f 201/88/6 203/137/6 204/82/6
f 204/82/6 205/138/6 206/84/6
f 203/137/6 201/88/6 202/140/6
f 207/139/6 206/84/6 205/138/6
f 205/138/6 204/82/6 203/137/6
f 193/88/5 195/143/5 196/82/5
f 196/82/5 197/141/5 198/84/5
f 198/84/5 199/142/5 200/86/5
f 199/142/5 198/84/5 197/141/5
f 197/141/5 196/82/5 195/143/5
f 195/143/5 193/88/5 194/144/5
f 187/145/6 185/88/6 186/148/6
f 185/88/6 187/145/6 188/82/6
f 188/82/6 189/146/6 190/84/6
f 190/84/6 191/147/6 192/86/6
f 191/147/6 190/84/6 189/146/6
f 189/146/6 188/82/6 187/145/6
f 177/88/3 179/151/3 180/82/3
f 180/82/3 181/149/3 182/84/3
f 182/84/3 183/150/3 184/86/3
f 183/150/3 182/84/3 181/149/3
f 181/149/3 180/82/3 179/151/3
f 179/151/3 177/88/3 178/152/3
f 171/153/6 169/88/6 170/156/6
f 169/88/6 171/153/6 172/82/6
f 172/82/6 173/154/6 174/84/6
f 174/84/6 175/155/6 176/86/6
f 175/155/6 174/84/6 173/154/6
f 173/154/6 172/82/6 171/153/6
f 165/158/3 164/82/3 163/157/3
f 161/88/3 163/157/3 164/82/3
f 164/82/3 165/158/3 166/84/3
f 166/84/3 167/159/3 168/86/3
f 163/157/3 161/88/3 162/160/3
f 167/159/3 166/84/3 165/158/3
f 156/82/4 157/158/4 158/84/4
f 158/84/4 159/159/4 160/86/4
f 159/159/4 158/84/4 157/158/4
f 157/158/4 156/82/4 155/157/4
f 155/157/4 153/88/4 154/160/4
f 153/88/4 155/157/4 156/82/4
f 148/82/5 149/161/5 150/84/5
f 150/84/5 151/163/5 152/86/5
f 151/163/5 150/84/5 149/161/5
f 149/161/5 148/82/5 147/162/5
f 147/162/5 145/88/5 146/164/5
f 145/88/5 147/162/5 148/82/5
f 140/82/4 141/149/4 142/84/4
f 142/84/4 143/150/4 144/86/4
f 143/150/4 142/84/4 141/149/4
f 141/149/4 140/82/4 139/151/4
f 139/151/4 137/88/4 138/152/4
f 137/88/4 139/151/4 140/82/4
f 134/84/5 135/166/5 136/86/5
f 135/166/5 134/84/5 133/165/5
f 133/165/5 132/82/5 131/167/5
f 129/88/5 131/167/5 132/82/5
f 132/82/5 133/165/5 134/84/5
f 131/167/5 129/88/5 130/168/5
f 124/82/6 125/170/6 126/84/6
f 121/88/6 123/169/6 124/82/6
f 127/171/6 126/84/6 125/170/6
f 125/170/6 124/82/6 123/169/6
f 123/169/6 121/88/6 122/172/6
f 126/84/6 127/171/6 128/86/6
f 116/82/5 117/174/5 118/84/5
f 113/88/5 115/173/5 116/82/5
f 119/175/5 118/84/5 117/174/5
f 117/174/5 116/82/5 115/173/5
f 115/173/5 113/88/5 114/176/5
f 118/84/5 119/175/5 120/86/5
f 110/84/13 111/178/13 112/86/13
f 108/82/13 109/177/13 110/84/13
f 105/88/13 107/179/13 108/82/13
f 109/177/13 108/82/13 107/179/13
f 107/179/13 105/88/13 106/180/13
f 111/178/13 110/84/13 109/177/13
f 89/229/25 91/230/26 93/231/26
f 94/232/25 95/233/26 98/234/26
f 93/231/26 96/235/27 97/236/27
f 95/233/26 97/236/27 99/237/27
f 98/234/26 99/237/27 102/238/27
f 97/236/27 100/239/28 101/240/28
f 99/237/27 101/240/28 103/241/28
f 102/238/27 103/241/28 104/242/28
f 103/241/28 102/238/27 99/237/27
f 101/240/28 99/237/27 97/236/27
f 100/239/28 97/236/27 96/235/27
f 99/237/27 98/234/26 95/233/26
f 97/236/27 95/233/26 93/231/26
f 96/235/27 93/231/26 91/230/26
f 95/233/26 94/232/25 92/243/25
f 93/231/26 92/243/25 89/229/25
f 91/230/26 89/229/25 90/244/25
f 92/243/25 93/231/26 95/233/26
f 81/197/20 83/82/20 84/198/20
f 86/199/20 87/86/20 88/200/20
f 87/86/20 86/199/20 85/84/20
f 85/84/20 84/198/20 83/82/20
f 83/82/20 81/197/20 82/88/20
f 84/198/20 85/84/20 86/199/20
f 76/204/3 77/84/3 78/201/3
f 78/201/3 79/86/3 80/202/3
f 79/86/3 78/201/3 77/84/3
f 73/203/3 75/82/3 76/204/3
f 75/82/3 73/203/3 74/88/3
f 77/84/3 76/204/3 75/82/3
f 70/205/6 71/86/6 72/206/6
f 71/86/6 70/205/6 69/84/6
f 69/84/6 68/208/6 67/82/6
f 67/82/6 65/207/6 66/88/6
f 68/208/6 69/84/6 70/205/6
f 65/207/6 67/82/6 68/208/6
f 61/84/3 60/210/3 59/82/3
f 63/86/3 62/211/3 61/84/3
f 62/211/3 63/86/3 64/212/3
f 60/210/3 61/84/3 62/211/3
f 57/209/3 59/82/3 60/210/3
f 59/82/3 57/209/3 58/88/3
f 49/97/4 51/82/4 52/98/4
f 54/99/4 55/86/4 56/100/4
f 55/86/4 54/99/4 53/84/4
f 53/84/4 52/98/4 51/82/4
f 51/82/4 49/97/4 50/88/4
f 52/98/4 53/84/4 54/99/4
f 2921/1/5 2894/2/5 2882/3/5
f 2894/2/5 2921/1/5 2922/4/5
f 2916/5/5 2871/6/5 2920/7/5
f 2917/8/5 2916/5/5 2919/9/5
f 2916/5/5 2872/10/5 2871/6/5
f 2914/11/5 2875/12/5 2918/13/5
f 2872/10/5 2916/5/5 2917/8/5
f 2905/14/5 2890/15/5 2908/16/5
f 2911/17/5 2913/18/5 2891/19/5
f 2909/20/5 2903/21/5 2915/22/5
f 2875/12/5 2914/11/5 2867/23/5
f 2913/18/5 2911/17/5 2912/24/5
f 2891/19/5 2910/25/5 2866/26/5
f 2896/27/5 2897/28/5 2900/29/5
f 2906/30/5 2908/16/5 2890/15/5
f 2884/31/5 2903/21/5 2909/20/5
f 2908/16/5 2906/30/5 2907/32/5
f 2890/15/5 2905/14/5 2883/33/5
f 2902/34/5 2884/31/5 2883/33/5
f 2901/35/5 2893/36/5 2904/37/5
f 2884/31/5 2902/34/5 2903/21/5
f 2824/63/5 2869/245/5 2855/40/5
f 2898/41/5 2900/29/5 2897/28/5
f 2885/42/5 2877/43/5 2897/28/5
f 2893/36/5 2901/35/5 2886/44/5
f 2900/29/5 2898/41/5 2899/45/5
f 2897/28/5 2896/27/5 2885/42/5
f 2864/46/5 2876/47/5 2826/48/5
f 2873/49/5 2865/50/5 2890/15/5
f 2887/246/5 2889/247/5 2895/248/5
f 2892/52/5 2886/44/5 2885/42/5
f 2845/249/5 2847/250/5 2858/60/5
f 2881/54/5 2882/3/5 2894/2/5
f 2888/251/5 2887/246/5 2864/46/5
f 2876/47/5 2864/46/5 2887/246/5
f 2886/44/5 2892/52/5 2893/36/5
f 2876/47/5 2878/56/5 2826/48/5
f 2866/26/5 2856/53/5 2891/19/5
f 2883/33/5 2873/49/5 2890/15/5
f 2870/61/5 2863/62/5 2882/3/5
f 2824/63/5 2880/252/5 2879/253/5
f 2889/247/5 2887/246/5 2888/251/5
f 2878/56/5 2877/43/5 2886/44/5
f 2877/43/5 2885/42/5 2886/44/5
f 2874/57/5 2867/23/5 2866/26/5
f 2823/254/5 2825/71/5 2854/255/5
f 2873/49/5 2883/33/5 2884/31/5
f 2835/72/5 2864/46/5 2826/48/5
f 2871/6/5 2870/61/5 2882/3/5
f 2882/3/5 2881/54/5 2871/6/5
f 2880/252/5 2824/63/5 2862/38/5
f 2868/256/5 2824/63/5 2879/253/5
f 2878/56/5 2876/47/5 2877/43/5
f 2867/23/5 2874/57/5 2875/12/5
f 2855/40/5 2857/64/5 2839/65/5
f 2859/257/5 2844/258/5 2843/259/5
f 2835/72/5 2851/260/5 2849/80/5
f 2864/46/5 2865/50/5 2873/49/5
f 2870/61/5 2871/6/5 2872/10/5
f 2862/38/5 2863/62/5 2870/61/5
f 2869/245/5 2824/63/5 2868/256/5
f 2857/64/5 2856/53/5 2867/23/5
f 2856/53/5 2866/26/5 2867/23/5
f 2844/258/5 2859/257/5 2858/60/5
f 2839/65/5 2861/66/5 2860/261/5
f 2838/262/5 2836/77/5 2826/48/5
f 2846/263/5 2848/59/5 2847/250/5
f 2865/50/5 2864/46/5 2835/72/5
f 2863/62/5 2862/38/5 2824/63/5
f 2855/40/5 2839/65/5 2824/63/5
f 2839/65/5 2842/264/5 2861/66/5
f 2840/67/5 2839/65/5 2860/261/5
f 2853/265/5 2854/255/5 2830/75/5
f 2826/48/5 2852/78/5 2827/266/5
f 2835/72/5 2850/267/5 2848/59/5
f 2845/249/5 2858/60/5 2859/257/5
f 2857/64/5 2855/40/5 2856/53/5
f 2843/259/5 2841/69/5 2839/65/5
f 2824/63/5 2840/67/5 2833/268/5
f 2854/255/5 2853/265/5 2823/254/5
f 2830/75/5 2829/269/5 2853/265/5
f 2826/48/5 2837/270/5 2852/78/5
f 2835/72/5 2828/79/5 2851/260/5
f 2850/267/5 2835/72/5 2849/80/5
f 2848/59/5 2846/263/5 2835/72/5
f 2847/250/5 2845/249/5 2846/263/5
f 2841/69/5 2843/259/5 2844/258/5
f 2842/264/5 2839/65/5 2841/69/5
f 2840/67/5 2824/63/5 2839/65/5
f 2824/63/5 2834/70/5 2832/271/5
f 2829/269/5 2831/272/5 2838/262/5
f 2836/77/5 2838/262/5 2831/272/5
f 2837/270/5 2826/48/5 2836/77/5
f 2826/48/5 2828/79/5 2835/72/5
f 2834/70/5 2824/63/5 2833/268/5
f 2825/71/5 2824/63/5 2832/271/5
f 2831/272/5 2829/269/5 2830/75/5
f 2828/79/5 2826/48/5 2827/266/5
f 2825/71/5 2823/254/5 2824/63/5
f 2910/25/5 2891/19/5 2913/18/5
f 2745/249/3 2747/250/3 2756/263/3
f 2820/1/3 2777/2/3 2822/4/3
f 2815/52/3 2793/44/3 2818/36/3
f 2819/41/3 2813/29/3 2821/45/3
f 2777/2/3 2820/1/3 2767/3/3
f 2806/34/3 2798/31/3 2809/21/3
f 2816/35/3 2818/36/3 2793/44/3
f 2789/28/3 2813/29/3 2819/41/3
f 2818/36/3 2816/35/3 2817/37/3
f 2793/44/3 2815/52/3 2788/42/3
f 2812/27/3 2789/28/3 2788/42/3
f 2810/30/3 2792/16/3 2814/32/3
f 2789/28/3 2812/27/3 2813/29/3
f 2801/57/3 2783/23/3 2804/12/3
f 2807/20/3 2809/21/3 2798/31/3
f 2805/17/3 2800/18/3 2811/24/3
f 2792/16/3 2810/30/3 2785/15/3
f 2809/21/3 2807/20/3 2808/22/3
f 2798/31/3 2806/34/3 2784/33/3
f 2794/7/3 2790/10/3 2797/5/3
f 2802/11/3 2804/12/3 2783/23/3
f 2775/19/3 2800/18/3 2805/17/3
f 2804/12/3 2802/11/3 2803/13/3
f 2783/23/3 2801/57/3 2774/26/3
f 2799/25/3 2775/19/3 2774/26/3
f 2778/246/3 2786/251/3 2768/46/3
f 2775/19/3 2799/25/3 2800/18/3
f 2724/65/3 2763/252/3 2759/38/3
f 2795/8/3 2797/5/3 2790/10/3
f 2784/33/3 2769/49/3 2798/31/3
f 2787/43/3 2782/56/3 2793/44/3
f 2797/5/3 2795/8/3 2796/9/3
f 2790/10/3 2794/7/3 2766/6/3
f 2791/14/3 2785/15/3 2784/33/3
f 2728/269/3 2730/272/3 2732/75/3
f 2788/42/3 2787/43/3 2793/44/3
f 2768/46/3 2781/47/3 2778/246/3
f 2785/15/3 2791/14/3 2792/16/3
f 2768/46/3 2770/50/3 2738/72/3
f 2766/6/3 2760/61/3 2790/10/3
f 2773/53/3 2765/64/3 2783/23/3
f 2787/43/3 2788/42/3 2789/28/3
f 2781/47/3 2782/56/3 2787/43/3
f 2781/47/3 2768/46/3 2734/48/3
f 2778/246/3 2780/247/3 2786/251/3
f 2770/50/3 2769/49/3 2785/15/3
f 2769/49/3 2784/33/3 2785/15/3
f 2776/54/3 2767/3/3 2766/6/3
f 2733/265/3 2751/255/3 2750/254/3
f 2774/26/3 2773/53/3 2783/23/3
f 2724/65/3 2772/245/3 2771/256/3
f 2782/56/3 2781/47/3 2734/48/3
f 2780/247/3 2778/246/3 2779/248/3
f 2768/46/3 2738/72/3 2734/48/3
f 2767/3/3 2776/54/3 2777/2/3
f 2759/38/3 2761/62/3 2742/63/3
f 2751/255/3 2733/265/3 2732/75/3
f 2746/60/3 2745/249/3 2757/257/3
f 2773/53/3 2774/26/3 2775/19/3
f 2764/40/29 2765/64/3 2773/53/3
f 2772/245/3 2724/65/3 2764/40/29
f 2762/253/3 2724/65/3 2771/256/3
f 2770/50/3 2768/46/3 2769/49/3
f 2761/62/3 2760/61/3 2767/3/3
f 2760/61/3 2766/6/3 2767/3/3
f 2723/259/3 2725/69/3 2758/258/3
f 2738/72/3 2755/267/3 2753/80/3
f 2765/64/3 2764/40/29 2724/65/3
f 2763/252/3 2724/65/3 2762/253/3
f 2759/38/3 2742/63/3 2724/65/3
f 2742/63/3 2752/71/3 2748/271/3
f 2757/257/3 2758/258/3 2746/60/3
f 2756/263/3 2754/59/3 2738/72/3
f 2734/48/3 2740/79/3 2744/266/3
f 2761/62/3 2759/38/3 2760/61/3
f 2750/254/3 2752/71/3 2742/63/3
f 2742/63/3 2749/70/3 2743/268/3
f 2758/258/3 2757/257/3 2723/259/3
f 2725/69/3 2724/65/3 2726/264/3
f 2754/59/3 2756/263/3 2747/250/3
f 2755/267/3 2738/72/3 2754/59/3
f 2739/260/3 2738/72/3 2753/80/3
f 2734/48/3 2737/270/3 2735/77/3
f 2752/71/3 2750/254/3 2751/255/3
f 2749/70/3 2742/63/3 2748/271/3
f 2742/63/3 2741/67/3 2724/65/3
f 2747/250/3 2745/249/3 2746/60/3
f 2738/72/3 2740/79/3 2734/48/3
f 2736/78/3 2734/48/3 2744/266/3
f 2729/262/3 2735/77/3 2730/272/3
f 2741/67/3 2742/63/3 2743/268/3
f 2731/261/3 2724/65/3 2741/67/3
f 2740/79/3 2738/72/3 2739/260/3
f 2737/270/3 2734/48/3 2736/78/3
f 2735/77/3 2729/262/3 2734/48/3
f 2728/269/3 2732/75/3 2733/265/3
f 2727/66/3 2724/65/3 2731/261/3
f 2730/272/3 2728/269/3 2729/262/3
f 2726/264/3 2724/65/3 2727/66/3
f 2725/69/3 2723/259/3 2724/65/3
f 2711/273/1 2710/274/1 2709/275/1
f 2707/81/1 2709/275/1 2710/274/1
f 2710/274/1 2711/273/1 2712/276/1
f 2712/276/1 2713/277/1 2714/278/1
f 2714/278/1 2715/279/1 2716/280/1
f 2716/280/1 2717/281/1 2718/282/1
f 2718/282/1 2719/283/1 2720/284/1
f 2720/284/1 2721/285/1 2722/286/1
f 2721/285/1 2720/284/1 2719/283/1
f 2719/283/1 2718/282/1 2717/281/1
f 2717/281/1 2716/280/1 2715/279/1
f 2715/279/1 2714/278/1 2713/277/1
f 2713/277/1 2712/276/1 2711/273/1
f 2709/275/1 2707/81/1 2708/88/1
f 2693/275/4 2691/91/4 2692/88/4
f 2691/91/4 2693/275/4 2694/287/4
f 2694/287/4 2695/273/4 2696/288/4
f 2696/288/4 2697/277/4 2698/289/4
f 2698/289/4 2699/279/4 2700/290/4
f 2700/290/4 2701/281/4 2702/291/4
f 2702/291/4 2703/283/4 2704/292/4
f 2704/292/4 2705/285/4 2706/293/4
f 2705/285/4 2704/292/4 2703/283/4
f 2703/283/4 2702/291/4 2701/281/4
f 2701/281/4 2700/290/4 2699/279/4
f 2699/279/4 2698/289/4 2697/277/4
f 2697/277/4 2696/288/4 2695/273/4
f 2695/273/4 2694/287/4 2693/275/4
f 2688/292/2 2689/285/2 2690/293/2
f 2675/91/2 2677/275/2 2678/287/2
f 2678/287/2 2679/273/2 2680/288/2
f 2680/288/2 2681/277/2 2682/289/2
f 2682/289/2 2683/279/2 2684/290/2
f 2684/290/2 2685/281/2 2686/291/2
f 2686/291/2 2687/283/2 2688/292/2
f 2679/273/2 2678/287/2 2677/275/2
f 2689/285/2 2688/292/2 2687/283/2
f 2687/283/2 2686/291/2 2685/281/2
f 2685/281/2 2684/290/2 2683/279/2
f 2683/279/2 2682/289/2 2681/277/2
f 2681/277/2 2680/288/2 2679/273/2
f 2677/275/2 2675/91/2 2676/88/2
f 2661/275/6 2659/95/6 2660/88/6
f 2659/95/6 2661/275/6 2662/294/6
f 2662/294/6 2663/273/6 2664/295/6
f 2664/295/6 2665/277/6 2666/296/6
f 2666/296/6 2667/279/6 2668/297/6
f 2668/297/6 2669/281/6 2670/298/6
f 2670/298/6 2671/283/6 2672/299/6
f 2672/299/6 2673/285/6 2674/300/6
f 2673/285/6 2672/299/6 2671/283/6
f 2671/283/6 2670/298/6 2669/281/6
f 2669/281/6 2668/297/6 2667/279/6
f 2667/279/6 2666/296/6 2665/277/6
f 2665/277/6 2664/295/6 2663/273/6
f 2663/273/6 2662/294/6 2661/275/6
f 2654/301/2 2655/283/2 2656/302/2
f 2643/97/2 2645/275/2 2646/303/2
f 2646/303/2 2647/273/2 2648/304/2
f 2648/304/2 2649/277/2 2650/305/2
f 2650/305/2 2651/279/2 2652/306/2
f 2652/306/2 2653/281/2 2654/301/2
f 2645/275/2 2643/97/2 2644/88/2
f 2656/302/2 2657/285/2 2658/307/2
f 2657/285/2 2656/302/2 2655/283/2
f 2655/283/2 2654/301/2 2653/281/2
f 2653/281/2 2652/306/2 2651/279/2
f 2651/279/2 2650/305/2 2649/277/2
f 2649/277/2 2648/304/2 2647/273/2
f 2647/273/2 2646/303/2 2645/275/2
f 2640/308/6 2641/285/6 2642/309/6
f 2627/101/6 2629/275/6 2630/310/6
f 2630/310/6 2631/273/6 2632/311/6
f 2632/311/6 2633/277/6 2634/312/6
f 2634/312/6 2635/279/6 2636/313/6
f 2636/313/6 2637/281/6 2638/314/6
f 2638/314/6 2639/283/6 2640/308/6
f 2629/275/6 2627/101/6 2628/88/6
f 2641/285/6 2640/308/6 2639/283/6
f 2639/283/6 2638/314/6 2637/281/6
f 2637/281/6 2636/313/6 2635/279/6
f 2635/279/6 2634/312/6 2633/277/6
f 2633/277/6 2632/311/6 2631/273/6
f 2631/273/6 2630/310/6 2629/275/6
f 2613/275/1 2611/105/1 2612/88/1
f 2611/105/1 2613/275/1 2614/315/1
f 2614/315/1 2615/273/1 2616/316/1
f 2616/316/1 2617/277/1 2618/317/1
f 2618/317/1 2619/279/1 2620/318/1
f 2620/318/1 2621/281/1 2622/319/1
f 2622/319/1 2623/283/1 2624/320/1
f 2624/320/1 2625/285/1 2626/321/1
f 2625/285/1 2624/320/1 2623/283/1
f 2623/283/1 2622/319/1 2621/281/1
f 2621/281/1 2620/318/1 2619/279/1
f 2619/279/1 2618/317/1 2617/277/1
f 2617/277/1 2616/316/1 2615/273/1
f 2615/273/1 2614/315/1 2613/275/1
f 2608/322/6 2609/285/6 2610/323/6
f 2595/110/6 2597/275/6 2598/324/6
f 2598/324/6 2599/273/6 2600/325/6
f 2600/325/6 2601/277/6 2602/326/6
f 2602/326/6 2603/279/6 2604/327/6
f 2604/327/6 2605/281/6 2606/328/6
f 2606/328/6 2607/283/6 2608/322/6
f 2597/275/6 2595/110/6 2596/88/6
f 2609/285/6 2608/322/6 2607/283/6
f 2607/283/6 2606/328/6 2605/281/6
f 2605/281/6 2604/327/6 2603/279/6
f 2603/279/6 2602/326/6 2601/277/6
f 2601/277/6 2600/325/6 2599/273/6
f 2599/273/6 2598/324/6 2597/275/6
f 2581/275/30 2579/113/30 2580/88/30
f 2579/113/30 2581/275/30 2582/329/30
f 2582/329/30 2583/273/30 2584/330/30
f 2584/330/30 2585/277/30 2586/331/30
f 2586/331/30 2587/279/30 2588/332/30
f 2588/332/30 2589/281/30 2590/333/30
f 2590/333/30 2591/283/30 2592/334/30
f 2592/334/30 2593/285/30 2594/335/30
f 2593/285/30 2592/334/30 2591/283/30
f 2591/283/30 2590/333/30 2589/281/30
f 2589/281/30 2588/332/30 2587/279/30
f 2587/279/30 2586/331/30 2585/277/30
f 2585/277/30 2584/330/30 2583/273/30
f 2583/273/30 2582/329/30 2581/275/30
f 2542/336/31 2543/337/32 2545/338/32
f 2531/339/31 2533/340/32 2535/341/32
f 2534/342/31 2535/341/32 2537/343/32
f 2536/344/31 2537/343/32 2539/345/32
f 2538/346/31 2539/345/32 2541/347/32
f 2540/348/31 2541/347/32 2543/337/32
f 2533/340/32 2531/339/31 2532/132/31
f 2544/349/31 2545/338/32 2552/350/32
f 2535/341/32 2546/351/33 2547/352/33
f 2537/343/32 2547/352/33 2548/353/33
f 2539/345/32 2548/353/33 2549/354/33
f 2541/347/32 2549/354/33 2550/355/33
f 2543/337/32 2550/355/33 2551/356/33
f 2545/338/32 2551/356/33 2553/357/33
f 2552/350/32 2553/357/33 2560/358/33
f 2547/352/33 2554/359/34 2555/360/34
f 2548/353/33 2555/360/34 2556/361/34
f 2549/354/33 2556/361/34 2557/362/34
f 2550/355/33 2557/362/34 2558/363/34
f 2551/356/33 2558/363/34 2559/364/34
f 2553/357/33 2559/364/34 2561/365/34
f 2560/358/33 2561/365/34 2568/366/34
f 2555/360/34 2562/367/35 2563/368/35
f 2556/361/34 2563/368/35 2564/369/35
f 2557/362/34 2564/369/35 2565/370/35
f 2558/363/34 2565/370/35 2566/371/35
f 2559/364/34 2566/371/35 2567/372/35
f 2561/365/34 2567/372/35 2569/373/35
f 2568/366/34 2569/373/35 2576/374/35
f 2563/368/35 2570/130/36 2571/375/36
f 2564/369/35 2571/375/36 2572/376/36
f 2565/370/35 2572/376/36 2573/377/36
f 2566/371/35 2573/377/36 2574/378/36
f 2567/372/35 2574/378/36 2575/379/36
f 2569/373/35 2575/379/36 2577/380/36
f 2576/374/35 2577/380/36 2578/381/36
f 2577/380/36 2576/374/35 2569/373/35
f 2575/379/36 2569/373/35 2567/372/35
f 2574/378/36 2567/372/35 2566/371/35
f 2573/377/36 2566/371/35 2565/370/35
f 2572/376/36 2565/370/35 2564/369/35
f 2571/375/36 2564/369/35 2563/368/35
f 2570/130/36 2563/368/35 2562/367/35
f 2569/373/35 2568/366/34 2561/365/34
f 2567/372/35 2561/365/34 2559/364/34
f 2566/371/35 2559/364/34 2558/363/34
f 2565/370/35 2558/363/34 2557/362/34
f 2564/369/35 2557/362/34 2556/361/34
f 2563/368/35 2556/361/34 2555/360/34
f 2562/367/35 2555/360/34 2554/359/34
f 2561/365/34 2560/358/33 2553/357/33
f 2559/364/34 2553/357/33 2551/356/33
f 2558/363/34 2551/356/33 2550/355/33
f 2557/362/34 2550/355/33 2549/354/33
f 2556/361/34 2549/354/33 2548/353/33
f 2555/360/34 2548/353/33 2547/352/33
f 2554/359/34 2547/352/33 2546/351/33
f 2553/357/33 2552/350/32 2545/338/32
f 2551/356/33 2545/338/32 2543/337/32
f 2550/355/33 2543/337/32 2541/347/32
f 2549/354/33 2541/347/32 2539/345/32
f 2548/353/33 2539/345/32 2537/343/32
f 2547/352/33 2537/343/32 2535/341/32
f 2546/351/33 2535/341/32 2533/340/32
f 2545/338/32 2544/349/31 2542/336/31
f 2543/337/32 2542/336/31 2540/348/31
f 2541/347/32 2540/348/31 2538/346/31
f 2539/345/32 2538/346/31 2536/344/31
f 2537/343/32 2536/344/31 2534/342/31
f 2535/341/32 2534/342/31 2531/339/31
f 2517/382/37 2515/88/37 2516/136/37
f 2515/88/37 2517/382/37 2518/275/37
f 2518/275/37 2519/383/37 2520/273/37
f 2520/273/37 2521/384/37 2522/277/37
f 2522/277/37 2523/385/37 2524/279/37
f 2524/279/37 2525/386/37 2526/281/37
f 2526/281/37 2527/387/37 2528/283/37
f 2528/283/37 2529/388/37 2530/285/37
f 2529/388/37 2528/283/37 2527/387/37
f 2527/387/37 2526/281/37 2525/386/37
f 2525/386/37 2524/279/37 2523/385/37
f 2523/385/37 2522/277/37 2521/384/37
f 2521/384/37 2520/273/37 2519/383/37
f 2519/383/37 2518/275/37 2517/382/37
f 2501/389/4 2499/88/4 2500/140/4
f 2499/88/4 2501/389/4 2502/275/4
f 2502/275/4 2503/390/4 2504/273/4
f 2504/273/4 2505/391/4 2506/277/4
f 2506/277/4 2507/392/4 2508/279/4
f 2508/279/4 2509/393/4 2510/281/4
f 2510/281/4 2511/394/4 2512/283/4
f 2512/283/4 2513/395/4 2514/285/4
f 2513/395/4 2512/283/4 2511/394/4
f 2511/394/4 2510/281/4 2509/393/4
f 2509/393/4 2508/279/4 2507/392/4
f 2507/392/4 2506/277/4 2505/391/4
f 2505/391/4 2504/273/4 2503/390/4
f 2503/390/4 2502/275/4 2501/389/4
f 2491/396/1 2490/277/1 2489/397/1
f 2483/88/1 2485/398/1 2486/275/1
f 2486/275/1 2487/399/1 2488/273/1
f 2488/273/1 2489/397/1 2490/277/1
f 2490/277/1 2491/396/1 2492/279/1
f 2492/279/1 2493/400/1 2494/281/1
f 2494/281/1 2495/401/1 2496/283/1
f 2496/283/1 2497/402/1 2498/285/1
f 2497/402/1 2496/283/1 2495/401/1
f 2495/401/1 2494/281/1 2493/400/1
f 2489/397/1 2488/273/1 2487/399/1
f 2487/399/1 2486/275/1 2485/398/1
f 2493/400/1 2492/279/1 2491/396/1
f 2485/398/1 2483/88/1 2484/144/1
f 2467/88/4 2469/403/4 2470/275/4
f 2470/275/4 2471/404/4 2472/273/4
f 2472/273/4 2473/405/4 2474/277/4
f 2474/277/4 2475/406/4 2476/279/4
f 2476/279/4 2477/407/4 2478/281/4
f 2478/281/4 2479/408/4 2480/283/4
f 2480/283/4 2481/409/4 2482/285/4
f 2481/409/4 2480/283/4 2479/408/4
f 2479/408/4 2478/281/4 2477/407/4
f 2477/407/4 2476/279/4 2475/406/4
f 2475/406/4 2474/277/4 2473/405/4
f 2473/405/4 2472/273/4 2471/404/4
f 2471/404/4 2470/275/4 2469/403/4
f 2469/403/4 2467/88/4 2468/148/4
f 2453/410/2 2451/88/2 2452/152/2
f 2451/88/2 2453/410/2 2454/275/2
f 2454/275/2 2455/411/2 2456/273/2
f 2456/273/2 2457/412/2 2458/277/2
f 2458/277/2 2459/413/2 2460/279/2
f 2460/279/2 2461/414/2 2462/281/2
f 2462/281/2 2463/415/2 2464/283/2
f 2464/283/2 2465/416/2 2466/285/2
f 2465/416/2 2464/283/2 2463/415/2
f 2463/415/2 2462/281/2 2461/414/2
f 2461/414/2 2460/279/2 2459/413/2
f 2459/413/2 2458/277/2 2457/412/2
f 2457/412/2 2456/273/2 2455/411/2
f 2455/411/2 2454/275/2 2453/410/2
f 2437/417/4 2435/88/4 2436/156/4
f 2435/88/4 2437/417/4 2438/275/4
f 2438/275/4 2439/418/4 2440/273/4
f 2440/273/4 2441/419/4 2442/277/4
f 2442/277/4 2443/420/4 2444/279/4
f 2444/279/4 2445/421/4 2446/281/4
f 2446/281/4 2447/422/4 2448/283/4
f 2448/283/4 2449/423/4 2450/285/4
f 2449/423/4 2448/283/4 2447/422/4
f 2447/422/4 2446/281/4 2445/421/4
f 2445/421/4 2444/279/4 2443/420/4
f 2443/420/4 2442/277/4 2441/419/4
f 2441/419/4 2440/273/4 2439/418/4
f 2439/418/4 2438/275/4 2437/417/4
f 2421/424/2 2419/88/2 2420/160/2
f 2419/88/2 2421/424/2 2422/275/2
f 2422/275/2 2423/425/2 2424/273/2
f 2424/273/2 2425/426/2 2426/277/2
f 2426/277/2 2427/427/2 2428/279/2
f 2428/279/2 2429/428/2 2430/281/2
f 2430/281/2 2431/429/2 2432/283/2
f 2432/283/2 2433/430/2 2434/285/2
f 2433/430/2 2432/283/2 2431/429/2
f 2431/429/2 2430/281/2 2429/428/2
f 2429/428/2 2428/279/2 2427/427/2
f 2427/427/2 2426/277/2 2425/426/2
f 2425/426/2 2424/273/2 2423/425/2
f 2423/425/2 2422/275/2 2421/424/2
f 2405/424/6 2403/88/6 2404/160/6
f 2403/88/6 2405/424/6 2406/275/6
f 2406/275/6 2407/425/6 2408/273/6
f 2408/273/6 2409/426/6 2410/277/6
f 2410/277/6 2411/427/6 2412/279/6
f 2412/279/6 2413/428/6 2414/281/6
f 2414/281/6 2415/429/6 2416/283/6
f 2416/283/6 2417/430/6 2418/285/6
f 2417/430/6 2416/283/6 2415/429/6
f 2415/429/6 2414/281/6 2413/428/6
f 2413/428/6 2412/279/6 2411/427/6
f 2411/427/6 2410/277/6 2409/426/6
f 2409/426/6 2408/273/6 2407/425/6
f 2407/425/6 2406/275/6 2405/424/6
f 2400/283/1 2401/431/1 2402/285/1
f 2387/88/1 2389/432/1 2390/275/1
f 2390/275/1 2391/433/1 2392/273/1
f 2392/273/1 2393/434/1 2394/277/1
f 2394/277/1 2395/435/1 2396/279/1
f 2396/279/1 2397/436/1 2398/281/1
f 2398/281/1 2399/437/1 2400/283/1
f 2389/432/1 2387/88/1 2388/164/1
f 2401/431/1 2400/283/1 2399/437/1
f 2399/437/1 2398/281/1 2397/436/1
f 2397/436/1 2396/279/1 2395/435/1
f 2395/435/1 2394/277/1 2393/434/1
f 2393/434/1 2392/273/1 2391/433/1
f 2391/433/1 2390/275/1 2389/432/1
f 2373/410/6 2371/88/6 2372/152/6
f 2371/88/6 2373/410/6 2374/275/6
f 2374/275/6 2375/411/6 2376/273/6
f 2376/273/6 2377/412/6 2378/277/6
f 2378/277/6 2379/413/6 2380/279/6
f 2380/279/6 2381/414/6 2382/281/6
f 2382/281/6 2383/415/6 2384/283/6
f 2384/283/6 2385/416/6 2386/285/6
f 2385/416/6 2384/283/6 2383/415/6
f 2383/415/6 2382/281/6 2381/414/6
f 2381/414/6 2380/279/6 2379/413/6
f 2379/413/6 2378/277/6 2377/412/6
f 2377/412/6 2376/273/6 2375/411/6
f 2375/411/6 2374/275/6 2373/410/6
f 2368/283/1 2369/438/1 2370/285/1
f 2355/88/1 2357/439/1 2358/275/1
f 2358/275/1 2359/440/1 2360/273/1
f 2360/273/1 2361/441/1 2362/277/1
f 2362/277/1 2363/442/1 2364/279/1
f 2364/279/1 2365/443/1 2366/281/1
f 2366/281/1 2367/444/1 2368/283/1
f 2357/439/1 2355/88/1 2356/168/1
f 2369/438/1 2368/283/1 2367/444/1
f 2367/444/1 2366/281/1 2365/443/1
f 2365/443/1 2364/279/1 2363/442/1
f 2363/442/1 2362/277/1 2361/441/1
f 2361/441/1 2360/273/1 2359/440/1
f 2359/440/1 2358/275/1 2357/439/1
f 2341/445/4 2339/88/4 2340/172/4
f 2339/88/4 2341/445/4 2342/275/4
f 2342/275/4 2343/446/4 2344/273/4
f 2344/273/4 2345/447/4 2346/277/4
f 2346/277/4 2347/448/4 2348/279/4
f 2348/279/4 2349/449/4 2350/281/4
f 2350/281/4 2351/450/4 2352/283/4
f 2352/283/4 2353/451/4 2354/285/4
f 2353/451/4 2352/283/4 2351/450/4
f 2351/450/4 2350/281/4 2349/449/4
f 2349/449/4 2348/279/4 2347/448/4
f 2347/448/4 2346/277/4 2345/447/4
f 2345/447/4 2344/273/4 2343/446/4
f 2343/446/4 2342/275/4 2341/445/4
f 2330/277/1 2331/452/1 2332/279/1
f 2323/88/1 2325/453/1 2326/275/1
f 2326/275/1 2327/454/1 2328/273/1
f 2328/273/1 2329/455/1 2330/277/1
f 2332/279/1 2333/456/1 2334/281/1
f 2334/281/1 2335/457/1 2336/283/1
f 2336/283/1 2337/458/1 2338/285/1
f 2337/458/1 2336/283/1 2335/457/1
f 2335/457/1 2334/281/1 2333/456/1
f 2333/456/1 2332/279/1 2331/452/1
f 2331/452/1 2330/277/1 2329/455/1
f 2329/455/1 2328/273/1 2327/454/1
f 2327/454/1 2326/275/1 2325/453/1
f 2325/453/1 2323/88/1 2324/176/1
f 2307/88/38 2309/459/38 2310/275/38
f 2312/273/38 2313/460/38 2314/277/38
f 2314/277/38 2315/461/38 2316/279/38
f 2316/279/38 2317/462/38 2318/281/38
f 2318/281/38 2319/463/38 2320/283/38
f 2320/283/38 2321/464/38 2322/285/38
f 2321/464/38 2320/283/38 2319/463/38
f 2319/463/38 2318/281/38 2317/462/38
f 2317/462/38 2316/279/38 2315/461/38
f 2315/461/38 2314/277/38 2313/460/38
f 2313/460/38 2312/273/38 2311/465/38
f 2311/465/38 2310/275/38 2309/459/38
f 2309/459/38 2307/88/38 2308/180/38
f 2310/275/38 2311/465/38 2312/273/38
f 2286/466/39 2279/467/40 2278/468/40
f 2287/469/39 2281/470/40 2279/467/40
f 2289/471/39 2288/472/40 2281/470/40
f 2290/473/41 2283/474/39 2282/475/39
f 2291/476/41 2284/477/39 2283/474/39
f 2292/478/41 2285/479/39 2284/477/39
f 2293/480/41 2286/466/39 2285/479/39
f 2294/481/41 2287/469/39 2286/466/39
f 2295/482/41 2289/471/39 2287/469/39
f 2297/483/41 2296/484/39 2289/471/39
f 2298/194/42 2291/476/41 2290/473/41
f 2299/485/42 2292/478/41 2291/476/41
f 2300/486/42 2293/480/41 2292/478/41
f 2301/487/42 2294/481/41 2293/480/41
f 2302/488/42 2295/482/41 2294/481/41
f 2303/489/42 2297/483/41 2295/482/41
f 2305/490/42 2304/491/41 2297/483/41
f 2304/491/41 2305/490/42 2306/492/42
f 2297/483/41 2303/489/42 2305/490/42
f 2295/482/41 2302/488/42 2303/489/42
f 2294/481/41 2301/487/42 2302/488/42
f 2293/480/41 2300/486/42 2301/487/42
f 2292/478/41 2299/485/42 2300/486/42
f 2291/476/41 2298/194/42 2299/485/42
f 2296/484/39 2297/483/41 2304/491/41
f 2285/479/39 2278/468/40 2277/493/40
f 2287/469/39 2294/481/41 2295/482/41
f 2286/466/39 2293/480/41 2294/481/41
f 2285/479/39 2292/478/41 2293/480/41
f 2284/477/39 2291/476/41 2292/478/41
f 2283/474/39 2290/473/41 2291/476/41
f 2288/472/40 2289/471/39 2296/484/39
f 2281/470/40 2287/469/39 2289/471/39
f 2279/467/40 2286/466/39 2287/469/39
f 2278/468/40 2285/479/39 2286/466/39
f 2277/493/40 2284/477/39 2285/479/39
f 2276/494/40 2283/474/39 2284/477/39
f 2275/495/40 2282/475/39 2283/474/39
f 2280/496/43 2281/470/40 2288/472/40
f 2273/497/43 2279/467/40 2281/470/40
f 2271/498/43 2278/468/40 2279/467/40
f 2269/499/43 2277/493/40 2278/468/40
f 2267/500/43 2276/494/40 2277/493/40
f 2265/501/43 2275/495/40 2276/494/40
f 2263/502/43 2274/503/40 2275/495/40
f 2272/504/44 2273/497/43 2280/496/43
f 2270/505/44 2271/498/43 2273/497/43
f 2268/506/44 2269/499/43 2271/498/43
f 2266/507/44 2267/500/43 2269/499/43
f 2264/508/44 2265/501/43 2267/500/43
f 2262/509/44 2263/502/43 2265/501/43
f 2259/510/44 2261/511/43 2263/502/43
f 2284/477/39 2277/493/40 2276/494/40
f 2283/474/39 2276/494/40 2275/495/40
f 2282/475/39 2275/495/40 2274/503/40
f 2281/470/40 2280/496/43 2273/497/43
f 2279/467/40 2273/497/43 2271/498/43
f 2278/468/40 2271/498/43 2269/499/43
f 2277/493/40 2269/499/43 2267/500/43
f 2276/494/40 2267/500/43 2265/501/43
f 2275/495/40 2265/501/43 2263/502/43
f 2274/503/40 2263/502/43 2261/511/43
f 2273/497/43 2272/504/44 2270/505/44
f 2271/498/43 2270/505/44 2268/506/44
f 2289/471/39 2295/482/41 2297/483/41
f 2269/499/43 2268/506/44 2266/507/44
f 2267/500/43 2266/507/44 2264/508/44
f 2265/501/43 2264/508/44 2262/509/44
f 2263/502/43 2262/509/44 2259/510/44
f 2261/511/43 2259/510/44 2260/196/45
f 2243/197/30 2245/275/30 2246/512/30
f 2246/512/30 2247/273/30 2248/513/30
f 2248/513/30 2249/277/30 2250/514/30
f 2250/514/30 2251/279/30 2252/515/30
f 2252/515/30 2253/281/30 2254/516/30
f 2254/516/30 2255/283/30 2256/517/30
f 2247/273/30 2246/512/30 2245/275/30
f 2256/517/30 2257/285/30 2258/518/30
f 2257/285/30 2256/517/30 2255/283/30
f 2255/283/30 2254/516/30 2253/281/30
f 2253/281/30 2252/515/30 2251/279/30
f 2251/279/30 2250/514/30 2249/277/30
f 2249/277/30 2248/513/30 2247/273/30
f 2245/275/30 2243/197/30 2244/88/30
f 2229/275/2 2227/203/2 2228/88/2
f 2227/203/2 2229/275/2 2230/519/2
f 2230/519/2 2231/273/2 2232/520/2
f 2232/520/2 2233/277/2 2234/521/2
f 2234/521/2 2235/279/2 2236/522/2
f 2236/522/2 2237/281/2 2238/523/2
f 2238/523/2 2239/283/2 2240/524/2
f 2240/524/2 2241/285/2 2242/525/2
f 2241/285/2 2240/524/2 2239/283/2
f 2239/283/2 2238/523/2 2237/281/2
f 2237/281/2 2236/522/2 2235/279/2
f 2235/279/2 2234/521/2 2233/277/2
f 2233/277/2 2232/520/2 2231/273/2
f 2231/273/2 2230/519/2 2229/275/2
f 2213/275/4 2211/207/4 2212/88/4
f 2211/207/4 2213/275/4 2214/526/4
f 2214/526/4 2215/273/4 2216/527/4
f 2216/527/4 2217/277/4 2218/528/4
f 2218/528/4 2219/279/4 2220/529/4
f 2220/529/4 2221/281/4 2222/530/4
f 2222/530/4 2223/283/4 2224/531/4
f 2224/531/4 2225/285/4 2226/532/4
f 2225/285/4 2224/531/4 2223/283/4
f 2223/283/4 2222/530/4 2221/281/4
f 2221/281/4 2220/529/4 2219/279/4
f 2219/279/4 2218/528/4 2217/277/4
f 2217/277/4 2216/527/4 2215/273/4
f 2215/273/4 2214/526/4 2213/275/4
f 2208/533/2 2209/285/2 2210/534/2
f 2195/209/2 2197/275/2 2198/535/2
f 2198/535/2 2199/273/2 2200/536/2
f 2200/536/2 2201/277/2 2202/537/2
f 2202/537/2 2203/279/2 2204/538/2
f 2204/538/2 2205/281/2 2206/539/2
f 2206/539/2 2207/283/2 2208/533/2
f 2199/273/2 2198/535/2 2197/275/2
f 2209/285/2 2208/533/2 2207/283/2
f 2207/283/2 2206/539/2 2205/281/2
f 2205/281/2 2204/538/2 2203/279/2
f 2203/279/2 2202/537/2 2201/277/2
f 2201/277/2 2200/536/2 2199/273/2
f 2197/275/2 2195/209/2 2196/88/2
f 2181/275/6 2179/97/6 2180/88/6
f 2179/97/6 2181/275/6 2182/303/6
f 2182/303/6 2183/273/6 2184/304/6
f 2184/304/6 2185/277/6 2186/305/6
f 2186/305/6 2187/279/6 2188/306/6
f 2188/306/6 2189/281/6 2190/301/6
f 2190/301/6 2191/283/6 2192/302/6
f 2192/302/6 2193/285/6 2194/307/6
f 2193/285/6 2192/302/6 2191/283/6
f 2191/283/6 2190/301/6 2189/281/6
f 2189/281/6 2188/306/6 2187/279/6
f 2187/279/6 2186/305/6 2185/277/6
f 2185/277/6 2184/304/6 2183/273/6
f 2183/273/6 2182/303/6 2181/275/6
f 2165/275/2 2163/81/2 2164/88/2
f 2163/81/2 2165/275/2 2166/274/2
f 2166/274/2 2167/273/2 2168/276/2
f 2168/276/2 2169/277/2 2170/278/2
f 2170/278/2 2171/279/2 2172/280/2
f 2172/280/2 2173/281/2 2174/282/2
f 2174/282/2 2175/283/2 2176/284/2
f 2176/284/2 2177/285/2 2178/286/2
f 2177/285/2 2176/284/2 2175/283/2
f 2175/283/2 2174/282/2 2173/281/2
f 2173/281/2 2172/280/2 2171/279/2
f 2171/279/2 2170/278/2 2169/277/2
f 2169/277/2 2168/276/2 2167/273/2
f 2167/273/2 2166/274/2 2165/275/2
f 2149/275/6 2147/91/6 2148/88/6
f 2147/91/6 2149/275/6 2150/287/6
f 2150/287/6 2151/273/6 2152/288/6
f 2152/288/6 2153/277/6 2154/289/6
f 2154/289/6 2155/279/6 2156/290/6
f 2156/290/6 2157/281/6 2158/291/6
f 2158/291/6 2159/283/6 2160/292/6
f 2160/292/6 2161/285/6 2162/293/6
f 2161/285/6 2160/292/6 2159/283/6
f 2159/283/6 2158/291/6 2157/281/6
f 2157/281/6 2156/290/6 2155/279/6
f 2155/279/6 2154/289/6 2153/277/6
f 2153/277/6 2152/288/6 2151/273/6
f 2151/273/6 2150/287/6 2149/275/6
f 2133/275/1 2131/91/1 2132/88/1
f 2131/91/1 2133/275/1 2134/287/1
f 2134/287/1 2135/273/1 2136/288/1
f 2136/288/1 2137/277/1 2138/289/1
f 2138/289/1 2139/279/1 2140/290/1
f 2140/290/1 2141/281/1 2142/291/1
f 2142/291/1 2143/283/1 2144/292/1
f 2144/292/1 2145/285/1 2146/293/1
f 2145/285/1 2144/292/1 2143/283/1
f 2143/283/1 2142/291/1 2141/281/1
f 2141/281/1 2140/290/1 2139/279/1
f 2139/279/1 2138/289/1 2137/277/1
f 2137/277/1 2136/288/1 2135/273/1
f 2135/273/1 2134/287/1 2133/275/1
f 2123/279/4 2122/296/4 2121/277/4
f 2115/95/4 2117/275/4 2118/294/4
f 2118/294/4 2119/273/4 2120/295/4
f 2120/295/4 2121/277/4 2122/296/4
f 2122/296/4 2123/279/4 2124/297/4
f 2124/297/4 2125/281/4 2126/298/4
f 2126/298/4 2127/283/4 2128/299/4
f 2128/299/4 2129/285/4 2130/300/4
f 2129/285/4 2128/299/4 2127/283/4
f 2127/283/4 2126/298/4 2125/281/4
f 2125/281/4 2124/297/4 2123/279/4
f 2121/277/4 2120/295/4 2119/273/4
f 2119/273/4 2118/294/4 2117/275/4
f 2117/275/4 2115/95/4 2116/88/4
f 2099/97/1 2101/275/1 2102/303/1
f 2102/303/1 2103/273/1 2104/304/1
f 2104/304/1 2105/277/1 2106/305/1
f 2106/305/1 2107/279/1 2108/306/1
f 2108/306/1 2109/281/1 2110/301/1
f 2110/301/1 2111/283/1 2112/302/1
f 2112/302/1 2113/285/1 2114/307/1
f 2113/285/1 2112/302/1 2111/283/1
f 2111/283/1 2110/301/1 2109/281/1
f 2109/281/1 2108/306/1 2107/279/1
f 2107/279/1 2106/305/1 2105/277/1
f 2103/273/1 2102/303/1 2101/275/1
f 2101/275/1 2099/97/1 2100/88/1
f 2105/277/1 2104/304/1 2103/273/1
f 2096/308/4 2097/285/4 2098/309/4
f 2083/101/4 2085/275/4 2086/310/4
f 2086/310/4 2087/273/4 2088/311/4
f 2088/311/4 2089/277/4 2090/312/4
f 2090/312/4 2091/279/4 2092/313/4
f 2092/313/4 2093/281/4 2094/314/4
f 2094/314/4 2095/283/4 2096/308/4
f 2085/275/4 2083/101/4 2084/88/4
f 2097/285/4 2096/308/4 2095/283/4
f 2095/283/4 2094/314/4 2093/281/4
f 2093/281/4 2092/313/4 2091/279/4
f 2091/279/4 2090/312/4 2089/277/4
f 2089/277/4 2088/311/4 2087/273/4
f 2087/273/4 2086/310/4 2085/275/4
f 2069/275/2 2067/105/2 2068/88/2
f 2067/105/2 2069/275/2 2070/315/2
f 2070/315/2 2071/273/2 2072/316/2
f 2072/316/2 2073/277/2 2074/317/2
f 2074/317/2 2075/279/2 2076/318/2
f 2076/318/2 2077/281/2 2078/319/2
f 2078/319/2 2079/283/2 2080/320/2
f 2080/320/2 2081/285/2 2082/321/2
f 2081/285/2 2080/320/2 2079/283/2
f 2079/283/2 2078/319/2 2077/281/2
f 2077/281/2 2076/318/2 2075/279/2
f 2075/279/2 2074/317/2 2073/277/2
f 2073/277/2 2072/316/2 2071/273/2
f 2071/273/2 2070/315/2 2069/275/2
f 2064/322/4 2065/285/4 2066/323/4
f 2051/110/4 2053/275/4 2054/324/4
f 2054/324/4 2055/273/4 2056/325/4
f 2056/325/4 2057/277/4 2058/326/4
f 2058/326/4 2059/279/4 2060/327/4
f 2060/327/4 2061/281/4 2062/328/4
f 2062/328/4 2063/283/4 2064/322/4
f 2053/275/4 2051/110/4 2052/88/4
f 2065/285/4 2064/322/4 2063/283/4
f 2063/283/4 2062/328/4 2061/281/4
f 2061/281/4 2060/327/4 2059/279/4
f 2059/279/4 2058/326/4 2057/277/4
f 2057/277/4 2056/325/4 2055/273/4
f 2055/273/4 2054/324/4 2053/275/4
f 2037/275/46 2035/113/46 2036/88/46
f 2035/113/46 2037/275/46 2038/329/46
f 2038/329/46 2039/273/46 2040/330/46
f 2040/330/46 2041/277/46 2042/331/46
f 2042/331/46 2043/279/46 2044/332/46
f 2044/332/46 2045/281/46 2046/333/46
f 2046/333/46 2047/283/46 2048/334/46
f 2048/334/46 2049/285/46 2050/335/46
f 2049/285/46 2048/334/46 2047/283/46
f 2047/283/46 2046/333/46 2045/281/46
f 2045/281/46 2044/332/46 2043/279/46
f 2043/279/46 2042/331/46 2041/277/46
f 2041/277/46 2040/330/46 2039/273/46
f 2039/273/46 2038/329/46 2037/275/46
f 2018/540/47 2011/541/48 2010/542/48
f 1987/543/49 1989/544/50 1991/545/50
f 1990/546/49 1991/545/50 1993/547/50
f 1992/548/49 1993/547/50 1995/549/50
f 1994/550/49 1995/549/50 1997/551/50
f 1996/552/49 1997/551/50 1999/553/50
f 1998/554/49 1999/553/50 2001/555/50
f 2000/556/49 2001/555/50 2008/557/50
f 1991/545/50 2002/558/51 2003/559/51
f 1993/547/50 2003/559/51 2004/560/51
f 1995/549/50 2004/560/51 2005/561/51
f 1997/551/50 2005/561/51 2006/562/51
f 1999/553/50 2006/562/51 2007/563/51
f 2001/555/50 2007/563/51 2009/564/51
f 2008/557/50 2009/564/51 2016/565/51
f 2003/559/51 2010/542/48 2011/541/48
f 2004/560/51 2011/541/48 2012/566/48
f 2005/561/51 2012/566/48 2013/567/48
f 2006/562/51 2013/567/48 2014/568/48
f 2007/563/51 2014/568/48 2015/569/48
f 2009/564/51 2015/569/48 2017/570/48
f 2016/565/51 2017/570/48 2024/571/48
f 2011/541/48 2018/540/47 2019/572/47
f 2012/566/48 2019/572/47 2020/573/47
f 2013/567/48 2020/573/47 2021/574/47
f 2014/568/48 2021/574/47 2022/575/47
f 2015/569/48 2022/575/47 2023/576/47
f 2017/570/48 2023/576/47 2025/577/47
f 2024/571/48 2025/577/47 2032/578/47
f 2019/572/47 2026/224/52 2027/579/52
f 2020/573/47 2027/579/52 2028/580/52
f 2021/574/47 2028/580/52 2029/581/52
f 2022/575/47 2029/581/52 2030/582/52
f 2023/576/47 2030/582/52 2031/583/52
f 2025/577/47 2031/583/52 2033/584/52
f 2032/578/47 2033/584/52 2034/585/52
f 2033/584/52 2032/578/47 2025/577/47
f 2031/583/52 2025/577/47 2023/576/47
f 2030/582/52 2023/576/47 2022/575/47
f 2029/581/52 2022/575/47 2021/574/47
f 2028/580/52 2021/574/47 2020/573/47
f 2027/579/52 2020/573/47 2019/572/47
f 2026/224/52 2019/572/47 2018/540/47
f 2025/577/47 2024/571/48 2017/570/48
f 2023/576/47 2017/570/48 2015/569/48
f 2022/575/47 2015/569/48 2014/568/48
f 2021/574/47 2014/568/48 2013/567/48
f 2020/573/47 2013/567/48 2012/566/48
f 2019/572/47 2012/566/48 2011/541/48
f 1989/544/50 1987/543/49 1988/228/49
f 2017/570/48 2016/565/51 2009/564/51
f 2015/569/48 2009/564/51 2007/563/51
f 2014/568/48 2007/563/51 2006/562/51
f 2013/567/48 2006/562/51 2005/561/51
f 2012/566/48 2005/561/51 2004/560/51
f 2011/541/48 2004/560/51 2003/559/51
f 2010/542/48 2003/559/51 2002/558/51
f 2009/564/51 2008/557/50 2001/555/50
f 2007/563/51 2001/555/50 1999/553/50
f 2006/562/51 1999/553/50 1997/551/50
f 2005/561/51 1997/551/50 1995/549/50
f 2004/560/51 1995/549/50 1993/547/50
f 2003/559/51 1993/547/50 1991/545/50
f 2002/558/51 1991/545/50 1989/544/50
f 2001/555/50 2000/556/49 1998/554/49
f 1999/553/50 1998/554/49 1996/552/49
f 1997/551/50 1996/552/49 1994/550/49
f 1995/549/50 1994/550/49 1992/548/49
f 1993/547/50 1992/548/49 1990/546/49
f 1991/545/50 1990/546/49 1987/543/49
f 1973/382/38 1971/88/38 1972/136/38
f 1971/88/38 1973/382/38 1974/275/38
f 1974/275/38 1975/383/38 1976/273/38
f 1976/273/38 1977/384/38 1978/277/38
f 1978/277/38 1979/385/38 1980/279/38
f 1980/279/38 1981/386/38 1982/281/38
f 1982/281/38 1983/387/38 1984/283/38
f 1984/283/38 1985/388/38 1986/285/38
f 1985/388/38 1984/283/38 1983/387/38
f 1983/387/38 1982/281/38 1981/386/38
f 1981/386/38 1980/279/38 1979/385/38
f 1979/385/38 1978/277/38 1977/384/38
f 1977/384/38 1976/273/38 1975/383/38
f 1975/383/38 1974/275/38 1973/382/38
f 1957/389/6 1955/88/6 1956/140/6
f 1955/88/6 1957/389/6 1958/275/6
f 1958/275/6 1959/390/6 1960/273/6
f 1960/273/6 1961/391/6 1962/277/6
f 1962/277/6 1963/392/6 1964/279/6
f 1964/279/6 1965/393/6 1966/281/6
f 1966/281/6 1967/394/6 1968/283/6
f 1968/283/6 1969/395/6 1970/285/6
f 1969/395/6 1968/283/6 1967/394/6
f 1967/394/6 1966/281/6 1965/393/6
f 1965/393/6 1964/279/6 1963/392/6
f 1963/392/6 1962/277/6 1961/391/6
f 1961/391/6 1960/273/6 1959/390/6
f 1959/390/6 1958/275/6 1957/389/6
f 1952/283/2 1953/402/2 1954/285/2
f 1939/88/2 1941/398/2 1942/275/2
f 1942/275/2 1943/399/2 1944/273/2
f 1944/273/2 1945/397/2 1946/277/2
f 1946/277/2 1947/396/2 1948/279/2
f 1948/279/2 1949/400/2 1950/281/2
f 1950/281/2 1951/401/2 1952/283/2
f 1941/398/2 1939/88/2 1940/144/2
f 1953/402/2 1952/283/2 1951/401/2
f 1951/401/2 1950/281/2 1949/400/2
f 1949/400/2 1948/279/2 1947/396/2
f 1947/396/2 1946/277/2 1945/397/2
f 1945/397/2 1944/273/2 1943/399/2
f 1943/399/2 1942/275/2 1941/398/2
f 1925/403/6 1923/88/6 1924/148/6
f 1923/88/6 1925/403/6 1926/275/6
f 1926/275/6 1927/404/6 1928/273/6
f 1928/273/6 1929/405/6 1930/277/6
f 1930/277/6 1931/406/6 1932/279/6
f 1932/279/6 1933/407/6 1934/281/6
f 1934/281/6 1935/408/6 1936/283/6
f 1936/283/6 1937/409/6 1938/285/6
f 1937/409/6 1936/283/6 1935/408/6
f 1935/408/6 1934/281/6 1933/407/6
f 1933/407/6 1932/279/6 1931/406/6
f 1931/406/6 1930/277/6 1929/405/6
f 1929/405/6 1928/273/6 1927/404/6
f 1927/404/6 1926/275/6 1925/403/6
f 1920/283/1 1921/416/1 1922/285/1
f 1907/88/1 1909/410/1 1910/275/1
f 1910/275/1 1911/411/1 1912/273/1
f 1912/273/1 1913/412/1 1914/277/1
f 1914/277/1 1915/413/1 1916/279/1
f 1916/279/1 1917/414/1 1918/281/1
f 1918/281/1 1919/415/1 1920/283/1
f 1911/411/1 1910/275/1 1909/410/1
f 1921/416/1 1920/283/1 1919/415/1
f 1919/415/1 1918/281/1 1917/414/1
f 1917/414/1 1916/279/1 1915/413/1
f 1915/413/1 1914/277/1 1913/412/1
f 1913/412/1 1912/273/1 1911/411/1
f 1909/410/1 1907/88/1 1908/152/1
f 1893/417/6 1891/88/6 1892/156/6
f 1891/88/6 1893/417/6 1894/275/6
f 1894/275/6 1895/418/6 1896/273/6
f 1896/273/6 1897/419/6 1898/277/6
f 1898/277/6 1899/420/6 1900/279/6
f 1900/279/6 1901/421/6 1902/281/6
f 1902/281/6 1903/422/6 1904/283/6
f 1904/283/6 1905/423/6 1906/285/6
f 1905/423/6 1904/283/6 1903/422/6
f 1903/422/6 1902/281/6 1901/421/6
f 1901/421/6 1900/279/6 1899/420/6
f 1899/420/6 1898/277/6 1897/419/6
f 1897/419/6 1896/273/6 1895/418/6
f 1895/418/6 1894/275/6 1893/417/6
f 1888/283/1 1889/430/1 1890/285/1
f 1875/88/1 1877/424/1 1878/275/1
f 1878/275/1 1879/425/1 1880/273/1
f 1880/273/1 1881/426/1 1882/277/1
f 1882/277/1 1883/427/1 1884/279/1
f 1884/279/1 1885/428/1 1886/281/1
f 1886/281/1 1887/429/1 1888/283/1
f 1877/424/1 1875/88/1 1876/160/1
f 1889/430/1 1888/283/1 1887/429/1
f 1887/429/1 1886/281/1 1885/428/1
f 1885/428/1 1884/279/1 1883/427/1
f 1883/427/1 1882/277/1 1881/426/1
f 1881/426/1 1880/273/1 1879/425/1
f 1879/425/1 1878/275/1 1877/424/1
f 1861/424/4 1859/88/4 1860/160/4
f 1859/88/4 1861/424/4 1862/275/4
f 1862/275/4 1863/425/4 1864/273/4
f 1864/273/4 1865/426/4 1866/277/4
f 1866/277/4 1867/427/4 1868/279/4
f 1868/279/4 1869/428/4 1870/281/4
f 1870/281/4 1871/429/4 1872/283/4
f 1872/283/4 1873/430/4 1874/285/4
f 1873/430/4 1872/283/4 1871/429/4
f 1871/429/4 1870/281/4 1869/428/4
f 1869/428/4 1868/279/4 1867/427/4
f 1867/427/4 1866/277/4 1865/426/4
f 1865/426/4 1864/273/4 1863/425/4
f 1863/425/4 1862/275/4 1861/424/4
f 1856/283/2 1857/431/2 1858/285/2
f 1843/88/2 1845/432/2 1846/275/2
f 1846/275/2 1847/433/2 1848/273/2
f 1848/273/2 1849/434/2 1850/277/2
f 1850/277/2 1851/435/2 1852/279/2
f 1852/279/2 1853/436/2 1854/281/2
f 1854/281/2 1855/437/2 1856/283/2
f 1847/433/2 1846/275/2 1845/432/2
f 1857/431/2 1856/283/2 1855/437/2
f 1855/437/2 1854/281/2 1853/436/2
f 1853/436/2 1852/279/2 1851/435/2
f 1851/435/2 1850/277/2 1849/434/2
f 1849/434/2 1848/273/2 1847/433/2
f 1845/432/2 1843/88/2 1844/164/2
f 1829/410/4 1827/88/4 1828/152/4
f 1827/88/4 1829/410/4 1830/275/4
f 1830/275/4 1831/411/4 1832/273/4
f 1832/273/4 1833/412/4 1834/277/4
f 1834/277/4 1835/413/4 1836/279/4
f 1836/279/4 1837/414/4 1838/281/4
f 1838/281/4 1839/415/4 1840/283/4
f 1840/283/4 1841/416/4 1842/285/4
f 1841/416/4 1840/283/4 1839/415/4
f 1839/415/4 1838/281/4 1837/414/4
f 1837/414/4 1836/279/4 1835/413/4
f 1835/413/4 1834/277/4 1833/412/4
f 1833/412/4 1832/273/4 1831/411/4
f 1831/411/4 1830/275/4 1829/410/4
f 1824/283/2 1825/438/2 1826/285/2
f 1811/88/2 1813/439/2 1814/275/2
f 1814/275/2 1815/440/2 1816/273/2
f 1816/273/2 1817/441/2 1818/277/2
f 1818/277/2 1819/442/2 1820/279/2
f 1820/279/2 1821/443/2 1822/281/2
f 1822/281/2 1823/444/2 1824/283/2
f 1813/439/2 1811/88/2 1812/168/2
f 1825/438/2 1824/283/2 1823/444/2
f 1823/444/2 1822/281/2 1821/443/2
f 1821/443/2 1820/279/2 1819/442/2
f 1819/442/2 1818/277/2 1817/441/2
f 1817/441/2 1816/273/2 1815/440/2
f 1815/440/2 1814/275/2 1813/439/2
f 1797/445/6 1795/88/6 1796/172/6
f 1795/88/6 1797/445/6 1798/275/6
f 1798/275/6 1799/446/6 1800/273/6
f 1800/273/6 1801/447/6 1802/277/6
f 1802/277/6 1803/448/6 1804/279/6
f 1804/279/6 1805/449/6 1806/281/6
f 1806/281/6 1807/450/6 1808/283/6
f 1808/283/6 1809/451/6 1810/285/6
f 1809/451/6 1808/283/6 1807/450/6
f 1807/450/6 1806/281/6 1805/449/6
f 1805/449/6 1804/279/6 1803/448/6
f 1803/448/6 1802/277/6 1801/447/6
f 1801/447/6 1800/273/6 1799/446/6
f 1799/446/6 1798/275/6 1797/445/6
f 1781/453/2 1779/88/2 1780/176/2
f 1779/88/2 1781/453/2 1782/275/2
f 1782/275/2 1783/454/2 1784/273/2
f 1784/273/2 1785/455/2 1786/277/2
f 1786/277/2 1787/452/2 1788/279/2
f 1788/279/2 1789/456/2 1790/281/2
f 1790/281/2 1791/457/2 1792/283/2
f 1792/283/2 1793/458/2 1794/285/2
f 1793/458/2 1792/283/2 1791/457/2
f 1791/457/2 1790/281/2 1789/456/2
f 1789/456/2 1788/279/2 1787/452/2
f 1787/452/2 1786/277/2 1785/455/2
f 1785/455/2 1784/273/2 1783/454/2
f 1783/454/2 1782/275/2 1781/453/2
f 1765/459/37 1763/88/37 1764/180/37
f 1763/88/37 1765/459/37 1766/275/37
f 1766/275/37 1767/465/37 1768/273/37
f 1768/273/37 1769/460/37 1770/277/37
f 1770/277/37 1771/461/37 1772/279/37
f 1772/279/37 1773/462/37 1774/281/37
f 1774/281/37 1775/463/37 1776/283/37
f 1776/283/37 1777/464/37 1778/285/37
f 1777/464/37 1776/283/37 1775/463/37
f 1775/463/37 1774/281/37 1773/462/37
f 1773/462/37 1772/279/37 1771/461/37
f 1771/461/37 1770/277/37 1769/460/37
f 1769/460/37 1768/273/37 1767/465/37
f 1767/465/37 1766/275/37 1765/459/37
f 1729/586/53 1735/587/54 1737/588/54
f 1715/589/55 1717/590/53 1719/591/53
f 1718/592/55 1719/591/53 1721/593/53
f 1720/594/55 1721/593/53 1723/595/53
f 1722/596/55 1723/595/53 1725/597/53
f 1724/598/55 1725/597/53 1727/599/53
f 1726/600/55 1727/599/53 1729/586/53
f 1728/601/55 1729/586/53 1736/602/53
f 1719/591/53 1730/603/54 1731/604/54
f 1721/593/53 1731/604/54 1732/605/54
f 1723/595/53 1732/605/54 1733/606/54
f 1725/597/53 1733/606/54 1734/607/54
f 1736/602/53 1737/588/54 1744/608/54
f 1731/604/54 1738/609/56 1739/610/56
f 1732/605/54 1739/610/56 1740/611/56
f 1733/606/54 1740/611/56 1741/612/56
f 1734/607/54 1741/612/56 1742/613/56
f 1735/587/54 1742/613/56 1743/614/56
f 1737/588/54 1743/614/56 1745/615/56
f 1744/608/54 1745/615/56 1752/616/56
f 1739/610/56 1746/617/57 1747/618/57
f 1740/611/56 1747/618/57 1748/619/57
f 1741/612/56 1748/619/57 1749/620/57
f 1742/613/56 1749/620/57 1750/621/57
f 1743/614/56 1750/621/57 1751/622/57
f 1745/615/56 1751/622/57 1753/623/57
f 1752/616/56 1753/623/57 1760/624/57
f 1747/618/57 1754/239/58 1755/625/58
f 1748/619/57 1755/625/58 1756/626/58
f 1749/620/57 1756/626/58 1757/627/58
f 1750/621/57 1757/627/58 1758/628/58
f 1751/622/57 1758/628/58 1759/629/58
f 1753/623/57 1759/629/58 1761/630/58
f 1760/624/57 1761/630/58 1762/631/58
f 1761/630/58 1760/624/57 1753/623/57
f 1759/629/58 1753/623/57 1751/622/57
f 1758/628/58 1751/622/57 1750/621/57
f 1757/627/58 1750/621/57 1749/620/57
f 1756/626/58 1749/620/57 1748/619/57
f 1755/625/58 1748/619/57 1747/618/57
f 1754/239/58 1747/618/57 1746/617/57
f 1753/623/57 1752/616/56 1745/615/56
f 1751/622/57 1745/615/56 1743/614/56
f 1750/621/57 1743/614/56 1742/613/56
f 1749/620/57 1742/613/56 1741/612/56
f 1748/619/57 1741/612/56 1740/611/56
f 1747/618/57 1740/611/56 1739/610/56
f 1746/617/57 1739/610/56 1738/609/56
f 1745/615/56 1744/608/54 1737/588/54
f 1743/614/56 1737/588/54 1735/587/54
f 1742/613/56 1735/587/54 1734/607/54
f 1741/612/56 1734/607/54 1733/606/54
f 1740/611/56 1733/606/54 1732/605/54
f 1739/610/56 1732/605/54 1731/604/54
f 1738/609/56 1731/604/54 1730/603/54
f 1737/588/54 1736/602/53 1729/586/53
f 1735/587/54 1729/586/53 1727/599/53
f 1734/607/54 1727/599/53 1725/597/53
f 1733/606/54 1725/597/53 1723/595/53
f 1732/605/54 1723/595/53 1721/593/53
f 1731/604/54 1721/593/53 1719/591/53
f 1730/603/54 1719/591/53 1717/590/53
f 1729/586/53 1728/601/55 1726/600/55
f 1727/599/53 1726/600/55 1724/598/55
f 1725/597/53 1724/598/55 1722/596/55
f 1723/595/53 1722/596/55 1720/594/55
f 1721/593/53 1720/594/55 1718/592/55
f 1719/591/53 1718/592/55 1715/589/55
f 1717/590/53 1715/589/55 1716/244/55
f 1727/599/53 1734/607/54 1735/587/54
f 1702/512/46 1703/273/46 1704/513/46
f 1704/513/46 1705/277/46 1706/514/46
f 1706/514/46 1707/279/46 1708/515/46
f 1708/515/46 1709/281/46 1710/516/46
f 1710/516/46 1711/283/46 1712/517/46
f 1712/517/46 1713/285/46 1714/518/46
f 1713/285/46 1712/517/46 1711/283/46
f 1711/283/46 1710/516/46 1709/281/46
f 1709/281/46 1708/515/46 1707/279/46
f 1707/279/46 1706/514/46 1705/277/46
f 1705/277/46 1704/513/46 1703/273/46
f 1703/273/46 1702/512/46 1701/275/46
f 1701/275/46 1699/197/46 1700/88/46
f 1699/197/46 1701/275/46 1702/512/46
f 1686/519/1 1687/273/1 1688/520/1
f 1688/520/1 1689/277/1 1690/521/1
f 1690/521/1 1691/279/1 1692/522/1
f 1692/522/1 1693/281/1 1694/523/1
f 1694/523/1 1695/283/1 1696/524/1
f 1696/524/1 1697/285/1 1698/525/1
f 1683/203/1 1685/275/1 1686/519/1
f 1695/283/1 1694/523/1 1693/281/1
f 1693/281/1 1692/522/1 1691/279/1
f 1691/279/1 1690/521/1 1689/277/1
f 1689/277/1 1688/520/1 1687/273/1
f 1687/273/1 1686/519/1 1685/275/1
f 1685/275/1 1683/203/1 1684/88/1
f 1697/285/1 1696/524/1 1695/283/1
f 1667/207/6 1669/275/6 1670/526/6
f 1672/527/6 1673/277/6 1674/528/6
f 1674/528/6 1675/279/6 1676/529/6
f 1676/529/6 1677/281/6 1678/530/6
f 1678/530/6 1679/283/6 1680/531/6
f 1680/531/6 1681/285/6 1682/532/6
f 1681/285/6 1680/531/6 1679/283/6
f 1679/283/6 1678/530/6 1677/281/6
f 1677/281/6 1676/529/6 1675/279/6
f 1675/279/6 1674/528/6 1673/277/6
f 1673/277/6 1672/527/6 1671/273/6
f 1671/273/6 1670/526/6 1669/275/6
f 1669/275/6 1667/207/6 1668/88/6
f 1670/526/6 1671/273/6 1672/527/6
f 1653/275/1 1651/209/1 1652/88/1
f 1655/273/1 1654/535/1 1653/275/1
f 1657/277/1 1656/536/1 1655/273/1
f 1659/279/1 1658/537/1 1657/277/1
f 1661/281/1 1660/538/1 1659/279/1
f 1663/283/1 1662/539/1 1661/281/1
f 1665/285/1 1664/533/1 1663/283/1
f 1664/533/1 1665/285/1 1666/534/1
f 1662/539/1 1663/283/1 1664/533/1
f 1660/538/1 1661/281/1 1662/539/1
f 1658/537/1 1659/279/1 1660/538/1
f 1656/536/1 1657/277/1 1658/537/1
f 1654/535/1 1655/273/1 1656/536/1
f 1651/209/1 1653/275/1 1654/535/1
f 1635/97/4 1637/275/4 1638/303/4
f 1640/304/4 1641/277/4 1642/305/4
f 1642/305/4 1643/279/4 1644/306/4
f 1644/306/4 1645/281/4 1646/301/4
f 1646/301/4 1647/283/4 1648/302/4
f 1648/302/4 1649/285/4 1650/307/4
f 1649/285/4 1648/302/4 1647/283/4
f 1647/283/4 1646/301/4 1645/281/4
f 1645/281/4 1644/306/4 1643/279/4
f 1643/279/4 1642/305/4 1641/277/4
f 1641/277/4 1640/304/4 1639/273/4
f 1639/273/4 1638/303/4 1637/275/4
f 1637/275/4 1635/97/4 1636/88/4
f 1638/303/4 1639/273/4 1640/304/4
f 3641/1/1 3614/2/1 3604/3/1
f 3614/2/1 3641/1/1 3642/4/1
f 3636/5/1 3591/6/1 3640/7/1
f 3637/8/1 3636/5/1 3639/9/1
f 3636/5/1 3592/10/1 3591/6/1
f 3634/11/1 3607/12/1 3638/13/1
f 3592/10/1 3636/5/1 3637/8/1
f 3625/14/1 3605/15/1 3628/16/1
f 3631/17/1 3633/18/1 3615/19/1
f 3629/20/1 3623/21/1 3635/22/1
f 3607/12/1 3634/11/1 3597/23/1
f 3633/18/1 3631/17/1 3632/24/1
f 3615/19/1 3630/25/1 3596/26/1
f 3616/27/1 3617/28/1 3620/29/1
f 3626/30/1 3628/16/1 3605/15/1
f 3594/31/1 3623/21/1 3629/20/1
f 3628/16/1 3626/30/1 3627/32/1
f 3605/15/1 3625/14/1 3593/33/1
f 3622/34/1 3594/31/1 3593/33/1
f 3621/35/1 3611/36/1 3624/37/1
f 3594/31/1 3622/34/1 3623/21/1
f 3586/38/1 3602/39/1 3583/40/1
f 3618/41/1 3620/29/1 3617/28/1
f 3608/42/1 3599/43/1 3617/28/1
f 3611/36/1 3621/35/1 3609/44/1
f 3620/29/1 3618/41/1 3619/45/1
f 3617/28/1 3616/27/1 3608/42/1
f 3579/46/1 3598/47/1 3566/48/1
f 3588/49/1 3580/50/1 3605/15/1
f 3579/46/1 3613/51/1 3598/47/1
f 3610/52/1 3609/44/1 3608/42/1
f 3596/26/1 3584/53/1 3615/19/1
f 3603/54/1 3604/3/1 3614/2/1
f 3613/51/1 3579/46/1 3612/55/1
f 3609/44/1 3610/52/1 3611/36/1
f 3598/47/1 3600/56/1 3566/48/1
f 3606/57/1 3597/23/1 3596/26/1
f 3563/58/1 3565/59/1 3577/60/1
f 3590/61/1 3587/62/1 3604/3/1
f 3586/38/1 3583/40/1 3574/63/1
f 3600/56/1 3599/43/1 3609/44/1
f 3599/43/1 3608/42/1 3609/44/1
f 3597/23/1 3606/57/1 3607/12/1
f 3583/40/1 3585/64/1 3581/65/1
f 3581/65/1 3595/66/1 3582/67/1
f 3593/33/1 3588/49/1 3605/15/1
f 3591/6/1 3590/61/1 3604/3/1
f 3604/3/1 3603/54/1 3591/6/1
f 3602/39/1 3586/38/1 3601/68/1
f 3600/56/1 3598/47/1 3599/43/1
f 3585/64/1 3584/53/1 3597/23/1
f 3584/53/1 3596/26/1 3597/23/1
f 3581/65/1 3578/69/1 3595/66/1
f 3574/63/1 3589/70/1 3575/71/1
f 3588/49/1 3593/33/1 3594/31/1
f 3564/72/1 3579/46/1 3566/48/1
f 3590/61/1 3591/6/1 3592/10/1
f 3586/38/1 3587/62/1 3590/61/1
f 3583/40/1 3581/65/1 3574/63/1
f 3577/60/1 3576/73/1 3563/58/1
f 3574/63/1 3582/67/1 3589/70/1
f 3573/74/1 3575/71/1 3571/75/1
f 3579/46/1 3580/50/1 3588/49/1
f 3587/62/1 3586/38/1 3574/63/1
f 3585/64/1 3583/40/1 3584/53/1
f 3576/73/1 3578/69/1 3581/65/1
f 3582/67/1 3574/63/1 3581/65/1
f 3573/74/1 3571/75/1 3570/76/1
f 3566/48/1 3572/77/1 3569/78/1
f 3580/50/1 3579/46/1 3564/72/1
f 3578/69/1 3576/73/1 3577/60/1
f 3575/71/1 3573/74/1 3574/63/1
f 3570/76/1 3572/77/1 3566/48/1
f 3564/72/1 3567/79/1 3568/80/1
f 3572/77/1 3570/76/1 3571/75/1
f 3567/79/1 3566/48/1 3569/78/1
f 3565/59/1 3564/72/1 3568/80/1
f 3567/79/1 3564/72/1 3566/48/1
f 3565/59/1 3563/58/1 3564/72/1
f 3630/25/1 3615/19/1 3633/18/1
f 3490/48/2 3497/79/2 3499/78/2
f 3560/1/2 3523/2/2 3562/4/2
f 3555/52/2 3527/44/2 3558/36/2
f 3559/41/2 3553/29/2 3561/45/2
f 3523/2/2 3560/1/2 3512/3/2
f 3546/34/2 3537/31/2 3549/21/2
f 3556/35/2 3558/36/2 3527/44/2
f 3521/28/2 3553/29/2 3559/41/2
f 3558/36/2 3556/35/2 3557/37/2
f 3527/44/2 3555/52/2 3520/42/2
f 3552/27/2 3521/28/2 3520/42/2
f 3550/30/2 3529/16/2 3554/32/2
f 3521/28/2 3552/27/2 3553/29/2
f 3541/57/2 3526/23/2 3544/12/2
f 3547/20/2 3549/21/2 3537/31/2
f 3545/17/2 3539/18/2 3551/24/2
f 3529/16/2 3550/30/2 3525/15/2
f 3549/21/2 3547/20/2 3548/22/2
f 3537/31/2 3546/34/2 3524/33/2
f 3533/7/2 3531/10/2 3536/5/2
f 3542/11/2 3544/12/2 3526/23/2
f 3519/19/2 3539/18/2 3545/17/2
f 3544/12/2 3542/11/2 3543/13/2
f 3526/23/2 3541/57/2 3518/26/2
f 3538/25/2 3519/19/2 3518/26/2
f 3500/38/2 3516/39/2 3540/68/2
f 3519/19/2 3538/25/2 3539/18/2
f 3524/33/2 3514/49/2 3537/31/2
f 3534/8/2 3536/5/2 3531/10/2
f 3506/47/2 3513/46/2 3492/72/2
f 3510/43/2 3507/56/2 3527/44/2
f 3536/5/2 3534/8/2 3535/9/2
f 3531/10/2 3533/7/2 3511/6/2
f 3513/46/2 3530/51/2 3532/55/2
f 3528/14/2 3525/15/2 3524/33/2
f 3511/6/2 3504/61/2 3531/10/2
f 3517/53/2 3509/64/2 3526/23/2
f 3530/51/2 3513/46/2 3506/47/2
f 3525/15/2 3528/14/2 3529/16/2
f 3513/46/2 3515/50/2 3492/72/2
f 3522/54/2 3512/3/2 3511/6/2
f 3520/42/2 3510/43/2 3527/44/2
f 3518/26/2 3517/53/2 3526/23/2
f 3508/40/2 3500/38/2 3494/65/2
f 3515/50/2 3514/49/2 3525/15/2
f 3514/49/2 3524/33/2 3525/15/2
f 3512/3/2 3522/54/2 3523/2/2
f 3500/38/2 3487/63/2 3486/75/2
f 3510/43/2 3520/42/2 3521/28/2
f 3490/48/2 3506/47/2 3492/72/2
f 3517/53/2 3518/26/2 3519/19/2
f 3508/40/2 3509/64/2 3517/53/2
f 3516/39/2 3500/38/2 3508/40/2
f 3515/50/2 3513/46/2 3514/49/2
f 3505/62/2 3504/61/2 3512/3/2
f 3504/61/2 3511/6/2 3512/3/2
f 3506/47/2 3507/56/2 3510/43/2
f 3509/64/2 3508/40/2 3494/65/2
f 3486/75/2 3488/74/2 3489/76/2
f 3507/56/2 3506/47/2 3490/48/2
f 3502/71/2 3500/38/2 3486/75/2
f 3500/38/2 3505/62/2 3487/63/2
f 3500/38/2 3503/70/2 3501/67/2
f 3505/62/2 3500/38/2 3504/61/2
f 3503/70/2 3500/38/2 3502/71/2
f 3492/72/2 3485/59/2 3496/80/2
f 3494/65/2 3501/67/2 3498/66/2
f 3485/59/2 3483/58/2 3484/60/2
f 3501/67/2 3494/65/2 3500/38/2
f 3493/73/2 3495/69/2 3484/60/2
f 3492/72/2 3497/79/2 3490/48/2
f 3491/77/2 3490/48/2 3499/78/2
f 3495/69/2 3494/65/2 3498/66/2
f 3484/60/2 3483/58/2 3493/73/2
f 3497/79/2 3492/72/2 3496/80/2
f 3489/76/2 3491/77/2 3486/75/2
f 3495/69/2 3493/73/2 3494/65/2
f 3483/58/2 3485/59/2 3492/72/2
f 3491/77/2 3489/76/2 3490/48/2
f 3488/74/2 3486/75/2 3487/63/2
f 3475/81/3 3477/82/3 3478/83/3
f 3478/83/3 3479/84/3 3480/85/3
f 3480/85/3 3481/86/3 3482/87/3
f 3481/86/3 3480/85/3 3479/84/3
f 3479/84/3 3478/83/3 3477/82/3
f 3477/82/3 3475/81/3 3476/88/3
f 3472/89/4 3473/86/4 3474/90/4
f 3467/91/4 3469/82/4 3470/92/4
f 3470/92/4 3471/84/4 3472/89/4
f 3471/84/4 3470/92/4 3469/82/4
f 3473/86/4 3472/89/4 3471/84/4
f 3469/82/4 3467/91/4 3468/88/4
f 3461/82/5 3459/91/5 3460/88/5
f 3459/91/5 3461/82/5 3462/92/5
f 3462/92/5 3463/84/5 3464/89/5
f 3464/89/5 3465/86/5 3466/90/5
f 3465/86/5 3464/89/5 3463/84/5
f 3463/84/5 3462/92/5 3461/82/5
f 3456/93/6 3457/86/6 3458/94/6
f 3451/95/6 3453/82/6 3454/96/6
f 3454/96/6 3455/84/6 3456/93/6
f 3453/82/6 3451/95/6 3452/88/6
f 3457/86/6 3456/93/6 3455/84/6
f 3455/84/6 3454/96/6 3453/82/6
f 3443/97/5 3445/82/5 3446/98/5
f 3446/98/5 3447/84/5 3448/99/5
f 3448/99/5 3449/86/5 3450/100/5
f 3449/86/5 3448/99/5 3447/84/5
f 3447/84/5 3446/98/5 3445/82/5
f 3445/82/5 3443/97/5 3444/88/5
f 3437/82/6 3435/101/6 3436/88/6
f 3435/101/6 3437/82/6 3438/102/6
f 3438/102/6 3439/84/6 3440/103/6
f 3440/103/6 3441/86/6 3442/104/6
f 3441/86/6 3440/103/6 3439/84/6
f 3439/84/6 3438/102/6 3437/82/6
f 3429/82/3 3427/105/3 3428/88/3
f 3427/105/3 3429/82/3 3430/106/3
f 3430/106/3 3431/84/3 3432/107/3
f 3432/107/3 3433/86/3 3434/108/3
f 3433/86/3 3432/107/3 3431/84/3
f 3431/84/3 3430/106/3 3429/82/3
f 3423/84/6 3422/109/6 3421/82/6
f 3419/110/6 3421/82/6 3422/109/6
f 3422/109/6 3423/84/6 3424/111/6
f 3424/111/6 3425/86/6 3426/112/6
f 3425/86/6 3424/111/6 3423/84/6
f 3421/82/6 3419/110/6 3420/88/6
f 3411/113/7 3413/82/7 3414/114/7
f 3414/114/7 3415/84/7 3416/115/7
f 3416/115/7 3417/86/7 3418/116/7
f 3417/86/7 3416/115/7 3415/84/7
f 3415/84/7 3414/114/7 3413/82/7
f 3413/82/7 3411/113/7 3412/88/7
f 3408/117/8 3409/118/9 3410/119/9
f 3395/120/11 3397/121/12 3399/122/12
f 3398/123/11 3399/122/12 3401/124/12
f 3400/125/11 3401/124/12 3404/126/12
f 3399/122/12 3402/127/8 3403/128/8
f 3401/124/12 3403/128/8 3405/129/8
f 3404/126/12 3405/129/8 3408/117/8
f 3403/128/8 3406/130/9 3407/131/9
f 3409/118/9 3408/117/8 3405/129/8
f 3407/131/9 3405/129/8 3403/128/8
f 3406/130/9 3403/128/8 3402/127/8
f 3405/129/8 3404/126/12 3401/124/12
f 3403/128/8 3401/124/12 3399/122/12
f 3402/127/8 3399/122/12 3397/121/12
f 3401/124/12 3400/125/11 3398/123/11
f 3399/122/12 3398/123/11 3395/120/11
f 3397/121/12 3395/120/11 3396/132/11
f 3405/129/8 3407/131/9 3409/118/9
f 3387/88/13 3389/133/13 3390/82/13
f 3390/82/13 3391/134/13 3392/84/13
f 3392/84/13 3393/135/13 3394/86/13
f 3393/135/13 3392/84/13 3391/134/13
f 3391/134/13 3390/82/13 3389/133/13
f 3389/133/13 3387/88/13 3388/136/13
f 3379/88/4 3381/137/4 3382/82/4
f 3382/82/4 3383/138/4 3384/84/4
f 3384/84/4 3385/139/4 3386/86/4
f 3385/139/4 3384/84/4 3383/138/4
f 3383/138/4 3382/82/4 3381/137/4
f 3381/137/4 3379/88/4 3380/140/4
f 3374/82/3 3375/141/3 3376/84/3
f 3376/84/3 3377/142/3 3378/86/3
f 3377/142/3 3376/84/3 3375/141/3
f 3375/141/3 3374/82/3 3373/143/3
f 3373/143/3 3371/88/3 3372/144/3
f 3371/88/3 3373/143/3 3374/82/3
f 3363/88/4 3365/145/4 3366/82/4
f 3366/82/4 3367/146/4 3368/84/4
f 3368/84/4 3369/147/4 3370/86/4
f 3369/147/4 3368/84/4 3367/146/4
f 3367/146/4 3366/82/4 3365/145/4
f 3365/145/4 3363/88/4 3364/148/4
f 3358/82/5 3359/149/5 3360/84/5
f 3360/84/5 3361/150/5 3362/86/5
f 3361/150/5 3360/84/5 3359/149/5
f 3359/149/5 3358/82/5 3357/151/5
f 3357/151/5 3355/88/5 3356/152/5
f 3355/88/5 3357/151/5 3358/82/5
f 3347/88/4 3349/153/4 3350/82/4
f 3350/82/4 3351/154/4 3352/84/4
f 3352/84/4 3353/155/4 3354/86/4
f 3353/155/4 3352/84/4 3351/154/4
f 3351/154/4 3350/82/4 3349/153/4
f 3349/153/4 3347/88/4 3348/156/4
f 3339/88/5 3341/157/5 3342/82/5
f 3342/82/5 3343/158/5 3344/84/5
f 3344/84/5 3345/159/5 3346/86/5
f 3345/159/5 3344/84/5 3343/158/5
f 3343/158/5 3342/82/5 3341/157/5
f 3341/157/5 3339/88/5 3340/160/5
f 3331/88/6 3333/157/6 3334/82/6
f 3333/157/6 3331/88/6 3332/160/6
f 3335/158/6 3334/82/6 3333/157/6
f 3337/159/6 3336/84/6 3335/158/6
f 3336/84/6 3337/159/6 3338/86/6
f 3334/82/6 3335/158/6 3336/84/6
f 3326/82/3 3327/161/3 3328/84/3
f 3323/88/3 3325/162/3 3326/82/3
f 3328/84/3 3329/163/3 3330/86/3
f 3329/163/3 3328/84/3 3327/161/3
f 3327/161/3 3326/82/3 3325/162/3
f 3325/162/3 3323/88/3 3324/164/3
f 3315/88/6 3317/151/6 3318/82/6
f 3318/82/6 3319/149/6 3320/84/6
f 3320/84/6 3321/150/6 3322/86/6
f 3321/150/6 3320/84/6 3319/149/6
f 3319/149/6 3318/82/6 3317/151/6
f 3317/151/6 3315/88/6 3316/152/6
f 3310/82/3 3311/165/3 3312/84/3
f 3312/84/3 3313/166/3 3314/86/3
f 3313/166/3 3312/84/3 3311/165/3
f 3311/165/3 3310/82/3 3309/167/3
f 3309/167/3 3307/88/3 3308/168/3
f 3307/88/3 3309/167/3 3310/82/3
f 3299/88/4 3301/169/4 3302/82/4
f 3302/82/4 3303/170/4 3304/84/4
f 3304/84/4 3305/171/4 3306/86/4
f 3305/171/4 3304/84/4 3303/170/4
f 3303/170/4 3302/82/4 3301/169/4
f 3301/169/4 3299/88/4 3300/172/4
f 3291/88/3 3293/173/3 3294/82/3
f 3294/82/3 3295/174/3 3296/84/3
f 3296/84/3 3297/175/3 3298/86/3
f 3297/175/3 3296/84/3 3295/174/3
f 3295/174/3 3294/82/3 3293/173/3
f 3293/173/3 3291/88/3 3292/176/3
f 3286/82/14 3287/177/14 3288/84/14
f 3288/84/14 3289/178/14 3290/86/14
f 3289/178/14 3288/84/14 3287/177/14
f 3287/177/14 3286/82/14 3285/179/14
f 3285/179/14 3283/88/14 3284/180/14
f 3283/88/14 3285/179/14 3286/82/14
f 3267/181/15 3269/182/16 3271/183/16
f 3270/184/15 3271/183/16 3273/185/16
f 3271/183/16 3274/186/17 3275/187/17
f 3272/188/15 3273/185/16 3276/189/16
f 3280/190/17 3281/191/18 3282/192/19
f 3273/185/16 3275/187/17 3277/193/17
f 3276/189/16 3277/193/17 3280/190/17
f 3275/187/17 3278/194/18 3279/195/18
f 3281/191/18 3280/190/17 3277/193/17
f 3279/195/18 3277/193/17 3275/187/17
f 3278/194/18 3275/187/17 3274/186/17
f 3277/193/17 3276/189/16 3273/185/16
f 3275/187/17 3273/185/16 3271/183/16
f 3274/186/17 3271/183/16 3269/182/16
f 3273/185/16 3272/188/15 3270/184/15
f 3271/183/16 3270/184/15 3267/181/15
f 3269/182/16 3267/181/15 3268/196/15
f 3277/193/17 3279/195/18 3281/191/18
f 3259/197/7 3261/82/7 3262/198/7
f 3262/198/7 3263/84/7 3264/199/7
f 3264/199/7 3265/86/7 3266/200/7
f 3265/86/7 3264/199/7 3263/84/7
f 3263/84/7 3262/198/7 3261/82/7
f 3261/82/7 3259/197/7 3260/88/7
f 3256/201/5 3257/86/5 3258/202/5
f 3251/203/5 3253/82/5 3254/204/5
f 3254/204/5 3255/84/5 3256/201/5
f 3255/84/5 3254/204/5 3253/82/5
f 3257/86/5 3256/201/5 3255/84/5
f 3253/82/5 3251/203/5 3252/88/5
f 3248/205/4 3249/86/4 3250/206/4
f 3243/207/4 3245/82/4 3246/208/4
f 3246/208/4 3247/84/4 3248/205/4
f 3247/84/4 3246/208/4 3245/82/4
f 3249/86/4 3248/205/4 3247/84/4
f 3245/82/4 3243/207/4 3244/88/4
f 3237/82/5 3235/209/5 3236/88/5
f 3235/209/5 3237/82/5 3238/210/5
f 3238/210/5 3239/84/5 3240/211/5
f 3240/211/5 3241/86/5 3242/212/5
f 3241/86/5 3240/211/5 3239/84/5
f 3239/84/5 3238/210/5 3237/82/5
f 3227/97/6 3229/82/6 3230/98/6
f 3230/98/6 3231/84/6 3232/99/6
f 3232/99/6 3233/86/6 3234/100/6
f 3233/86/6 3232/99/6 3231/84/6
f 3231/84/6 3230/98/6 3229/82/6
f 3229/82/6 3227/97/6 3228/88/6
f 3224/85/5 3225/86/5 3226/87/5
f 3219/81/5 3221/82/5 3222/83/5
f 3222/83/5 3223/84/5 3224/85/5
f 3221/82/5 3219/81/5 3220/88/5
f 3225/86/5 3224/85/5 3223/84/5
f 3223/84/5 3222/83/5 3221/82/5
f 3211/91/6 3213/82/6 3214/92/6
f 3214/92/6 3215/84/6 3216/89/6
f 3216/89/6 3217/86/6 3218/90/6
f 3217/86/6 3216/89/6 3215/84/6
f 3215/84/6 3214/92/6 3213/82/6
f 3213/82/6 3211/91/6 3212/88/6
f 3205/82/3 3203/91/3 3204/88/3
f 3203/91/3 3205/82/3 3206/92/3
f 3206/92/3 3207/84/3 3208/89/3
f 3208/89/3 3209/86/3 3210/90/3
f 3209/86/3 3208/89/3 3207/84/3
f 3207/84/3 3206/92/3 3205/82/3
f 3197/82/4 3195/95/4 3196/88/4
f 3195/95/4 3197/82/4 3198/96/4
f 3198/96/4 3199/84/4 3200/93/4
f 3200/93/4 3201/86/4 3202/94/4
f 3201/86/4 3200/93/4 3199/84/4
f 3199/84/4 3198/96/4 3197/82/4
f 3187/97/3 3189/82/3 3190/98/3
f 3190/98/3 3191/84/3 3192/99/3
f 3192/99/3 3193/86/3 3194/100/3
f 3193/86/3 3192/99/3 3191/84/3
f 3191/84/3 3190/98/3 3189/82/3
f 3189/82/3 3187/97/3 3188/88/3
f 3181/82/4 3179/101/4 3180/88/4
f 3179/101/4 3181/82/4 3182/102/4
f 3182/102/4 3183/84/4 3184/103/4
f 3184/103/4 3185/86/4 3186/104/4
f 3185/86/4 3184/103/4 3183/84/4
f 3183/84/4 3182/102/4 3181/82/4
f 3176/107/5 3177/86/5 3178/108/5
f 3171/105/5 3173/82/5 3174/106/5
f 3174/106/5 3175/84/5 3176/107/5
f 3173/82/5 3171/105/5 3172/88/5
f 3177/86/5 3176/107/5 3175/84/5
f 3175/84/5 3174/106/5 3173/82/5
f 3163/110/4 3165/82/4 3166/109/4
f 3166/109/4 3167/84/4 3168/111/4
f 3168/111/4 3169/86/4 3170/112/4
f 3169/86/4 3168/111/4 3167/84/4
f 3167/84/4 3166/109/4 3165/82/4
f 3165/82/4 3163/110/4 3164/88/4
f 3157/82/20 3155/113/20 3156/88/20
f 3155/113/20 3157/82/20 3158/114/20
f 3158/114/20 3159/84/20 3160/115/20
f 3160/115/20 3161/86/20 3162/116/20
f 3161/86/20 3160/115/20 3159/84/20
f 3159/84/20 3158/114/20 3157/82/20
f 3148/213/21 3149/214/22 3152/215/22
f 3139/216/23 3141/217/21 3143/218/21
f 3142/219/23 3143/218/21 3145/220/21
f 3144/221/23 3145/220/21 3148/213/21
f 3143/218/21 3146/222/22 3147/223/22
f 3145/220/21 3147/223/22 3149/214/22
f 3143/218/21 3142/219/23 3139/216/23
f 3147/223/22 3150/224/24 3151/225/24
f 3149/214/22 3151/225/24 3153/226/24
f 3152/215/22 3153/226/24 3154/227/24
f 3153/226/24 3152/215/22 3149/214/22
f 3151/225/24 3149/214/22 3147/223/22
f 3150/224/24 3147/223/22 3146/222/22
f 3149/214/22 3148/213/21 3145/220/21
f 3147/223/22 3145/220/21 3143/218/21
f 3146/222/22 3143/218/21 3141/217/21
f 3145/220/21 3144/221/23 3142/219/23
f 3141/217/21 3139/216/23 3140/228/23
f 3133/133/14 3131/88/14 3132/136/14
f 3131/88/14 3133/133/14 3134/82/14
f 3134/82/14 3135/134/14 3136/84/14
f 3136/84/14 3137/135/14 3138/86/14
f 3137/135/14 3136/84/14 3135/134/14
f 3135/134/14 3134/82/14 3133/133/14
f 3128/84/6 3129/139/6 3130/86/6
f 3123/88/6 3125/137/6 3126/82/6
f 3126/82/6 3127/138/6 3128/84/6
f 3125/137/6 3123/88/6 3124/140/6
f 3129/139/6 3128/84/6 3127/138/6
f 3127/138/6 3126/82/6 3125/137/6
f 3115/88/5 3117/143/5 3118/82/5
f 3118/82/5 3119/141/5 3120/84/5
f 3120/84/5 3121/142/5 3122/86/5
f 3121/142/5 3120/84/5 3119/141/5
f 3119/141/5 3118/82/5 3117/143/5
f 3117/143/5 3115/88/5 3116/144/5
f 3109/145/6 3107/88/6 3108/148/6
f 3107/88/6 3109/145/6 3110/82/6
f 3110/82/6 3111/146/6 3112/84/6
f 3112/84/6 3113/147/6 3114/86/6
f 3113/147/6 3112/84/6 3111/146/6
f 3111/146/6 3110/82/6 3109/145/6
f 3099/88/3 3101/151/3 3102/82/3
f 3102/82/3 3103/149/3 3104/84/3
f 3104/84/3 3105/150/3 3106/86/3
f 3105/150/3 3104/84/3 3103/149/3
f 3103/149/3 3102/82/3 3101/151/3
f 3101/151/3 3099/88/3 3100/152/3
f 3093/153/6 3091/88/6 3092/156/6
f 3091/88/6 3093/153/6 3094/82/6
f 3094/82/6 3095/154/6 3096/84/6
f 3096/84/6 3097/155/6 3098/86/6
f 3097/155/6 3096/84/6 3095/154/6
f 3095/154/6 3094/82/6 3093/153/6
f 3087/158/3 3086/82/3 3085/157/3
f 3083/88/3 3085/157/3 3086/82/3
f 3086/82/3 3087/158/3 3088/84/3
f 3088/84/3 3089/159/3 3090/86/3
f 3085/157/3 3083/88/3 3084/160/3
f 3089/159/3 3088/84/3 3087/158/3
f 3078/82/4 3079/158/4 3080/84/4
f 3080/84/4 3081/159/4 3082/86/4
f 3081/159/4 3080/84/4 3079/158/4
f 3079/158/4 3078/82/4 3077/157/4
f 3077/157/4 3075/88/4 3076/160/4
f 3075/88/4 3077/157/4 3078/82/4
f 3070/82/5 3071/161/5 3072/84/5
f 3072/84/5 3073/163/5 3074/86/5
f 3073/163/5 3072/84/5 3071/161/5
f 3071/161/5 3070/82/5 3069/162/5
f 3069/162/5 3067/88/5 3068/164/5
f 3067/88/5 3069/162/5 3070/82/5
f 3062/82/4 3063/149/4 3064/84/4
f 3064/84/4 3065/150/4 3066/86/4
f 3065/150/4 3064/84/4 3063/149/4
f 3063/149/4 3062/82/4 3061/151/4
f 3061/151/4 3059/88/4 3060/152/4
f 3059/88/4 3061/151/4 3062/82/4
f 3056/84/5 3057/166/5 3058/86/5
f 3057/166/5 3056/84/5 3055/165/5
f 3055/165/5 3054/82/5 3053/167/5
f 3051/88/5 3053/167/5 3054/82/5
f 3054/82/5 3055/165/5 3056/84/5
f 3053/167/5 3051/88/5 3052/168/5
f 3046/82/6 3047/170/6 3048/84/6
f 3043/88/6 3045/169/6 3046/82/6
f 3049/171/6 3048/84/6 3047/170/6
f 3047/170/6 3046/82/6 3045/169/6
f 3045/169/6 3043/88/6 3044/172/6
f 3048/84/6 3049/171/6 3050/86/6
f 3038/82/5 3039/174/5 3040/84/5
f 3035/88/5 3037/173/5 3038/82/5
f 3041/175/5 3040/84/5 3039/174/5
f 3039/174/5 3038/82/5 3037/173/5
f 3037/173/5 3035/88/5 3036/176/5
f 3040/84/5 3041/175/5 3042/86/5
f 3032/84/13 3033/178/13 3034/86/13
f 3030/82/13 3031/177/13 3032/84/13
f 3027/88/13 3029/179/13 3030/82/13
f 3031/177/13 3030/82/13 3029/179/13
f 3029/179/13 3027/88/13 3028/180/13
f 3033/178/13 3032/84/13 3031/177/13
f 3011/229/25 3013/230/26 3015/231/26
f 3016/232/25 3017/233/26 3020/234/26
f 3015/231/26 3018/235/27 3019/236/27
f 3017/233/26 3019/236/27 3021/237/27
f 3020/234/26 3021/237/27 3024/238/27
f 3019/236/27 3022/239/28 3023/240/28
f 3021/237/27 3023/240/28 3025/241/28
f 3024/238/27 3025/241/28 3026/242/59
f 3025/241/28 3024/238/27 3021/237/27
f 3023/240/28 3021/237/27 3019/236/27
f 3022/239/28 3019/236/27 3018/235/27
f 3021/237/27 3020/234/26 3017/233/26
f 3019/236/27 3017/233/26 3015/231/26
f 3018/235/27 3015/231/26 3013/230/26
f 3017/233/26 3016/232/25 3014/243/25
f 3015/231/26 3014/243/25 3011/229/25
f 3013/230/26 3011/229/25 3012/244/60
f 3014/243/25 3015/231/26 3017/233/26
f 3003/197/20 3005/82/20 3006/198/20
f 3008/199/20 3009/86/20 3010/200/20
f 3009/86/20 3008/199/20 3007/84/20
f 3007/84/20 3006/198/20 3005/82/20
f 3005/82/20 3003/197/20 3004/88/20
f 3006/198/20 3007/84/20 3008/199/20
f 2998/204/3 2999/84/3 3000/201/3
f 3000/201/3 3001/86/3 3002/202/3
f 3001/86/3 3000/201/3 2999/84/3
f 2995/203/3 2997/82/3 2998/204/3
f 2997/82/3 2995/203/3 2996/88/3
f 2999/84/3 2998/204/3 2997/82/3
f 2992/205/6 2993/86/6 2994/206/6
f 2993/86/6 2992/205/6 2991/84/6
f 2991/84/6 2990/208/6 2989/82/6
f 2989/82/6 2987/207/6 2988/88/6
f 2990/208/6 2991/84/6 2992/205/6
f 2987/207/6 2989/82/6 2990/208/6
f 2983/84/3 2982/210/3 2981/82/3
f 2985/86/3 2984/211/3 2983/84/3
f 2984/211/3 2985/86/3 2986/212/3
f 2982/210/3 2983/84/3 2984/211/3
f 2979/209/3 2981/82/3 2982/210/3
f 2981/82/3 2979/209/3 2980/88/3
f 2971/97/4 2973/82/4 2974/98/4
f 2976/99/4 2977/86/4 2978/100/4
f 2977/86/4 2976/99/4 2975/84/4
f 2975/84/4 2974/98/4 2973/82/4
f 2973/82/4 2971/97/4 2972/88/4
f 2974/98/4 2975/84/4 2976/99/4
f 4361/1/1 4334/2/1 4324/3/1
f 4334/2/1 4361/1/1 4362/4/1
f 4356/5/1 4311/6/1 4360/7/1
f 4357/8/1 4356/5/1 4359/9/1
f 4356/5/1 4312/10/1 4311/6/1
f 4354/11/1 4327/12/1 4358/13/1
f 4312/10/1 4356/5/1 4357/8/1
f 4345/14/1 4325/15/1 4348/16/1
f 4351/17/1 4353/18/1 4335/19/1
f 4349/20/1 4343/21/1 4355/22/1
f 4327/12/1 4354/11/1 4317/23/1
f 4353/18/1 4351/17/1 4352/24/1
f 4335/19/1 4350/25/1 4316/26/1
f 4336/27/1 4337/28/1 4340/29/1
f 4346/30/1 4348/16/1 4325/15/1
f 4314/31/1 4343/21/1 4349/20/1
f 4348/16/1 4346/30/1 4347/32/1
f 4325/15/1 4345/14/1 4313/33/1
f 4342/34/1 4314/31/1 4313/33/1
f 4341/35/1 4331/36/1 4344/37/1
f 4314/31/1 4342/34/1 4343/21/1
f 4306/38/1 4322/39/1 4303/40/1
f 4338/41/1 4340/29/1 4337/28/1
f 4328/42/1 4319/43/1 4337/28/1
f 4331/36/1 4341/35/1 4329/44/1
f 4340/29/1 4338/41/1 4339/45/1
f 4337/28/1 4336/27/1 4328/42/1
f 4299/46/1 4318/47/1 4286/48/1
f 4308/49/1 4300/50/1 4325/15/1
f 4299/46/1 4333/51/1 4318/47/1
f 4330/52/1 4329/44/1 4328/42/1
f 4316/26/1 4304/53/1 4335/19/1
f 4323/54/1 4324/3/1 4334/2/1
f 4333/51/1 4299/46/1 4332/55/1
f 4329/44/1 4330/52/1 4331/36/1
f 4318/47/1 4320/56/1 4286/48/1
f 4326/57/1 4317/23/1 4316/26/1
f 4283/58/1 4285/59/1 4297/60/1
f 4310/61/1 4307/62/1 4324/3/1
f 4306/38/1 4303/40/1 4294/63/1
f 4320/56/1 4319/43/1 4329/44/1
f 4319/43/1 4328/42/1 4329/44/1
f 4317/23/1 4326/57/1 4327/12/1
f 4303/40/1 4305/64/1 4301/65/1
f 4301/65/1 4315/66/1 4302/67/1
f 4313/33/1 4308/49/1 4325/15/1
f 4311/6/1 4310/61/1 4324/3/1
f 4324/3/1 4323/54/1 4311/6/1
f 4322/39/1 4306/38/1 4321/68/1
f 4320/56/1 4318/47/1 4319/43/1
f 4305/64/1 4304/53/1 4317/23/1
f 4304/53/1 4316/26/1 4317/23/1
f 4301/65/1 4298/69/1 4315/66/1
f 4294/63/1 4309/70/1 4295/71/1
f 4308/49/1 4313/33/1 4314/31/1
f 4284/72/1 4299/46/1 4286/48/1
f 4310/61/1 4311/6/1 4312/10/1
f 4306/38/1 4307/62/1 4310/61/1
f 4303/40/1 4301/65/1 4294/63/1
f 4297/60/1 4296/73/1 4283/58/1
f 4294/63/1 4302/67/1 4309/70/1
f 4293/74/1 4295/71/1 4291/75/1
f 4299/46/1 4300/50/1 4308/49/1
f 4307/62/1 4306/38/1 4294/63/1
f 4305/64/1 4303/40/1 4304/53/1
f 4296/73/1 4298/69/1 4301/65/1
f 4302/67/1 4294/63/1 4301/65/1
f 4293/74/1 4291/75/1 4290/76/1
f 4286/48/1 4292/77/1 4289/78/1
f 4300/50/1 4299/46/1 4284/72/1
f 4298/69/1 4296/73/1 4297/60/1
f 4295/71/1 4293/74/1 4294/63/1
f 4290/76/1 4292/77/1 4286/48/1
f 4284/72/1 4287/79/1 4288/80/1
f 4292/77/1 4290/76/1 4291/75/1
f 4287/79/1 4286/48/1 4289/78/1
f 4285/59/1 4284/72/1 4288/80/1
f 4287/79/1 4284/72/1 4286/48/1
f 4285/59/1 4283/58/1 4284/72/1
f 4350/25/1 4335/19/1 4353/18/1
f 4210/48/2 4217/79/2 4219/78/2
f 4280/1/2 4243/2/2 4282/4/2
f 4275/52/2 4247/44/2 4278/36/2
f 4279/41/2 4273/29/2 4281/45/2
f 4243/2/2 4280/1/2 4232/3/2
f 4266/34/2 4257/31/2 4269/21/2
f 4276/35/2 4278/36/2 4247/44/2
f 4241/28/2 4273/29/2 4279/41/2
f 4278/36/2 4276/35/2 4277/37/2
f 4247/44/2 4275/52/2 4240/42/2
f 4272/27/2 4241/28/2 4240/42/2
f 4270/30/2 4249/16/2 4274/32/2
f 4241/28/2 4272/27/2 4273/29/2
f 4261/57/2 4246/23/2 4264/12/2
f 4267/20/2 4269/21/2 4257/31/2
f 4265/17/2 4259/18/2 4271/24/2
f 4249/16/2 4270/30/2 4245/15/2
f 4269/21/2 4267/20/2 4268/22/2
f 4257/31/2 4266/34/2 4244/33/2
f 4253/7/2 4251/10/2 4256/5/2
f 4262/11/2 4264/12/2 4246/23/2
f 4239/19/2 4259/18/2 4265/17/2
f 4264/12/2 4262/11/2 4263/13/2
f 4246/23/2 4261/57/2 4238/26/2
f 4258/25/2 4239/19/2 4238/26/2
f 4220/38/2 4236/39/2 4260/68/2
f 4239/19/2 4258/25/2 4259/18/2
f 4244/33/2 4234/49/2 4257/31/2
f 4254/8/2 4256/5/2 4251/10/2
f 4226/47/2 4233/46/2 4212/72/2
f 4230/43/2 4227/56/2 4247/44/2
f 4256/5/2 4254/8/2 4255/9/2
f 4251/10/2 4253/7/2 4231/6/2
f 4233/46/2 4250/51/2 4252/55/2
f 4248/14/2 4245/15/2 4244/33/2
f 4231/6/2 4224/61/2 4251/10/2
f 4237/53/2 4229/64/2 4246/23/2
f 4250/51/2 4233/46/2 4226/47/2
f 4245/15/2 4248/14/2 4249/16/2
f 4233/46/2 4235/50/2 4212/72/2
f 4242/54/2 4232/3/2 4231/6/2
f 4240/42/2 4230/43/2 4247/44/2
f 4238/26/2 4237/53/2 4246/23/2
f 4228/40/2 4220/38/2 4214/65/2
f 4235/50/2 4234/49/2 4245/15/2
f 4234/49/2 4244/33/2 4245/15/2
f 4232/3/2 4242/54/2 4243/2/2
f 4220/38/2 4207/63/2 4206/75/2
f 4230/43/2 4240/42/2 4241/28/2
f 4210/48/2 4226/47/2 4212/72/2
f 4237/53/2 4238/26/2 4239/19/2
f 4228/40/2 4229/64/2 4237/53/2
f 4236/39/2 4220/38/2 4228/40/2
f 4235/50/2 4233/46/2 4234/49/2
f 4225/62/2 4224/61/2 4232/3/2
f 4224/61/2 4231/6/2 4232/3/2
f 4226/47/2 4227/56/2 4230/43/2
f 4229/64/2 4228/40/2 4214/65/2
f 4206/75/2 4208/74/2 4209/76/2
f 4227/56/2 4226/47/2 4210/48/2
f 4222/71/2 4220/38/2 4206/75/2
f 4220/38/2 4225/62/2 4207/63/2
f 4220/38/2 4223/70/2 4221/67/2
f 4225/62/2 4220/38/2 4224/61/2
f 4223/70/2 4220/38/2 4222/71/2
f 4212/72/2 4205/59/2 4216/80/2
f 4214/65/2 4221/67/2 4218/66/2
f 4205/59/2 4203/58/2 4204/60/2
f 4221/67/2 4214/65/2 4220/38/2
f 4213/73/2 4215/69/2 4204/60/2
f 4212/72/2 4217/79/2 4210/48/2
f 4211/77/2 4210/48/2 4219/78/2
f 4215/69/2 4214/65/2 4218/66/2
f 4204/60/2 4203/58/2 4213/73/2
f 4217/79/2 4212/72/2 4216/80/2
f 4209/76/2 4211/77/2 4206/75/2
f 4215/69/2 4213/73/2 4214/65/2
f 4203/58/2 4205/59/2 4212/72/2
f 4211/77/2 4209/76/2 4210/48/2
f 4208/74/2 4206/75/2 4207/63/2
f 4195/81/3 4197/82/3 4198/83/3
f 4198/83/3 4199/84/3 4200/85/3
f 4200/85/3 4201/86/3 4202/87/3
f 4201/86/3 4200/85/3 4199/84/3
f 4199/84/3 4198/83/3 4197/82/3
f 4197/82/3 4195/81/3 4196/88/3
f 4192/89/4 4193/86/4 4194/90/4
f 4187/91/4 4189/82/4 4190/92/4
f 4190/92/4 4191/84/4 4192/89/4
f 4191/84/4 4190/92/4 4189/82/4
f 4193/86/4 4192/89/4 4191/84/4
f 4189/82/4 4187/91/4 4188/88/4
f 4181/82/5 4179/91/5 4180/88/5
f 4179/91/5 4181/82/5 4182/92/5
f 4182/92/5 4183/84/5 4184/89/5
f 4184/89/5 4185/86/5 4186/90/5
f 4185/86/5 4184/89/5 4183/84/5
f 4183/84/5 4182/92/5 4181/82/5
f 4176/93/6 4177/86/6 4178/94/6
f 4171/95/6 4173/82/6 4174/96/6
f 4174/96/6 4175/84/6 4176/93/6
f 4173/82/6 4171/95/6 4172/88/6
f 4177/86/6 4176/93/6 4175/84/6
f 4175/84/6 4174/96/6 4173/82/6
f 4163/97/5 4165/82/5 4166/98/5
f 4166/98/5 4167/84/5 4168/99/5
f 4168/99/5 4169/86/5 4170/100/5
f 4169/86/5 4168/99/5 4167/84/5
f 4167/84/5 4166/98/5 4165/82/5
f 4165/82/5 4163/97/5 4164/88/5
f 4157/82/6 4155/101/6 4156/88/6
f 4155/101/6 4157/82/6 4158/102/6
f 4158/102/6 4159/84/6 4160/103/6
f 4160/103/6 4161/86/6 4162/104/6
f 4161/86/6 4160/103/6 4159/84/6
f 4159/84/6 4158/102/6 4157/82/6
f 4149/82/3 4147/105/3 4148/88/3
f 4147/105/3 4149/82/3 4150/106/3
f 4150/106/3 4151/84/3 4152/107/3
f 4152/107/3 4153/86/3 4154/108/3
f 4153/86/3 4152/107/3 4151/84/3
f 4151/84/3 4150/106/3 4149/82/3
f 4143/84/6 4142/109/6 4141/82/6
f 4139/110/6 4141/82/6 4142/109/6
f 4142/109/6 4143/84/6 4144/111/6
f 4144/111/6 4145/86/6 4146/112/6
f 4145/86/6 4144/111/6 4143/84/6
f 4141/82/6 4139/110/6 4140/88/6
f 4131/113/7 4133/82/7 4134/114/7
f 4134/114/7 4135/84/7 4136/115/7
f 4136/115/7 4137/86/7 4138/116/7
f 4137/86/7 4136/115/7 4135/84/7
f 4135/84/7 4134/114/7 4133/82/7
f 4133/82/7 4131/113/7 4132/88/7
f 4128/117/8 4129/118/9 4130/119/10
f 4115/120/11 4117/121/12 4119/122/12
f 4118/123/11 4119/122/12 4121/124/12
f 4120/125/11 4121/124/12 4124/126/12
f 4119/122/12 4122/127/8 4123/128/8
f 4121/124/12 4123/128/8 4125/129/8
f 4124/126/12 4125/129/8 4128/117/8
f 4123/128/8 4126/130/9 4127/131/9
f 4129/118/9 4128/117/8 4125/129/8
f 4127/131/9 4125/129/8 4123/128/8
f 4126/130/9 4123/128/8 4122/127/8
f 4125/129/8 4124/126/12 4121/124/12
f 4123/128/8 4121/124/12 4119/122/12
f 4122/127/8 4119/122/12 4117/121/12
f 4121/124/12 4120/125/11 4118/123/11
f 4119/122/12 4118/123/11 4115/120/11
f 4117/121/12 4115/120/11 4116/132/11
f 4125/129/8 4127/131/9 4129/118/9
f 4107/88/13 4109/133/13 4110/82/13
f 4110/82/13 4111/134/13 4112/84/13
f 4112/84/13 4113/135/13 4114/86/13
f 4113/135/13 4112/84/13 4111/134/13
f 4111/134/13 4110/82/13 4109/133/13
f 4109/133/13 4107/88/13 4108/136/13
f 4099/88/4 4101/137/4 4102/82/4
f 4102/82/4 4103/138/4 4104/84/4
f 4104/84/4 4105/139/4 4106/86/4
f 4105/139/4 4104/84/4 4103/138/4
f 4103/138/4 4102/82/4 4101/137/4
f 4101/137/4 4099/88/4 4100/140/4
f 4094/82/3 4095/141/3 4096/84/3
f 4096/84/3 4097/142/3 4098/86/3
f 4097/142/3 4096/84/3 4095/141/3
f 4095/141/3 4094/82/3 4093/143/3
f 4093/143/3 4091/88/3 4092/144/3
f 4091/88/3 4093/143/3 4094/82/3
f 4083/88/4 4085/145/4 4086/82/4
f 4086/82/4 4087/146/4 4088/84/4
f 4088/84/4 4089/147/4 4090/86/4
f 4089/147/4 4088/84/4 4087/146/4
f 4087/146/4 4086/82/4 4085/145/4
f 4085/145/4 4083/88/4 4084/148/4
f 4078/82/5 4079/149/5 4080/84/5
f 4080/84/5 4081/150/5 4082/86/5
f 4081/150/5 4080/84/5 4079/149/5
f 4079/149/5 4078/82/5 4077/151/5
f 4077/151/5 4075/88/5 4076/152/5
f 4075/88/5 4077/151/5 4078/82/5
f 4067/88/4 4069/153/4 4070/82/4
f 4070/82/4 4071/154/4 4072/84/4
f 4072/84/4 4073/155/4 4074/86/4
f 4073/155/4 4072/84/4 4071/154/4
f 4071/154/4 4070/82/4 4069/153/4
f 4069/153/4 4067/88/4 4068/156/4
f 4059/88/5 4061/157/5 4062/82/5
f 4062/82/5 4063/158/5 4064/84/5
f 4064/84/5 4065/159/5 4066/86/5
f 4065/159/5 4064/84/5 4063/158/5
f 4063/158/5 4062/82/5 4061/157/5
f 4061/157/5 4059/88/5 4060/160/5
f 4051/88/6 4053/157/6 4054/82/6
f 4053/157/6 4051/88/6 4052/160/6
f 4055/158/6 4054/82/6 4053/157/6
f 4057/159/6 4056/84/6 4055/158/6
f 4056/84/6 4057/159/6 4058/86/6
f 4054/82/6 4055/158/6 4056/84/6
f 4046/82/3 4047/161/3 4048/84/3
f 4043/88/3 4045/162/3 4046/82/3
f 4048/84/3 4049/163/3 4050/86/3
f 4049/163/3 4048/84/3 4047/161/3
f 4047/161/3 4046/82/3 4045/162/3
f 4045/162/3 4043/88/3 4044/164/3
f 4035/88/6 4037/151/6 4038/82/6
f 4038/82/6 4039/149/6 4040/84/6
f 4040/84/6 4041/150/6 4042/86/6
f 4041/150/6 4040/84/6 4039/149/6
f 4039/149/6 4038/82/6 4037/151/6
f 4037/151/6 4035/88/6 4036/152/6
f 4030/82/3 4031/165/3 4032/84/3
f 4032/84/3 4033/166/3 4034/86/3
f 4033/166/3 4032/84/3 4031/165/3
f 4031/165/3 4030/82/3 4029/167/3
f 4029/167/3 4027/88/3 4028/168/3
f 4027/88/3 4029/167/3 4030/82/3
f 4019/88/4 4021/169/4 4022/82/4
f 4022/82/4 4023/170/4 4024/84/4
f 4024/84/4 4025/171/4 4026/86/4
f 4025/171/4 4024/84/4 4023/170/4
f 4023/170/4 4022/82/4 4021/169/4
f 4021/169/4 4019/88/4 4020/172/4
f 4011/88/3 4013/173/3 4014/82/3
f 4014/82/3 4015/174/3 4016/84/3
f 4016/84/3 4017/175/3 4018/86/3
f 4017/175/3 4016/84/3 4015/174/3
f 4015/174/3 4014/82/3 4013/173/3
f 4013/173/3 4011/88/3 4012/176/3
f 4006/82/14 4007/177/14 4008/84/14
f 4008/84/14 4009/178/14 4010/86/14
f 4009/178/14 4008/84/14 4007/177/14
f 4007/177/14 4006/82/14 4005/179/14
f 4005/179/14 4003/88/14 4004/180/14
f 4003/88/14 4005/179/14 4006/82/14
f 3987/181/15 3989/182/16 3991/183/16
f 3990/184/15 3991/183/16 3993/185/16
f 3991/183/16 3994/186/17 3995/187/17
f 3992/188/15 3993/185/16 3996/189/16
f 4000/190/17 4001/191/18 4002/192/61
f 3993/185/16 3995/187/17 3997/193/17
f 3996/189/16 3997/193/17 4000/190/17
f 3995/187/17 3998/194/18 3999/195/18
f 4001/191/18 4000/190/17 3997/193/17
f 3999/195/18 3997/193/17 3995/187/17
f 3998/194/18 3995/187/17 3994/186/17
f 3997/193/17 3996/189/16 3993/185/16
f 3995/187/17 3993/185/16 3991/183/16
f 3994/186/17 3991/183/16 3989/182/16
f 3993/185/16 3992/188/15 3990/184/15
f 3991/183/16 3990/184/15 3987/181/15
f 3989/182/16 3987/181/15 3988/196/15
f 3997/193/17 3999/195/18 4001/191/18
f 3979/197/7 3981/82/7 3982/198/7
f 3982/198/7 3983/84/7 3984/199/7
f 3984/199/7 3985/86/7 3986/200/7
f 3985/86/7 3984/199/7 3983/84/7
f 3983/84/7 3982/198/7 3981/82/7
f 3981/82/7 3979/197/7 3980/88/7
f 3976/201/5 3977/86/5 3978/202/5
f 3971/203/5 3973/82/5 3974/204/5
f 3974/204/5 3975/84/5 3976/201/5
f 3975/84/5 3974/204/5 3973/82/5
f 3977/86/5 3976/201/5 3975/84/5
f 3973/82/5 3971/203/5 3972/88/5
f 3968/205/4 3969/86/4 3970/206/4
f 3963/207/4 3965/82/4 3966/208/4
f 3966/208/4 3967/84/4 3968/205/4
f 3967/84/4 3966/208/4 3965/82/4
f 3969/86/4 3968/205/4 3967/84/4
f 3965/82/4 3963/207/4 3964/88/4
f 3957/82/5 3955/209/5 3956/88/5
f 3955/209/5 3957/82/5 3958/210/5
f 3958/210/5 3959/84/5 3960/211/5
f 3960/211/5 3961/86/5 3962/212/5
f 3961/86/5 3960/211/5 3959/84/5
f 3959/84/5 3958/210/5 3957/82/5
f 3947/97/6 3949/82/6 3950/98/6
f 3950/98/6 3951/84/6 3952/99/6
f 3952/99/6 3953/86/6 3954/100/6
f 3953/86/6 3952/99/6 3951/84/6
f 3951/84/6 3950/98/6 3949/82/6
f 3949/82/6 3947/97/6 3948/88/6
f 3944/85/5 3945/86/5 3946/87/5
f 3939/81/5 3941/82/5 3942/83/5
f 3942/83/5 3943/84/5 3944/85/5
f 3941/82/5 3939/81/5 3940/88/5
f 3945/86/5 3944/85/5 3943/84/5
f 3943/84/5 3942/83/5 3941/82/5
f 3931/91/6 3933/82/6 3934/92/6
f 3934/92/6 3935/84/6 3936/89/6
f 3936/89/6 3937/86/6 3938/90/6
f 3937/86/6 3936/89/6 3935/84/6
f 3935/84/6 3934/92/6 3933/82/6
f 3933/82/6 3931/91/6 3932/88/6
f 3925/82/3 3923/91/3 3924/88/3
f 3923/91/3 3925/82/3 3926/92/3
f 3926/92/3 3927/84/3 3928/89/3
f 3928/89/3 3929/86/3 3930/90/3
f 3929/86/3 3928/89/3 3927/84/3
f 3927/84/3 3926/92/3 3925/82/3
f 3917/82/4 3915/95/4 3916/88/4
f 3915/95/4 3917/82/4 3918/96/4
f 3918/96/4 3919/84/4 3920/93/4
f 3920/93/4 3921/86/4 3922/94/4
f 3921/86/4 3920/93/4 3919/84/4
f 3919/84/4 3918/96/4 3917/82/4
f 3907/97/3 3909/82/3 3910/98/3
f 3910/98/3 3911/84/3 3912/99/3
f 3912/99/3 3913/86/3 3914/100/3
f 3913/86/3 3912/99/3 3911/84/3
f 3911/84/3 3910/98/3 3909/82/3
f 3909/82/3 3907/97/3 3908/88/3
f 3901/82/4 3899/101/4 3900/88/4
f 3899/101/4 3901/82/4 3902/102/4
f 3902/102/4 3903/84/4 3904/103/4
f 3904/103/4 3905/86/4 3906/104/4
f 3905/86/4 3904/103/4 3903/84/4
f 3903/84/4 3902/102/4 3901/82/4
f 3896/107/5 3897/86/5 3898/108/5
f 3891/105/5 3893/82/5 3894/106/5
f 3894/106/5 3895/84/5 3896/107/5
f 3893/82/5 3891/105/5 3892/88/5
f 3897/86/5 3896/107/5 3895/84/5
f 3895/84/5 3894/106/5 3893/82/5
f 3883/110/4 3885/82/4 3886/109/4
f 3886/109/4 3887/84/4 3888/111/4
f 3888/111/4 3889/86/4 3890/112/4
f 3889/86/4 3888/111/4 3887/84/4
f 3887/84/4 3886/109/4 3885/82/4
f 3885/82/4 3883/110/4 3884/88/4
f 3877/82/20 3875/113/20 3876/88/20
f 3875/113/20 3877/82/20 3878/114/20
f 3878/114/20 3879/84/20 3880/115/20
f 3880/115/20 3881/86/20 3882/116/20
f 3881/86/20 3880/115/20 3879/84/20
f 3879/84/20 3878/114/20 3877/82/20
f 3868/213/21 3869/214/22 3872/215/22
f 3859/216/23 3861/217/21 3863/218/21
f 3862/219/23 3863/218/21 3865/220/21
f 3864/221/23 3865/220/21 3868/213/21
f 3863/218/21 3866/222/22 3867/223/22
f 3865/220/21 3867/223/22 3869/214/22
f 3863/218/21 3862/219/23 3859/216/23
f 3867/223/22 3870/224/24 3871/225/24
f 3869/214/22 3871/225/24 3873/226/24
f 3872/215/22 3873/226/24 3874/227/24
f 3873/226/24 3872/215/22 3869/214/22
f 3871/225/24 3869/214/22 3867/223/22
f 3870/224/24 3867/223/22 3866/222/22
f 3869/214/22 3868/213/21 3865/220/21
f 3867/223/22 3865/220/21 3863/218/21
f 3866/222/22 3863/218/21 3861/217/21
f 3865/220/21 3864/221/23 3862/219/23
f 3861/217/21 3859/216/23 3860/228/23
f 3853/133/14 3851/88/14 3852/136/14
f 3851/88/14 3853/133/14 3854/82/14
f 3854/82/14 3855/134/14 3856/84/14
f 3856/84/14 3857/135/14 3858/86/14
f 3857/135/14 3856/84/14 3855/134/14
f 3855/134/14 3854/82/14 3853/133/14
f 3848/84/6 3849/139/6 3850/86/6
f 3843/88/6 3845/137/6 3846/82/6
f 3846/82/6 3847/138/6 3848/84/6
f 3845/137/6 3843/88/6 3844/140/6
f 3849/139/6 3848/84/6 3847/138/6
f 3847/138/6 3846/82/6 3845/137/6
f 3835/88/5 3837/143/5 3838/82/5
f 3838/82/5 3839/141/5 3840/84/5
f 3840/84/5 3841/142/5 3842/86/5
f 3841/142/5 3840/84/5 3839/141/5
f 3839/141/5 3838/82/5 3837/143/5
f 3837/143/5 3835/88/5 3836/144/5
f 3829/145/6 3827/88/6 3828/148/6
f 3827/88/6 3829/145/6 3830/82/6
f 3830/82/6 3831/146/6 3832/84/6
f 3832/84/6 3833/147/6 3834/86/6
f 3833/147/6 3832/84/6 3831/146/6
f 3831/146/6 3830/82/6 3829/145/6
f 3819/88/3 3821/151/3 3822/82/3
f 3822/82/3 3823/149/3 3824/84/3
f 3824/84/3 3825/150/3 3826/86/3
f 3825/150/3 3824/84/3 3823/149/3
f 3823/149/3 3822/82/3 3821/151/3
f 3821/151/3 3819/88/3 3820/152/3
f 3813/153/6 3811/88/6 3812/156/6
f 3811/88/6 3813/153/6 3814/82/6
f 3814/82/6 3815/154/6 3816/84/6
f 3816/84/6 3817/155/6 3818/86/6
f 3817/155/6 3816/84/6 3815/154/6
f 3815/154/6 3814/82/6 3813/153/6
f 3807/158/3 3806/82/3 3805/157/3
f 3803/88/3 3805/157/3 3806/82/3
f 3806/82/3 3807/158/3 3808/84/3
f 3808/84/3 3809/159/3 3810/86/3
f 3805/157/3 3803/88/3 3804/160/3
f 3809/159/3 3808/84/3 3807/158/3
f 3798/82/4 3799/158/4 3800/84/4
f 3800/84/4 3801/159/4 3802/86/4
f 3801/159/4 3800/84/4 3799/158/4
f 3799/158/4 3798/82/4 3797/157/4
f 3797/157/4 3795/88/4 3796/160/4
f 3795/88/4 3797/157/4 3798/82/4
f 3790/82/5 3791/161/5 3792/84/5
f 3792/84/5 3793/163/5 3794/86/5
f 3793/163/5 3792/84/5 3791/161/5
f 3791/161/5 3790/82/5 3789/162/5
f 3789/162/5 3787/88/5 3788/164/5
f 3787/88/5 3789/162/5 3790/82/5
f 3782/82/4 3783/149/4 3784/84/4
f 3784/84/4 3785/150/4 3786/86/4
f 3785/150/4 3784/84/4 3783/149/4
f 3783/149/4 3782/82/4 3781/151/4
f 3781/151/4 3779/88/4 3780/152/4
f 3779/88/4 3781/151/4 3782/82/4
f 3776/84/5 3777/166/5 3778/86/5
f 3777/166/5 3776/84/5 3775/165/5
f 3775/165/5 3774/82/5 3773/167/5
f 3771/88/5 3773/167/5 3774/82/5
f 3774/82/5 3775/165/5 3776/84/5
f 3773/167/5 3771/88/5 3772/168/5
f 3766/82/6 3767/170/6 3768/84/6
f 3763/88/6 3765/169/6 3766/82/6
f 3769/171/6 3768/84/6 3767/170/6
f 3767/170/6 3766/82/6 3765/169/6
f 3765/169/6 3763/88/6 3764/172/6
f 3768/84/6 3769/171/6 3770/86/6
f 3758/82/5 3759/174/5 3760/84/5
f 3755/88/5 3757/173/5 3758/82/5
f 3761/175/5 3760/84/5 3759/174/5
f 3759/174/5 3758/82/5 3757/173/5
f 3757/173/5 3755/88/5 3756/176/5
f 3760/84/5 3761/175/5 3762/86/5
f 3752/84/13 3753/178/13 3754/86/13
f 3750/82/13 3751/177/13 3752/84/13
f 3747/88/13 3749/179/13 3750/82/13
f 3751/177/13 3750/82/13 3749/179/13
f 3749/179/13 3747/88/13 3748/180/13
f 3753/178/13 3752/84/13 3751/177/13
f 3731/229/25 3733/230/26 3735/231/26
f 3736/232/25 3737/233/26 3740/234/26
f 3735/231/26 3738/235/27 3739/236/27
f 3737/233/26 3739/236/27 3741/237/27
f 3740/234/26 3741/237/27 3744/238/27
f 3739/236/27 3742/239/28 3743/240/28
f 3741/237/27 3743/240/28 3745/241/28
f 3744/238/27 3745/241/28 3746/242/28
f 3745/241/28 3744/238/27 3741/237/27
f 3743/240/28 3741/237/27 3739/236/27
f 3742/239/28 3739/236/27 3738/235/27
f 3741/237/27 3740/234/26 3737/233/26
f 3739/236/27 3737/233/26 3735/231/26
f 3738/235/27 3735/231/26 3733/230/26
f 3737/233/26 3736/232/25 3734/243/25
f 3735/231/26 3734/243/25 3731/229/25
f 3733/230/26 3731/229/25 3732/244/25
f 3734/243/25 3735/231/26 3737/233/26
f 3723/197/20 3725/82/20 3726/198/20
f 3728/199/20 3729/86/20 3730/200/20
f 3729/86/20 3728/199/20 3727/84/20
f 3727/84/20 3726/198/20 3725/82/20
f 3725/82/20 3723/197/20 3724/88/20
f 3726/198/20 3727/84/20 3728/199/20
f 3718/204/3 3719/84/3 3720/201/3
f 3720/201/3 3721/86/3 3722/202/3
f 3721/86/3 3720/201/3 3719/84/3
f 3715/203/3 3717/82/3 3718/204/3
f 3717/82/3 3715/203/3 3716/88/3
f 3719/84/3 3718/204/3 3717/82/3
f 3712/205/6 3713/86/6 3714/206/6
f 3713/86/6 3712/205/6 3711/84/6
f 3711/84/6 3710/208/6 3709/82/6
f 3709/82/6 3707/207/6 3708/88/6
f 3710/208/6 3711/84/6 3712/205/6
f 3707/207/6 3709/82/6 3710/208/6
f 3703/84/3 3702/210/3 3701/82/3
f 3705/86/3 3704/211/3 3703/84/3
f 3704/211/3 3705/86/3 3706/212/3
f 3702/210/3 3703/84/3 3704/211/3
f 3699/209/3 3701/82/3 3702/210/3
f 3701/82/3 3699/209/3 3700/88/3
f 3691/97/4 3693/82/4 3694/98/4
f 3696/99/4 3697/86/4 3698/100/4
f 3697/86/4 3696/99/4 3695/84/4
f 3695/84/4 3694/98/4 3693/82/4
f 3693/82/4 3691/97/4 3692/88/4
f 3694/98/4 3695/84/4 3696/99/4
f 6805/1/5 6778/2/5 6766/3/5
f 6778/2/5 6805/1/5 6806/4/5
f 6800/5/5 6755/6/5 6804/7/5
f 6801/8/5 6800/5/5 6803/9/5
f 6800/5/5 6756/10/5 6755/6/5
f 6798/11/5 6759/12/5 6802/13/5
f 6756/10/5 6800/5/5 6801/8/5
f 6789/14/5 6774/15/5 6792/16/5
f 6795/17/5 6797/18/5 6775/19/5
f 6793/20/5 6787/21/5 6799/22/5
f 6759/12/5 6798/11/5 6751/23/5
f 6797/18/5 6795/17/5 6796/24/5
f 6775/19/5 6794/25/5 6750/26/5
f 6780/27/5 6781/28/5 6784/29/5
f 6790/30/5 6792/16/5 6774/15/5
f 6768/31/5 6787/21/5 6793/20/5
f 6792/16/5 6790/30/5 6791/32/5
f 6774/15/5 6789/14/5 6767/33/5
f 6786/34/5 6768/31/5 6767/33/5
f 6785/35/5 6777/36/5 6788/37/5
f 6768/31/5 6786/34/5 6787/21/5
f 6708/63/5 6753/245/5 6739/40/5
f 6782/41/5 6784/29/5 6781/28/5
f 6769/42/5 6761/43/5 6781/28/5
f 6777/36/5 6785/35/5 6770/44/5
f 6784/29/5 6782/41/5 6783/45/5
f 6781/28/5 6780/27/5 6769/42/5
f 6748/46/5 6760/47/5 6710/48/5
f 6757/49/5 6749/50/5 6774/15/5
f 6771/246/5 6773/247/5 6779/248/5
f 6776/52/5 6770/44/5 6769/42/5
f 6729/249/5 6731/250/5 6742/60/5
f 6765/54/5 6766/3/5 6778/2/5
f 6772/251/5 6771/246/5 6748/46/5
f 6760/47/5 6748/46/5 6771/246/5
f 6770/44/5 6776/52/5 6777/36/5
f 6760/47/5 6762/56/5 6710/48/5
f 6750/26/5 6740/53/5 6775/19/5
f 6767/33/5 6757/49/5 6774/15/5
f 6754/61/5 6747/62/5 6766/3/5
f 6708/63/5 6764/252/5 6763/253/5
f 6773/247/5 6771/246/5 6772/251/5
f 6762/56/5 6761/43/5 6770/44/5
f 6761/43/5 6769/42/5 6770/44/5
f 6758/57/5 6751/23/5 6750/26/5
f 6707/254/5 6709/71/5 6738/255/5
f 6757/49/5 6767/33/5 6768/31/5
f 6719/72/5 6748/46/5 6710/48/5
f 6755/6/5 6754/61/5 6766/3/5
f 6766/3/5 6765/54/5 6755/6/5
f 6764/252/5 6708/63/5 6746/38/5
f 6752/256/5 6708/63/5 6763/253/5
f 6762/56/5 6760/47/5 6761/43/5
f 6751/23/5 6758/57/5 6759/12/5
f 6739/40/5 6741/64/5 6723/65/5
f 6743/257/5 6728/258/5 6727/259/5
f 6719/72/5 6735/260/5 6733/80/5
f 6748/46/5 6749/50/5 6757/49/5
f 6754/61/5 6755/6/5 6756/10/5
f 6746/38/5 6747/62/5 6754/61/5
f 6753/245/5 6708/63/5 6752/256/5
f 6741/64/5 6740/53/5 6751/23/5
f 6740/53/5 6750/26/5 6751/23/5
f 6728/258/5 6743/257/5 6742/60/5
f 6723/65/5 6745/66/5 6744/261/5
f 6722/262/5 6720/77/5 6710/48/5
f 6730/263/5 6732/59/5 6731/250/5
f 6749/50/5 6748/46/5 6719/72/5
f 6747/62/5 6746/38/5 6708/63/5
f 6739/40/5 6723/65/5 6708/63/5
f 6723/65/5 6726/264/5 6745/66/5
f 6724/67/5 6723/65/5 6744/261/5
f 6737/265/5 6738/255/5 6714/75/5
f 6710/48/5 6736/78/5 6711/266/5
f 6719/72/5 6734/267/5 6732/59/5
f 6729/249/5 6742/60/5 6743/257/5
f 6741/64/5 6739/40/5 6740/53/5
f 6727/259/5 6725/69/5 6723/65/5
f 6708/63/5 6724/67/5 6717/268/5
f 6738/255/5 6737/265/5 6707/254/5
f 6714/75/5 6713/269/5 6737/265/5
f 6710/48/5 6721/270/5 6736/78/5
f 6719/72/5 6712/79/5 6735/260/5
f 6734/267/5 6719/72/5 6733/80/5
f 6732/59/5 6730/263/5 6719/72/5
f 6731/250/5 6729/249/5 6730/263/5
f 6725/69/5 6727/259/5 6728/258/5
f 6726/264/5 6723/65/5 6725/69/5
f 6724/67/5 6708/63/5 6723/65/5
f 6708/63/5 6718/70/5 6716/271/5
f 6713/269/5 6715/272/5 6722/262/5
f 6720/77/5 6722/262/5 6715/272/5
f 6721/270/5 6710/48/5 6720/77/5
f 6710/48/5 6712/79/5 6719/72/5
f 6718/70/5 6708/63/5 6717/268/5
f 6709/71/5 6708/63/5 6716/271/5
f 6715/272/5 6713/269/5 6714/75/5
f 6712/79/5 6710/48/5 6711/266/5
f 6709/71/5 6707/254/5 6708/63/5
f 6794/25/5 6775/19/5 6797/18/5
f 6629/249/3 6631/250/3 6640/263/3
f 6704/1/3 6661/2/3 6706/4/3
f 6699/52/3 6677/44/3 6702/36/3
f 6703/41/3 6697/29/3 6705/45/3
f 6661/2/3 6704/1/3 6651/3/3
f 6690/34/3 6682/31/3 6693/21/3
f 6700/35/3 6702/36/3 6677/44/3
f 6673/28/3 6697/29/3 6703/41/3
f 6702/36/3 6700/35/3 6701/37/3
f 6677/44/3 6699/52/3 6672/42/3
f 6696/27/3 6673/28/3 6672/42/3
f 6694/30/3 6676/16/3 6698/32/3
f 6673/28/3 6696/27/3 6697/29/3
f 6685/57/3 6667/23/3 6688/12/3
f 6691/20/3 6693/21/3 6682/31/3
f 6689/17/3 6684/18/3 6695/24/3
f 6676/16/3 6694/30/3 6669/15/3
f 6693/21/3 6691/20/3 6692/22/3
f 6682/31/3 6690/34/3 6668/33/3
f 6678/7/3 6674/10/3 6681/5/3
f 6686/11/3 6688/12/3 6667/23/3
f 6659/19/3 6684/18/3 6689/17/3
f 6688/12/3 6686/11/3 6687/13/3
f 6667/23/3 6685/57/3 6658/26/3
f 6683/25/3 6659/19/3 6658/26/3
f 6662/246/3 6670/251/3 6652/46/3
f 6659/19/3 6683/25/3 6684/18/3
f 6608/65/3 6647/252/3 6643/38/3
f 6679/8/3 6681/5/3 6674/10/3
f 6668/33/3 6653/49/3 6682/31/3
f 6671/43/3 6666/56/3 6677/44/3
f 6681/5/3 6679/8/3 6680/9/3
f 6674/10/3 6678/7/3 6650/6/3
f 6675/14/3 6669/15/3 6668/33/3
f 6612/269/3 6614/272/3 6616/75/3
f 6672/42/3 6671/43/3 6677/44/3
f 6652/46/3 6665/47/3 6662/246/3
f 6669/15/3 6675/14/3 6676/16/3
f 6652/46/3 6654/50/3 6622/72/3
f 6650/6/3 6644/61/3 6674/10/3
f 6657/53/3 6649/64/3 6667/23/3
f 6671/43/3 6672/42/3 6673/28/3
f 6665/47/3 6666/56/3 6671/43/3
f 6665/47/3 6652/46/3 6618/48/3
f 6662/246/3 6664/247/3 6670/251/3
f 6654/50/3 6653/49/3 6669/15/3
f 6653/49/3 6668/33/3 6669/15/3
f 6660/54/3 6651/3/3 6650/6/3
f 6617/265/3 6635/255/3 6634/254/3
f 6658/26/3 6657/53/3 6667/23/3
f 6608/65/3 6656/245/3 6655/256/3
f 6666/56/3 6665/47/3 6618/48/3
f 6664/247/3 6662/246/3 6663/248/3
f 6652/46/3 6622/72/3 6618/48/3
f 6651/3/3 6660/54/3 6661/2/3
f 6643/38/3 6645/62/3 6626/63/3
f 6635/255/3 6617/265/3 6616/75/3
f 6630/60/3 6629/249/3 6641/257/3
f 6657/53/3 6658/26/3 6659/19/3
f 6648/40/29 6649/64/3 6657/53/3
f 6656/245/3 6608/65/3 6648/40/29
f 6646/253/3 6608/65/3 6655/256/3
f 6654/50/3 6652/46/3 6653/49/3
f 6645/62/3 6644/61/3 6651/3/3
f 6644/61/3 6650/6/3 6651/3/3
f 6607/259/3 6609/69/3 6642/258/3
f 6622/72/3 6639/267/3 6637/80/3
f 6649/64/3 6648/40/29 6608/65/3
f 6647/252/3 6608/65/3 6646/253/3
f 6643/38/3 6626/63/3 6608/65/3
f 6626/63/3 6636/71/3 6632/271/3
f 6641/257/3 6642/258/3 6630/60/3
f 6640/263/3 6638/59/3 6622/72/3
f 6618/48/3 6624/79/3 6628/266/3
f 6645/62/3 6643/38/3 6644/61/3
f 6634/254/3 6636/71/3 6626/63/3
f 6626/63/3 6633/70/3 6627/268/3
f 6642/258/3 6641/257/3 6607/259/3
f 6609/69/3 6608/65/3 6610/264/3
f 6638/59/3 6640/263/3 6631/250/3
f 6639/267/3 6622/72/3 6638/59/3
f 6623/260/3 6622/72/3 6637/80/3
f 6618/48/3 6621/270/3 6619/77/3
f 6636/71/3 6634/254/3 6635/255/3
f 6633/70/3 6626/63/3 6632/271/3
f 6626/63/3 6625/67/3 6608/65/3
f 6631/250/3 6629/249/3 6630/60/3
f 6622/72/3 6624/79/3 6618/48/3
f 6620/78/3 6618/48/3 6628/266/3
f 6613/262/3 6619/77/3 6614/272/3
f 6625/67/3 6626/63/3 6627/268/3
f 6615/261/3 6608/65/3 6625/67/3
f 6624/79/3 6622/72/3 6623/260/3
f 6621/270/3 6618/48/3 6620/78/3
f 6619/77/3 6613/262/3 6618/48/3
f 6612/269/3 6616/75/3 6617/265/3
f 6611/66/3 6608/65/3 6615/261/3
f 6614/272/3 6612/269/3 6613/262/3
f 6610/264/3 6608/65/3 6611/66/3
f 6609/69/3 6607/259/3 6608/65/3
f 6595/273/1 6594/274/1 6593/275/1
f 6591/81/1 6593/275/1 6594/274/1
f 6594/274/1 6595/273/1 6596/276/1
f 6596/276/1 6597/277/1 6598/278/1
f 6598/278/1 6599/279/1 6600/280/1
f 6600/280/1 6601/281/1 6602/282/1
f 6602/282/1 6603/283/1 6604/284/1
f 6604/284/1 6605/285/1 6606/286/1
f 6605/285/1 6604/284/1 6603/283/1
f 6603/283/1 6602/282/1 6601/281/1
f 6601/281/1 6600/280/1 6599/279/1
f 6599/279/1 6598/278/1 6597/277/1
f 6597/277/1 6596/276/1 6595/273/1
f 6593/275/1 6591/81/1 6592/88/1
f 6577/275/4 6575/91/4 6576/88/4
f 6575/91/4 6577/275/4 6578/287/4
f 6578/287/4 6579/273/4 6580/288/4
f 6580/288/4 6581/277/4 6582/289/4
f 6582/289/4 6583/279/4 6584/290/4
f 6584/290/4 6585/281/4 6586/291/4
f 6586/291/4 6587/283/4 6588/292/4
f 6588/292/4 6589/285/4 6590/293/4
f 6589/285/4 6588/292/4 6587/283/4
f 6587/283/4 6586/291/4 6585/281/4
f 6585/281/4 6584/290/4 6583/279/4
f 6583/279/4 6582/289/4 6581/277/4
f 6581/277/4 6580/288/4 6579/273/4
f 6579/273/4 6578/287/4 6577/275/4
f 6572/292/2 6573/285/2 6574/293/2
f 6559/91/2 6561/275/2 6562/287/2
f 6562/287/2 6563/273/2 6564/288/2
f 6564/288/2 6565/277/2 6566/289/2
f 6566/289/2 6567/279/2 6568/290/2
f 6568/290/2 6569/281/2 6570/291/2
f 6570/291/2 6571/283/2 6572/292/2
f 6563/273/2 6562/287/2 6561/275/2
f 6573/285/2 6572/292/2 6571/283/2
f 6571/283/2 6570/291/2 6569/281/2
f 6569/281/2 6568/290/2 6567/279/2
f 6567/279/2 6566/289/2 6565/277/2
f 6565/277/2 6564/288/2 6563/273/2
f 6561/275/2 6559/91/2 6560/88/2
f 6545/275/6 6543/95/6 6544/88/6
f 6543/95/6 6545/275/6 6546/294/6
f 6546/294/6 6547/273/6 6548/295/6
f 6548/295/6 6549/277/6 6550/296/6
f 6550/296/6 6551/279/6 6552/297/6
f 6552/297/6 6553/281/6 6554/298/6
f 6554/298/6 6555/283/6 6556/299/6
f 6556/299/6 6557/285/6 6558/300/6
f 6557/285/6 6556/299/6 6555/283/6
f 6555/283/6 6554/298/6 6553/281/6
f 6553/281/6 6552/297/6 6551/279/6
f 6551/279/6 6550/296/6 6549/277/6
f 6549/277/6 6548/295/6 6547/273/6
f 6547/273/6 6546/294/6 6545/275/6
f 6538/301/2 6539/283/2 6540/302/2
f 6527/97/2 6529/275/2 6530/303/2
f 6530/303/2 6531/273/2 6532/304/2
f 6532/304/2 6533/277/2 6534/305/2
f 6534/305/2 6535/279/2 6536/306/2
f 6536/306/2 6537/281/2 6538/301/2
f 6529/275/2 6527/97/2 6528/88/2
f 6540/302/2 6541/285/2 6542/307/2
f 6541/285/2 6540/302/2 6539/283/2
f 6539/283/2 6538/301/2 6537/281/2
f 6537/281/2 6536/306/2 6535/279/2
f 6535/279/2 6534/305/2 6533/277/2
f 6533/277/2 6532/304/2 6531/273/2
f 6531/273/2 6530/303/2 6529/275/2
f 6524/308/6 6525/285/6 6526/309/6
f 6511/101/6 6513/275/6 6514/310/6
f 6514/310/6 6515/273/6 6516/311/6
f 6516/311/6 6517/277/6 6518/312/6
f 6518/312/6 6519/279/6 6520/313/6
f 6520/313/6 6521/281/6 6522/314/6
f 6522/314/6 6523/283/6 6524/308/6
f 6513/275/6 6511/101/6 6512/88/6
f 6525/285/6 6524/308/6 6523/283/6
f 6523/283/6 6522/314/6 6521/281/6
f 6521/281/6 6520/313/6 6519/279/6
f 6519/279/6 6518/312/6 6517/277/6
f 6517/277/6 6516/311/6 6515/273/6
f 6515/273/6 6514/310/6 6513/275/6
f 6497/275/1 6495/105/1 6496/88/1
f 6495/105/1 6497/275/1 6498/315/1
f 6498/315/1 6499/273/1 6500/316/1
f 6500/316/1 6501/277/1 6502/317/1
f 6502/317/1 6503/279/1 6504/318/1
f 6504/318/1 6505/281/1 6506/319/1
f 6506/319/1 6507/283/1 6508/320/1
f 6508/320/1 6509/285/1 6510/321/1
f 6509/285/1 6508/320/1 6507/283/1
f 6507/283/1 6506/319/1 6505/281/1
f 6505/281/1 6504/318/1 6503/279/1
f 6503/279/1 6502/317/1 6501/277/1
f 6501/277/1 6500/316/1 6499/273/1
f 6499/273/1 6498/315/1 6497/275/1
f 6492/322/6 6493/285/6 6494/323/6
f 6479/110/6 6481/275/6 6482/324/6
f 6482/324/6 6483/273/6 6484/325/6
f 6484/325/6 6485/277/6 6486/326/6
f 6486/326/6 6487/279/6 6488/327/6
f 6488/327/6 6489/281/6 6490/328/6
f 6490/328/6 6491/283/6 6492/322/6
f 6481/275/6 6479/110/6 6480/88/6
f 6493/285/6 6492/322/6 6491/283/6
f 6491/283/6 6490/328/6 6489/281/6
f 6489/281/6 6488/327/6 6487/279/6
f 6487/279/6 6486/326/6 6485/277/6
f 6485/277/6 6484/325/6 6483/273/6
f 6483/273/6 6482/324/6 6481/275/6
f 6465/275/30 6463/113/30 6464/88/30
f 6463/113/30 6465/275/30 6466/329/30
f 6466/329/30 6467/273/30 6468/330/30
f 6468/330/30 6469/277/30 6470/331/30
f 6470/331/30 6471/279/30 6472/332/30
f 6472/332/30 6473/281/30 6474/333/30
f 6474/333/30 6475/283/30 6476/334/30
f 6476/334/30 6477/285/30 6478/335/30
f 6477/285/30 6476/334/30 6475/283/30
f 6475/283/30 6474/333/30 6473/281/30
f 6473/281/30 6472/332/30 6471/279/30
f 6471/279/30 6470/331/30 6469/277/30
f 6469/277/30 6468/330/30 6467/273/30
f 6467/273/30 6466/329/30 6465/275/30
f 6426/336/31 6427/337/32 6429/338/32
f 6415/339/31 6417/340/32 6419/341/32
f 6418/342/31 6419/341/32 6421/343/32
f 6420/344/31 6421/343/32 6423/345/32
f 6422/346/31 6423/345/32 6425/347/32
f 6424/348/31 6425/347/32 6427/337/32
f 6417/340/32 6415/339/31 6416/132/31
f 6428/349/31 6429/338/32 6436/350/32
f 6419/341/32 6430/351/33 6431/352/33
f 6421/343/32 6431/352/33 6432/353/33
f 6423/345/32 6432/353/33 6433/354/33
f 6425/347/32 6433/354/33 6434/355/33
f 6427/337/32 6434/355/33 6435/356/33
f 6429/338/32 6435/356/33 6437/357/33
f 6436/350/32 6437/357/33 6444/358/33
f 6431/352/33 6438/359/34 6439/360/34
f 6432/353/33 6439/360/34 6440/361/34
f 6433/354/33 6440/361/34 6441/362/34
f 6434/355/33 6441/362/34 6442/363/34
f 6435/356/33 6442/363/34 6443/364/34
f 6437/357/33 6443/364/34 6445/365/34
f 6444/358/33 6445/365/34 6452/366/34
f 6439/360/34 6446/367/35 6447/368/35
f 6440/361/34 6447/368/35 6448/369/35
f 6441/362/34 6448/369/35 6449/370/35
f 6442/363/34 6449/370/35 6450/371/35
f 6443/364/34 6450/371/35 6451/372/35
f 6445/365/34 6451/372/35 6453/373/35
f 6452/366/34 6453/373/35 6460/374/35
f 6447/368/35 6454/130/36 6455/375/36
f 6448/369/35 6455/375/36 6456/376/36
f 6449/370/35 6456/376/36 6457/377/36
f 6450/371/35 6457/377/36 6458/378/36
f 6451/372/35 6458/378/36 6459/379/36
f 6453/373/35 6459/379/36 6461/380/36
f 6460/374/35 6461/380/36 6462/381/36
f 6461/380/36 6460/374/35 6453/373/35
f 6459/379/36 6453/373/35 6451/372/35
f 6458/378/36 6451/372/35 6450/371/35
f 6457/377/36 6450/371/35 6449/370/35
f 6456/376/36 6449/370/35 6448/369/35
f 6455/375/36 6448/369/35 6447/368/35
f 6454/130/36 6447/368/35 6446/367/35
f 6453/373/35 6452/366/34 6445/365/34
f 6451/372/35 6445/365/34 6443/364/34
f 6450/371/35 6443/364/34 6442/363/34
f 6449/370/35 6442/363/34 6441/362/34
f 6448/369/35 6441/362/34 6440/361/34
f 6447/368/35 6440/361/34 6439/360/34
f 6446/367/35 6439/360/34 6438/359/34
f 6445/365/34 6444/358/33 6437/357/33
f 6443/364/34 6437/357/33 6435/356/33
f 6442/363/34 6435/356/33 6434/355/33
f 6441/362/34 6434/355/33 6433/354/33
f 6440/361/34 6433/354/33 6432/353/33
f 6439/360/34 6432/353/33 6431/352/33
f 6438/359/34 6431/352/33 6430/351/33
f 6437/357/33 6436/350/32 6429/338/32
f 6435/356/33 6429/338/32 6427/337/32
f 6434/355/33 6427/337/32 6425/347/32
f 6433/354/33 6425/347/32 6423/345/32
f 6432/353/33 6423/345/32 6421/343/32
f 6431/352/33 6421/343/32 6419/341/32
f 6430/351/33 6419/341/32 6417/340/32
f 6429/338/32 6428/349/31 6426/336/31
f 6427/337/32 6426/336/31 6424/348/31
f 6425/347/32 6424/348/31 6422/346/31
f 6423/345/32 6422/346/31 6420/344/31
f 6421/343/32 6420/344/31 6418/342/31
f 6419/341/32 6418/342/31 6415/339/31
f 6401/382/37 6399/88/37 6400/136/37
f 6399/88/37 6401/382/37 6402/275/37
f 6402/275/37 6403/383/37 6404/273/37
f 6404/273/37 6405/384/37 6406/277/37
f 6406/277/37 6407/385/37 6408/279/37
f 6408/279/37 6409/386/37 6410/281/37
f 6410/281/37 6411/387/37 6412/283/37
f 6412/283/37 6413/388/37 6414/285/37
f 6413/388/37 6412/283/37 6411/387/37
f 6411/387/37 6410/281/37 6409/386/37
f 6409/386/37 6408/279/37 6407/385/37
f 6407/385/37 6406/277/37 6405/384/37
f 6405/384/37 6404/273/37 6403/383/37
f 6403/383/37 6402/275/37 6401/382/37
f 6385/389/4 6383/88/4 6384/140/4
f 6383/88/4 6385/389/4 6386/275/4
f 6386/275/4 6387/390/4 6388/273/4
f 6388/273/4 6389/391/4 6390/277/4
f 6390/277/4 6391/392/4 6392/279/4
f 6392/279/4 6393/393/4 6394/281/4
f 6394/281/4 6395/394/4 6396/283/4
f 6396/283/4 6397/395/4 6398/285/4
f 6397/395/4 6396/283/4 6395/394/4
f 6395/394/4 6394/281/4 6393/393/4
f 6393/393/4 6392/279/4 6391/392/4
f 6391/392/4 6390/277/4 6389/391/4
f 6389/391/4 6388/273/4 6387/390/4
f 6387/390/4 6386/275/4 6385/389/4
f 6375/396/1 6374/277/1 6373/397/1
f 6367/88/1 6369/398/1 6370/275/1
f 6370/275/1 6371/399/1 6372/273/1
f 6372/273/1 6373/397/1 6374/277/1
f 6374/277/1 6375/396/1 6376/279/1
f 6376/279/1 6377/400/1 6378/281/1
f 6378/281/1 6379/401/1 6380/283/1
f 6380/283/1 6381/402/1 6382/285/1
f 6381/402/1 6380/283/1 6379/401/1
f 6379/401/1 6378/281/1 6377/400/1
f 6373/397/1 6372/273/1 6371/399/1
f 6371/399/1 6370/275/1 6369/398/1
f 6377/400/1 6376/279/1 6375/396/1
f 6369/398/1 6367/88/1 6368/144/1
f 6351/88/4 6353/403/4 6354/275/4
f 6354/275/4 6355/404/4 6356/273/4
f 6356/273/4 6357/405/4 6358/277/4
f 6358/277/4 6359/406/4 6360/279/4
f 6360/279/4 6361/407/4 6362/281/4
f 6362/281/4 6363/408/4 6364/283/4
f 6364/283/4 6365/409/4 6366/285/4
f 6365/409/4 6364/283/4 6363/408/4
f 6363/408/4 6362/281/4 6361/407/4
f 6361/407/4 6360/279/4 6359/406/4
f 6359/406/4 6358/277/4 6357/405/4
f 6357/405/4 6356/273/4 6355/404/4
f 6355/404/4 6354/275/4 6353/403/4
f 6353/403/4 6351/88/4 6352/148/4
f 6337/410/2 6335/88/2 6336/152/2
f 6335/88/2 6337/410/2 6338/275/2
f 6338/275/2 6339/411/2 6340/273/2
f 6340/273/2 6341/412/2 6342/277/2
f 6342/277/2 6343/413/2 6344/279/2
f 6344/279/2 6345/414/2 6346/281/2
f 6346/281/2 6347/415/2 6348/283/2
f 6348/283/2 6349/416/2 6350/285/2
f 6349/416/2 6348/283/2 6347/415/2
f 6347/415/2 6346/281/2 6345/414/2
f 6345/414/2 6344/279/2 6343/413/2
f 6343/413/2 6342/277/2 6341/412/2
f 6341/412/2 6340/273/2 6339/411/2
f 6339/411/2 6338/275/2 6337/410/2
f 6321/417/4 6319/88/4 6320/156/4
f 6319/88/4 6321/417/4 6322/275/4
f 6322/275/4 6323/418/4 6324/273/4
f 6324/273/4 6325/419/4 6326/277/4
f 6326/277/4 6327/420/4 6328/279/4
f 6328/279/4 6329/421/4 6330/281/4
f 6330/281/4 6331/422/4 6332/283/4
f 6332/283/4 6333/423/4 6334/285/4
f 6333/423/4 6332/283/4 6331/422/4
f 6331/422/4 6330/281/4 6329/421/4
f 6329/421/4 6328/279/4 6327/420/4
f 6327/420/4 6326/277/4 6325/419/4
f 6325/419/4 6324/273/4 6323/418/4
f 6323/418/4 6322/275/4 6321/417/4
f 6305/424/2 6303/88/2 6304/160/2
f 6303/88/2 6305/424/2 6306/275/2
f 6306/275/2 6307/425/2 6308/273/2
f 6308/273/2 6309/426/2 6310/277/2
f 6310/277/2 6311/427/2 6312/279/2
f 6312/279/2 6313/428/2 6314/281/2
f 6314/281/2 6315/429/2 6316/283/2
f 6316/283/2 6317/430/2 6318/285/2
f 6317/430/2 6316/283/2 6315/429/2
f 6315/429/2 6314/281/2 6313/428/2
f 6313/428/2 6312/279/2 6311/427/2
f 6311/427/2 6310/277/2 6309/426/2
f 6309/426/2 6308/273/2 6307/425/2
f 6307/425/2 6306/275/2 6305/424/2
f 6289/424/6 6287/88/6 6288/160/6
f 6287/88/6 6289/424/6 6290/275/6
f 6290/275/6 6291/425/6 6292/273/6
f 6292/273/6 6293/426/6 6294/277/6
f 6294/277/6 6295/427/6 6296/279/6
f 6296/279/6 6297/428/6 6298/281/6
f 6298/281/6 6299/429/6 6300/283/6
f 6300/283/6 6301/430/6 6302/285/6
f 6301/430/6 6300/283/6 6299/429/6
f 6299/429/6 6298/281/6 6297/428/6
f 6297/428/6 6296/279/6 6295/427/6
f 6295/427/6 6294/277/6 6293/426/6
f 6293/426/6 6292/273/6 6291/425/6
f 6291/425/6 6290/275/6 6289/424/6
f 6284/283/1 6285/431/1 6286/285/1
f 6271/88/1 6273/432/1 6274/275/1
f 6274/275/1 6275/433/1 6276/273/1
f 6276/273/1 6277/434/1 6278/277/1
f 6278/277/1 6279/435/1 6280/279/1
f 6280/279/1 6281/436/1 6282/281/1
f 6282/281/1 6283/437/1 6284/283/1
f 6273/432/1 6271/88/1 6272/164/1
f 6285/431/1 6284/283/1 6283/437/1
f 6283/437/1 6282/281/1 6281/436/1
f 6281/436/1 6280/279/1 6279/435/1
f 6279/435/1 6278/277/1 6277/434/1
f 6277/434/1 6276/273/1 6275/433/1
f 6275/433/1 6274/275/1 6273/432/1
f 6257/410/6 6255/88/6 6256/152/6
f 6255/88/6 6257/410/6 6258/275/6
f 6258/275/6 6259/411/6 6260/273/6
f 6260/273/6 6261/412/6 6262/277/6
f 6262/277/6 6263/413/6 6264/279/6
f 6264/279/6 6265/414/6 6266/281/6
f 6266/281/6 6267/415/6 6268/283/6
f 6268/283/6 6269/416/6 6270/285/6
f 6269/416/6 6268/283/6 6267/415/6
f 6267/415/6 6266/281/6 6265/414/6
f 6265/414/6 6264/279/6 6263/413/6
f 6263/413/6 6262/277/6 6261/412/6
f 6261/412/6 6260/273/6 6259/411/6
f 6259/411/6 6258/275/6 6257/410/6
f 6252/283/1 6253/438/1 6254/285/1
f 6239/88/1 6241/439/1 6242/275/1
f 6242/275/1 6243/440/1 6244/273/1
f 6244/273/1 6245/441/1 6246/277/1
f 6246/277/1 6247/442/1 6248/279/1
f 6248/279/1 6249/443/1 6250/281/1
f 6250/281/1 6251/444/1 6252/283/1
f 6241/439/1 6239/88/1 6240/168/1
f 6253/438/1 6252/283/1 6251/444/1
f 6251/444/1 6250/281/1 6249/443/1
f 6249/443/1 6248/279/1 6247/442/1
f 6247/442/1 6246/277/1 6245/441/1
f 6245/441/1 6244/273/1 6243/440/1
f 6243/440/1 6242/275/1 6241/439/1
f 6225/445/4 6223/88/4 6224/172/4
f 6223/88/4 6225/445/4 6226/275/4
f 6226/275/4 6227/446/4 6228/273/4
f 6228/273/4 6229/447/4 6230/277/4
f 6230/277/4 6231/448/4 6232/279/4
f 6232/279/4 6233/449/4 6234/281/4
f 6234/281/4 6235/450/4 6236/283/4
f 6236/283/4 6237/451/4 6238/285/4
f 6237/451/4 6236/283/4 6235/450/4
f 6235/450/4 6234/281/4 6233/449/4
f 6233/449/4 6232/279/4 6231/448/4
f 6231/448/4 6230/277/4 6229/447/4
f 6229/447/4 6228/273/4 6227/446/4
f 6227/446/4 6226/275/4 6225/445/4
f 6214/277/1 6215/452/1 6216/279/1
f 6207/88/1 6209/453/1 6210/275/1
f 6210/275/1 6211/454/1 6212/273/1
f 6212/273/1 6213/455/1 6214/277/1
f 6216/279/1 6217/456/1 6218/281/1
f 6218/281/1 6219/457/1 6220/283/1
f 6220/283/1 6221/458/1 6222/285/1
f 6221/458/1 6220/283/1 6219/457/1
f 6219/457/1 6218/281/1 6217/456/1
f 6217/456/1 6216/279/1 6215/452/1
f 6215/452/1 6214/277/1 6213/455/1
f 6213/455/1 6212/273/1 6211/454/1
f 6211/454/1 6210/275/1 6209/453/1
f 6209/453/1 6207/88/1 6208/176/1
f 6191/88/38 6193/459/38 6194/275/38
f 6196/273/38 6197/460/38 6198/277/38
f 6198/277/38 6199/461/38 6200/279/38
f 6200/279/38 6201/462/38 6202/281/38
f 6202/281/38 6203/463/38 6204/283/38
f 6204/283/38 6205/464/38 6206/285/38
f 6205/464/38 6204/283/38 6203/463/38
f 6203/463/38 6202/281/38 6201/462/38
f 6201/462/38 6200/279/38 6199/461/38
f 6199/461/38 6198/277/38 6197/460/38
f 6197/460/38 6196/273/38 6195/465/38
f 6195/465/38 6194/275/38 6193/459/38
f 6193/459/38 6191/88/38 6192/180/38
f 6194/275/38 6195/465/38 6196/273/38
f 6170/466/39 6163/467/40 6162/468/40
f 6171/469/39 6165/470/40 6163/467/40
f 6173/471/39 6172/472/40 6165/470/40
f 6174/473/41 6167/474/39 6166/475/39
f 6175/476/41 6168/477/39 6167/474/39
f 6176/478/41 6169/479/39 6168/477/39
f 6177/480/41 6170/466/39 6169/479/39
f 6178/481/41 6171/469/39 6170/466/39
f 6179/482/41 6173/471/39 6171/469/39
f 6181/483/41 6180/484/39 6173/471/39
f 6182/194/42 6175/476/41 6174/473/41
f 6183/485/42 6176/478/41 6175/476/41
f 6184/486/42 6177/480/41 6176/478/41
f 6185/487/42 6178/481/41 6177/480/41
f 6186/488/42 6179/482/41 6178/481/41
f 6187/489/42 6181/483/41 6179/482/41
f 6189/490/42 6188/491/41 6181/483/41
f 6188/491/41 6189/490/42 6190/492/42
f 6181/483/41 6187/489/42 6189/490/42
f 6179/482/41 6186/488/42 6187/489/42
f 6178/481/41 6185/487/42 6186/488/42
f 6177/480/41 6184/486/42 6185/487/42
f 6176/478/41 6183/485/42 6184/486/42
f 6175/476/41 6182/194/42 6183/485/42
f 6180/484/39 6181/483/41 6188/491/41
f 6169/479/39 6162/468/40 6161/493/40
f 6171/469/39 6178/481/41 6179/482/41
f 6170/466/39 6177/480/41 6178/481/41
f 6169/479/39 6176/478/41 6177/480/41
f 6168/477/39 6175/476/41 6176/478/41
f 6167/474/39 6174/473/41 6175/476/41
f 6172/472/40 6173/471/39 6180/484/39
f 6165/470/40 6171/469/39 6173/471/39
f 6163/467/40 6170/466/39 6171/469/39
f 6162/468/40 6169/479/39 6170/466/39
f 6161/493/40 6168/477/39 6169/479/39
f 6160/494/40 6167/474/39 6168/477/39
f 6159/495/40 6166/475/39 6167/474/39
f 6164/496/43 6165/470/40 6172/472/40
f 6157/497/43 6163/467/40 6165/470/40
f 6155/498/43 6162/468/40 6163/467/40
f 6153/499/43 6161/493/40 6162/468/40
f 6151/500/43 6160/494/40 6161/493/40
f 6149/501/43 6159/495/40 6160/494/40
f 6147/502/43 6158/503/40 6159/495/40
f 6156/504/44 6157/497/43 6164/496/43
f 6154/505/44 6155/498/43 6157/497/43
f 6152/506/44 6153/499/43 6155/498/43
f 6150/507/44 6151/500/43 6153/499/43
f 6148/508/44 6149/501/43 6151/500/43
f 6146/509/44 6147/502/43 6149/501/43
f 6143/510/44 6145/511/43 6147/502/43
f 6168/477/39 6161/493/40 6160/494/40
f 6167/474/39 6160/494/40 6159/495/40
f 6166/475/39 6159/495/40 6158/503/40
f 6165/470/40 6164/496/43 6157/497/43
f 6163/467/40 6157/497/43 6155/498/43
f 6162/468/40 6155/498/43 6153/499/43
f 6161/493/40 6153/499/43 6151/500/43
f 6160/494/40 6151/500/43 6149/501/43
f 6159/495/40 6149/501/43 6147/502/43
f 6158/503/40 6147/502/43 6145/511/43
f 6157/497/43 6156/504/44 6154/505/44
f 6155/498/43 6154/505/44 6152/506/44
f 6173/471/39 6179/482/41 6181/483/41
f 6153/499/43 6152/506/44 6150/507/44
f 6151/500/43 6150/507/44 6148/508/44
f 6149/501/43 6148/508/44 6146/509/44
f 6147/502/43 6146/509/44 6143/510/44
f 6145/511/43 6143/510/44 6144/196/44
f 6127/197/30 6129/275/30 6130/512/30
f 6130/512/30 6131/273/30 6132/513/30
f 6132/513/30 6133/277/30 6134/514/30
f 6134/514/30 6135/279/30 6136/515/30
f 6136/515/30 6137/281/30 6138/516/30
f 6138/516/30 6139/283/30 6140/517/30
f 6131/273/30 6130/512/30 6129/275/30
f 6140/517/30 6141/285/30 6142/518/30
f 6141/285/30 6140/517/30 6139/283/30
f 6139/283/30 6138/516/30 6137/281/30
f 6137/281/30 6136/515/30 6135/279/30
f 6135/279/30 6134/514/30 6133/277/30
f 6133/277/30 6132/513/30 6131/273/30
f 6129/275/30 6127/197/30 6128/88/30
f 6113/275/2 6111/203/2 6112/88/2
f 6111/203/2 6113/275/2 6114/519/2
f 6114/519/2 6115/273/2 6116/520/2
f 6116/520/2 6117/277/2 6118/521/2
f 6118/521/2 6119/279/2 6120/522/2
f 6120/522/2 6121/281/2 6122/523/2
f 6122/523/2 6123/283/2 6124/524/2
f 6124/524/2 6125/285/2 6126/525/2
f 6125/285/2 6124/524/2 6123/283/2
f 6123/283/2 6122/523/2 6121/281/2
f 6121/281/2 6120/522/2 6119/279/2
f 6119/279/2 6118/521/2 6117/277/2
f 6117/277/2 6116/520/2 6115/273/2
f 6115/273/2 6114/519/2 6113/275/2
f 6097/275/4 6095/207/4 6096/88/4
f 6095/207/4 6097/275/4 6098/526/4
f 6098/526/4 6099/273/4 6100/527/4
f 6100/527/4 6101/277/4 6102/528/4
f 6102/528/4 6103/279/4 6104/529/4
f 6104/529/4 6105/281/4 6106/530/4
f 6106/530/4 6107/283/4 6108/531/4
f 6108/531/4 6109/285/4 6110/532/4
f 6109/285/4 6108/531/4 6107/283/4
f 6107/283/4 6106/530/4 6105/281/4
f 6105/281/4 6104/529/4 6103/279/4
f 6103/279/4 6102/528/4 6101/277/4
f 6101/277/4 6100/527/4 6099/273/4
f 6099/273/4 6098/526/4 6097/275/4
f 6092/533/2 6093/285/2 6094/534/2
f 6079/209/2 6081/275/2 6082/535/2
f 6082/535/2 6083/273/2 6084/536/2
f 6084/536/2 6085/277/2 6086/537/2
f 6086/537/2 6087/279/2 6088/538/2
f 6088/538/2 6089/281/2 6090/539/2
f 6090/539/2 6091/283/2 6092/533/2
f 6083/273/2 6082/535/2 6081/275/2
f 6093/285/2 6092/533/2 6091/283/2
f 6091/283/2 6090/539/2 6089/281/2
f 6089/281/2 6088/538/2 6087/279/2
f 6087/279/2 6086/537/2 6085/277/2
f 6085/277/2 6084/536/2 6083/273/2
f 6081/275/2 6079/209/2 6080/88/2
f 6065/275/6 6063/97/6 6064/88/6
f 6063/97/6 6065/275/6 6066/303/6
f 6066/303/6 6067/273/6 6068/304/6
f 6068/304/6 6069/277/6 6070/305/6
f 6070/305/6 6071/279/6 6072/306/6
f 6072/306/6 6073/281/6 6074/301/6
f 6074/301/6 6075/283/6 6076/302/6
f 6076/302/6 6077/285/6 6078/307/6
f 6077/285/6 6076/302/6 6075/283/6
f 6075/283/6 6074/301/6 6073/281/6
f 6073/281/6 6072/306/6 6071/279/6
f 6071/279/6 6070/305/6 6069/277/6
f 6069/277/6 6068/304/6 6067/273/6
f 6067/273/6 6066/303/6 6065/275/6
f 6049/275/2 6047/81/2 6048/88/2
f 6047/81/2 6049/275/2 6050/274/2
f 6050/274/2 6051/273/2 6052/276/2
f 6052/276/2 6053/277/2 6054/278/2
f 6054/278/2 6055/279/2 6056/280/2
f 6056/280/2 6057/281/2 6058/282/2
f 6058/282/2 6059/283/2 6060/284/2
f 6060/284/2 6061/285/2 6062/286/2
f 6061/285/2 6060/284/2 6059/283/2
f 6059/283/2 6058/282/2 6057/281/2
f 6057/281/2 6056/280/2 6055/279/2
f 6055/279/2 6054/278/2 6053/277/2
f 6053/277/2 6052/276/2 6051/273/2
f 6051/273/2 6050/274/2 6049/275/2
f 6033/275/6 6031/91/6 6032/88/6
f 6031/91/6 6033/275/6 6034/287/6
f 6034/287/6 6035/273/6 6036/288/6
f 6036/288/6 6037/277/6 6038/289/6
f 6038/289/6 6039/279/6 6040/290/6
f 6040/290/6 6041/281/6 6042/291/6
f 6042/291/6 6043/283/6 6044/292/6
f 6044/292/6 6045/285/6 6046/293/6
f 6045/285/6 6044/292/6 6043/283/6
f 6043/283/6 6042/291/6 6041/281/6
f 6041/281/6 6040/290/6 6039/279/6
f 6039/279/6 6038/289/6 6037/277/6
f 6037/277/6 6036/288/6 6035/273/6
f 6035/273/6 6034/287/6 6033/275/6
f 6017/275/1 6015/91/1 6016/88/1
f 6015/91/1 6017/275/1 6018/287/1
f 6018/287/1 6019/273/1 6020/288/1
f 6020/288/1 6021/277/1 6022/289/1
f 6022/289/1 6023/279/1 6024/290/1
f 6024/290/1 6025/281/1 6026/291/1
f 6026/291/1 6027/283/1 6028/292/1
f 6028/292/1 6029/285/1 6030/293/1
f 6029/285/1 6028/292/1 6027/283/1
f 6027/283/1 6026/291/1 6025/281/1
f 6025/281/1 6024/290/1 6023/279/1
f 6023/279/1 6022/289/1 6021/277/1
f 6021/277/1 6020/288/1 6019/273/1
f 6019/273/1 6018/287/1 6017/275/1
f 6007/279/4 6006/296/4 6005/277/4
f 5999/95/4 6001/275/4 6002/294/4
f 6002/294/4 6003/273/4 6004/295/4
f 6004/295/4 6005/277/4 6006/296/4
f 6006/296/4 6007/279/4 6008/297/4
f 6008/297/4 6009/281/4 6010/298/4
f 6010/298/4 6011/283/4 6012/299/4
f 6012/299/4 6013/285/4 6014/300/4
f 6013/285/4 6012/299/4 6011/283/4
f 6011/283/4 6010/298/4 6009/281/4
f 6009/281/4 6008/297/4 6007/279/4
f 6005/277/4 6004/295/4 6003/273/4
f 6003/273/4 6002/294/4 6001/275/4
f 6001/275/4 5999/95/4 6000/88/4
f 5983/97/1 5985/275/1 5986/303/1
f 5986/303/1 5987/273/1 5988/304/1
f 5988/304/1 5989/277/1 5990/305/1
f 5990/305/1 5991/279/1 5992/306/1
f 5992/306/1 5993/281/1 5994/301/1
f 5994/301/1 5995/283/1 5996/302/1
f 5996/302/1 5997/285/1 5998/307/1
f 5997/285/1 5996/302/1 5995/283/1
f 5995/283/1 5994/301/1 5993/281/1
f 5993/281/1 5992/306/1 5991/279/1
f 5991/279/1 5990/305/1 5989/277/1
f 5987/273/1 5986/303/1 5985/275/1
f 5985/275/1 5983/97/1 5984/88/1
f 5989/277/1 5988/304/1 5987/273/1
f 5980/308/4 5981/285/4 5982/309/4
f 5967/101/4 5969/275/4 5970/310/4
f 5970/310/4 5971/273/4 5972/311/4
f 5972/311/4 5973/277/4 5974/312/4
f 5974/312/4 5975/279/4 5976/313/4
f 5976/313/4 5977/281/4 5978/314/4
f 5978/314/4 5979/283/4 5980/308/4
f 5969/275/4 5967/101/4 5968/88/4
f 5981/285/4 5980/308/4 5979/283/4
f 5979/283/4 5978/314/4 5977/281/4
f 5977/281/4 5976/313/4 5975/279/4
f 5975/279/4 5974/312/4 5973/277/4
f 5973/277/4 5972/311/4 5971/273/4
f 5971/273/4 5970/310/4 5969/275/4
f 5953/275/2 5951/105/2 5952/88/2
f 5951/105/2 5953/275/2 5954/315/2
f 5954/315/2 5955/273/2 5956/316/2
f 5956/316/2 5957/277/2 5958/317/2
f 5958/317/2 5959/279/2 5960/318/2
f 5960/318/2 5961/281/2 5962/319/2
f 5962/319/2 5963/283/2 5964/320/2
f 5964/320/2 5965/285/2 5966/321/2
f 5965/285/2 5964/320/2 5963/283/2
f 5963/283/2 5962/319/2 5961/281/2
f 5961/281/2 5960/318/2 5959/279/2
f 5959/279/2 5958/317/2 5957/277/2
f 5957/277/2 5956/316/2 5955/273/2
f 5955/273/2 5954/315/2 5953/275/2
f 5948/322/4 5949/285/4 5950/323/4
f 5935/110/4 5937/275/4 5938/324/4
f 5938/324/4 5939/273/4 5940/325/4
f 5940/325/4 5941/277/4 5942/326/4
f 5942/326/4 5943/279/4 5944/327/4
f 5944/327/4 5945/281/4 5946/328/4
f 5946/328/4 5947/283/4 5948/322/4
f 5937/275/4 5935/110/4 5936/88/4
f 5949/285/4 5948/322/4 5947/283/4
f 5947/283/4 5946/328/4 5945/281/4
f 5945/281/4 5944/327/4 5943/279/4
f 5943/279/4 5942/326/4 5941/277/4
f 5941/277/4 5940/325/4 5939/273/4
f 5939/273/4 5938/324/4 5937/275/4
f 5921/275/46 5919/113/46 5920/88/46
f 5919/113/46 5921/275/46 5922/329/46
f 5922/329/46 5923/273/46 5924/330/46
f 5924/330/46 5925/277/46 5926/331/46
f 5926/331/46 5927/279/46 5928/332/46
f 5928/332/46 5929/281/46 5930/333/46
f 5930/333/46 5931/283/46 5932/334/46
f 5932/334/46 5933/285/46 5934/335/46
f 5933/285/46 5932/334/46 5931/283/46
f 5931/283/46 5930/333/46 5929/281/46
f 5929/281/46 5928/332/46 5927/279/46
f 5927/279/46 5926/331/46 5925/277/46
f 5925/277/46 5924/330/46 5923/273/46
f 5923/273/46 5922/329/46 5921/275/46
f 5902/540/47 5895/541/48 5894/542/48
f 5871/543/49 5873/544/50 5875/545/50
f 5874/546/49 5875/545/50 5877/547/50
f 5876/548/49 5877/547/50 5879/549/50
f 5878/550/49 5879/549/50 5881/551/50
f 5880/552/49 5881/551/50 5883/553/50
f 5882/554/49 5883/553/50 5885/555/50
f 5884/556/49 5885/555/50 5892/557/50
f 5875/545/50 5886/558/51 5887/559/51
f 5877/547/50 5887/559/51 5888/560/51
f 5879/549/50 5888/560/51 5889/561/51
f 5881/551/50 5889/561/51 5890/562/51
f 5883/553/50 5890/562/51 5891/563/51
f 5885/555/50 5891/563/51 5893/564/51
f 5892/557/50 5893/564/51 5900/565/51
f 5887/559/51 5894/542/48 5895/541/48
f 5888/560/51 5895/541/48 5896/566/48
f 5889/561/51 5896/566/48 5897/567/48
f 5890/562/51 5897/567/48 5898/568/48
f 5891/563/51 5898/568/48 5899/569/48
f 5893/564/51 5899/569/48 5901/570/48
f 5900/565/51 5901/570/48 5908/571/48
f 5895/541/48 5902/540/47 5903/572/47
f 5896/566/48 5903/572/47 5904/573/47
f 5897/567/48 5904/573/47 5905/574/47
f 5898/568/48 5905/574/47 5906/575/47
f 5899/569/48 5906/575/47 5907/576/47
f 5901/570/48 5907/576/47 5909/577/47
f 5908/571/48 5909/577/47 5916/578/47
f 5903/572/47 5910/224/52 5911/579/52
f 5904/573/47 5911/579/52 5912/580/52
f 5905/574/47 5912/580/52 5913/581/52
f 5906/575/47 5913/581/52 5914/582/52
f 5907/576/47 5914/582/52 5915/583/52
f 5909/577/47 5915/583/52 5917/584/52
f 5916/578/47 5917/584/52 5918/585/52
f 5917/584/52 5916/578/47 5909/577/47
f 5915/583/52 5909/577/47 5907/576/47
f 5914/582/52 5907/576/47 5906/575/47
f 5913/581/52 5906/575/47 5905/574/47
f 5912/580/52 5905/574/47 5904/573/47
f 5911/579/52 5904/573/47 5903/572/47
f 5910/224/52 5903/572/47 5902/540/47
f 5909/577/47 5908/571/48 5901/570/48
f 5907/576/47 5901/570/48 5899/569/48
f 5906/575/47 5899/569/48 5898/568/48
f 5905/574/47 5898/568/48 5897/567/48
f 5904/573/47 5897/567/48 5896/566/48
f 5903/572/47 5896/566/48 5895/541/48
f 5873/544/50 5871/543/49 5872/228/49
f 5901/570/48 5900/565/51 5893/564/51
f 5899/569/48 5893/564/51 5891/563/51
f 5898/568/48 5891/563/51 5890/562/51
f 5897/567/48 5890/562/51 5889/561/51
f 5896/566/48 5889/561/51 5888/560/51
f 5895/541/48 5888/560/51 5887/559/51
f 5894/542/48 5887/559/51 5886/558/51
f 5893/564/51 5892/557/50 5885/555/50
f 5891/563/51 5885/555/50 5883/553/50
f 5890/562/51 5883/553/50 5881/551/50
f 5889/561/51 5881/551/50 5879/549/50
f 5888/560/51 5879/549/50 5877/547/50
f 5887/559/51 5877/547/50 5875/545/50
f 5886/558/51 5875/545/50 5873/544/50
f 5885/555/50 5884/556/49 5882/554/49
f 5883/553/50 5882/554/49 5880/552/49
f 5881/551/50 5880/552/49 5878/550/49
f 5879/549/50 5878/550/49 5876/548/49
f 5877/547/50 5876/548/49 5874/546/49
f 5875/545/50 5874/546/49 5871/543/49
f 5857/382/38 5855/88/38 5856/136/38
f 5855/88/38 5857/382/38 5858/275/38
f 5858/275/38 5859/383/38 5860/273/38
f 5860/273/38 5861/384/38 5862/277/38
f 5862/277/38 5863/385/38 5864/279/38
f 5864/279/38 5865/386/38 5866/281/38
f 5866/281/38 5867/387/38 5868/283/38
f 5868/283/38 5869/388/38 5870/285/38
f 5869/388/38 5868/283/38 5867/387/38
f 5867/387/38 5866/281/38 5865/386/38
f 5865/386/38 5864/279/38 5863/385/38
f 5863/385/38 5862/277/38 5861/384/38
f 5861/384/38 5860/273/38 5859/383/38
f 5859/383/38 5858/275/38 5857/382/38
f 5841/389/6 5839/88/6 5840/140/6
f 5839/88/6 5841/389/6 5842/275/6
f 5842/275/6 5843/390/6 5844/273/6
f 5844/273/6 5845/391/6 5846/277/6
f 5846/277/6 5847/392/6 5848/279/6
f 5848/279/6 5849/393/6 5850/281/6
f 5850/281/6 5851/394/6 5852/283/6
f 5852/283/6 5853/395/6 5854/285/6
f 5853/395/6 5852/283/6 5851/394/6
f 5851/394/6 5850/281/6 5849/393/6
f 5849/393/6 5848/279/6 5847/392/6
f 5847/392/6 5846/277/6 5845/391/6
f 5845/391/6 5844/273/6 5843/390/6
f 5843/390/6 5842/275/6 5841/389/6
f 5836/283/2 5837/402/2 5838/285/2
f 5823/88/2 5825/398/2 5826/275/2
f 5826/275/2 5827/399/2 5828/273/2
f 5828/273/2 5829/397/2 5830/277/2
f 5830/277/2 5831/396/2 5832/279/2
f 5832/279/2 5833/400/2 5834/281/2
f 5834/281/2 5835/401/2 5836/283/2
f 5825/398/2 5823/88/2 5824/144/2
f 5837/402/2 5836/283/2 5835/401/2
f 5835/401/2 5834/281/2 5833/400/2
f 5833/400/2 5832/279/2 5831/396/2
f 5831/396/2 5830/277/2 5829/397/2
f 5829/397/2 5828/273/2 5827/399/2
f 5827/399/2 5826/275/2 5825/398/2
f 5809/403/6 5807/88/6 5808/148/6
f 5807/88/6 5809/403/6 5810/275/6
f 5810/275/6 5811/404/6 5812/273/6
f 5812/273/6 5813/405/6 5814/277/6
f 5814/277/6 5815/406/6 5816/279/6
f 5816/279/6 5817/407/6 5818/281/6
f 5818/281/6 5819/408/6 5820/283/6
f 5820/283/6 5821/409/6 5822/285/6
f 5821/409/6 5820/283/6 5819/408/6
f 5819/408/6 5818/281/6 5817/407/6
f 5817/407/6 5816/279/6 5815/406/6
f 5815/406/6 5814/277/6 5813/405/6
f 5813/405/6 5812/273/6 5811/404/6
f 5811/404/6 5810/275/6 5809/403/6
f 5804/283/1 5805/416/1 5806/285/1
f 5791/88/1 5793/410/1 5794/275/1
f 5794/275/1 5795/411/1 5796/273/1
f 5796/273/1 5797/412/1 5798/277/1
f 5798/277/1 5799/413/1 5800/279/1
f 5800/279/1 5801/414/1 5802/281/1
f 5802/281/1 5803/415/1 5804/283/1
f 5795/411/1 5794/275/1 5793/410/1
f 5805/416/1 5804/283/1 5803/415/1
f 5803/415/1 5802/281/1 5801/414/1
f 5801/414/1 5800/279/1 5799/413/1
f 5799/413/1 5798/277/1 5797/412/1
f 5797/412/1 5796/273/1 5795/411/1
f 5793/410/1 5791/88/1 5792/152/1
f 5777/417/6 5775/88/6 5776/156/6
f 5775/88/6 5777/417/6 5778/275/6
f 5778/275/6 5779/418/6 5780/273/6
f 5780/273/6 5781/419/6 5782/277/6
f 5782/277/6 5783/420/6 5784/279/6
f 5784/279/6 5785/421/6 5786/281/6
f 5786/281/6 5787/422/6 5788/283/6
f 5788/283/6 5789/423/6 5790/285/6
f 5789/423/6 5788/283/6 5787/422/6
f 5787/422/6 5786/281/6 5785/421/6
f 5785/421/6 5784/279/6 5783/420/6
f 5783/420/6 5782/277/6 5781/419/6
f 5781/419/6 5780/273/6 5779/418/6
f 5779/418/6 5778/275/6 5777/417/6
f 5772/283/1 5773/430/1 5774/285/1
f 5759/88/1 5761/424/1 5762/275/1
f 5762/275/1 5763/425/1 5764/273/1
f 5764/273/1 5765/426/1 5766/277/1
f 5766/277/1 5767/427/1 5768/279/1
f 5768/279/1 5769/428/1 5770/281/1
f 5770/281/1 5771/429/1 5772/283/1
f 5761/424/1 5759/88/1 5760/160/1
f 5773/430/1 5772/283/1 5771/429/1
f 5771/429/1 5770/281/1 5769/428/1
f 5769/428/1 5768/279/1 5767/427/1
f 5767/427/1 5766/277/1 5765/426/1
f 5765/426/1 5764/273/1 5763/425/1
f 5763/425/1 5762/275/1 5761/424/1
f 5745/424/4 5743/88/4 5744/160/4
f 5743/88/4 5745/424/4 5746/275/4
f 5746/275/4 5747/425/4 5748/273/4
f 5748/273/4 5749/426/4 5750/277/4
f 5750/277/4 5751/427/4 5752/279/4
f 5752/279/4 5753/428/4 5754/281/4
f 5754/281/4 5755/429/4 5756/283/4
f 5756/283/4 5757/430/4 5758/285/4
f 5757/430/4 5756/283/4 5755/429/4
f 5755/429/4 5754/281/4 5753/428/4
f 5753/428/4 5752/279/4 5751/427/4
f 5751/427/4 5750/277/4 5749/426/4
f 5749/426/4 5748/273/4 5747/425/4
f 5747/425/4 5746/275/4 5745/424/4
f 5740/283/2 5741/431/2 5742/285/2
f 5727/88/2 5729/432/2 5730/275/2
f 5730/275/2 5731/433/2 5732/273/2
f 5732/273/2 5733/434/2 5734/277/2
f 5734/277/2 5735/435/2 5736/279/2
f 5736/279/2 5737/436/2 5738/281/2
f 5738/281/2 5739/437/2 5740/283/2
f 5731/433/2 5730/275/2 5729/432/2
f 5741/431/2 5740/283/2 5739/437/2
f 5739/437/2 5738/281/2 5737/436/2
f 5737/436/2 5736/279/2 5735/435/2
f 5735/435/2 5734/277/2 5733/434/2
f 5733/434/2 5732/273/2 5731/433/2
f 5729/432/2 5727/88/2 5728/164/2
f 5713/410/4 5711/88/4 5712/152/4
f 5711/88/4 5713/410/4 5714/275/4
f 5714/275/4 5715/411/4 5716/273/4
f 5716/273/4 5717/412/4 5718/277/4
f 5718/277/4 5719/413/4 5720/279/4
f 5720/279/4 5721/414/4 5722/281/4
f 5722/281/4 5723/415/4 5724/283/4
f 5724/283/4 5725/416/4 5726/285/4
f 5725/416/4 5724/283/4 5723/415/4
f 5723/415/4 5722/281/4 5721/414/4
f 5721/414/4 5720/279/4 5719/413/4
f 5719/413/4 5718/277/4 5717/412/4
f 5717/412/4 5716/273/4 5715/411/4
f 5715/411/4 5714/275/4 5713/410/4
f 5708/283/2 5709/438/2 5710/285/2
f 5695/88/2 5697/439/2 5698/275/2
f 5698/275/2 5699/440/2 5700/273/2
f 5700/273/2 5701/441/2 5702/277/2
f 5702/277/2 5703/442/2 5704/279/2
f 5704/279/2 5705/443/2 5706/281/2
f 5706/281/2 5707/444/2 5708/283/2
f 5697/439/2 5695/88/2 5696/168/2
f 5709/438/2 5708/283/2 5707/444/2
f 5707/444/2 5706/281/2 5705/443/2
f 5705/443/2 5704/279/2 5703/442/2
f 5703/442/2 5702/277/2 5701/441/2
f 5701/441/2 5700/273/2 5699/440/2
f 5699/440/2 5698/275/2 5697/439/2
f 5681/445/6 5679/88/6 5680/172/6
f 5679/88/6 5681/445/6 5682/275/6
f 5682/275/6 5683/446/6 5684/273/6
f 5684/273/6 5685/447/6 5686/277/6
f 5686/277/6 5687/448/6 5688/279/6
f 5688/279/6 5689/449/6 5690/281/6
f 5690/281/6 5691/450/6 5692/283/6
f 5692/283/6 5693/451/6 5694/285/6
f 5693/451/6 5692/283/6 5691/450/6
f 5691/450/6 5690/281/6 5689/449/6
f 5689/449/6 5688/279/6 5687/448/6
f 5687/448/6 5686/277/6 5685/447/6
f 5685/447/6 5684/273/6 5683/446/6
f 5683/446/6 5682/275/6 5681/445/6
f 5665/453/2 5663/88/2 5664/176/2
f 5663/88/2 5665/453/2 5666/275/2
f 5666/275/2 5667/454/2 5668/273/2
f 5668/273/2 5669/455/2 5670/277/2
f 5670/277/2 5671/452/2 5672/279/2
f 5672/279/2 5673/456/2 5674/281/2
f 5674/281/2 5675/457/2 5676/283/2
f 5676/283/2 5677/458/2 5678/285/2
f 5677/458/2 5676/283/2 5675/457/2
f 5675/457/2 5674/281/2 5673/456/2
f 5673/456/2 5672/279/2 5671/452/2
f 5671/452/2 5670/277/2 5669/455/2
f 5669/455/2 5668/273/2 5667/454/2
f 5667/454/2 5666/275/2 5665/453/2
f 5649/459/37 5647/88/37 5648/180/37
f 5647/88/37 5649/459/37 5650/275/37
f 5650/275/37 5651/465/37 5652/273/37
f 5652/273/37 5653/460/37 5654/277/37
f 5654/277/37 5655/461/37 5656/279/37
f 5656/279/37 5657/462/37 5658/281/37
f 5658/281/37 5659/463/37 5660/283/37
f 5660/283/37 5661/464/37 5662/285/37
f 5661/464/37 5660/283/37 5659/463/37
f 5659/463/37 5658/281/37 5657/462/37
f 5657/462/37 5656/279/37 5655/461/37
f 5655/461/37 5654/277/37 5653/460/37
f 5653/460/37 5652/273/37 5651/465/37
f 5651/465/37 5650/275/37 5649/459/37
f 5613/586/53 5619/587/54 5621/588/54
f 5599/589/55 5601/590/53 5603/591/53
f 5602/592/55 5603/591/53 5605/593/53
f 5604/594/55 5605/593/53 5607/595/53
f 5606/596/55 5607/595/53 5609/597/53
f 5608/598/55 5609/597/53 5611/599/53
f 5610/600/55 5611/599/53 5613/586/53
f 5612/601/55 5613/586/53 5620/602/53
f 5603/591/53 5614/603/54 5615/604/54
f 5605/593/53 5615/604/54 5616/605/54
f 5607/595/53 5616/605/54 5617/606/54
f 5609/597/53 5617/606/54 5618/607/54
f 5620/602/53 5621/588/54 5628/608/54
f 5615/604/54 5622/609/56 5623/610/56
f 5616/605/54 5623/610/56 5624/611/56
f 5617/606/54 5624/611/56 5625/612/56
f 5618/607/54 5625/612/56 5626/613/56
f 5619/587/54 5626/613/56 5627/614/56
f 5621/588/54 5627/614/56 5629/615/56
f 5628/608/54 5629/615/56 5636/616/56
f 5623/610/56 5630/617/57 5631/618/57
f 5624/611/56 5631/618/57 5632/619/57
f 5625/612/56 5632/619/57 5633/620/57
f 5626/613/56 5633/620/57 5634/621/57
f 5627/614/56 5634/621/57 5635/622/57
f 5629/615/56 5635/622/57 5637/623/57
f 5636/616/56 5637/623/57 5644/624/57
f 5631/618/57 5638/239/58 5639/625/58
f 5632/619/57 5639/625/58 5640/626/58
f 5633/620/57 5640/626/58 5641/627/58
f 5634/621/57 5641/627/58 5642/628/58
f 5635/622/57 5642/628/58 5643/629/58
f 5637/623/57 5643/629/58 5645/630/58
f 5644/624/57 5645/630/58 5646/631/58
f 5645/630/58 5644/624/57 5637/623/57
f 5643/629/58 5637/623/57 5635/622/57
f 5642/628/58 5635/622/57 5634/621/57
f 5641/627/58 5634/621/57 5633/620/57
f 5640/626/58 5633/620/57 5632/619/57
f 5639/625/58 5632/619/57 5631/618/57
f 5638/239/58 5631/618/57 5630/617/57
f 5637/623/57 5636/616/56 5629/615/56
f 5635/622/57 5629/615/56 5627/614/56
f 5634/621/57 5627/614/56 5626/613/56
f 5633/620/57 5626/613/56 5625/612/56
f 5632/619/57 5625/612/56 5624/611/56
f 5631/618/57 5624/611/56 5623/610/56
f 5630/617/57 5623/610/56 5622/609/56
f 5629/615/56 5628/608/54 5621/588/54
f 5627/614/56 5621/588/54 5619/587/54
f 5626/613/56 5619/587/54 5618/607/54
f 5625/612/56 5618/607/54 5617/606/54
f 5624/611/56 5617/606/54 5616/605/54
f 5623/610/56 5616/605/54 5615/604/54
f 5622/609/56 5615/604/54 5614/603/54
f 5621/588/54 5620/602/53 5613/586/53
f 5619/587/54 5613/586/53 5611/599/53
f 5618/607/54 5611/599/53 5609/597/53
f 5617/606/54 5609/597/53 5607/595/53
f 5616/605/54 5607/595/53 5605/593/53
f 5615/604/54 5605/593/53 5603/591/53
f 5614/603/54 5603/591/53 5601/590/53
f 5613/586/53 5612/601/55 5610/600/55
f 5611/599/53 5610/600/55 5608/598/55
f 5609/597/53 5608/598/55 5606/596/55
f 5607/595/53 5606/596/55 5604/594/55
f 5605/593/53 5604/594/55 5602/592/55
f 5603/591/53 5602/592/55 5599/589/55
f 5601/590/53 5599/589/55 5600/244/55
f 5611/599/53 5618/607/54 5619/587/54
f 5586/512/46 5587/273/46 5588/513/46
f 5588/513/46 5589/277/46 5590/514/46
f 5590/514/46 5591/279/46 5592/515/46
f 5592/515/46 5593/281/46 5594/516/46
f 5594/516/46 5595/283/46 5596/517/46
f 5596/517/46 5597/285/46 5598/518/46
f 5597/285/46 5596/517/46 5595/283/46
f 5595/283/46 5594/516/46 5593/281/46
f 5593/281/46 5592/515/46 5591/279/46
f 5591/279/46 5590/514/46 5589/277/46
f 5589/277/46 5588/513/46 5587/273/46
f 5587/273/46 5586/512/46 5585/275/46
f 5585/275/46 5583/197/46 5584/88/46
f 5583/197/46 5585/275/46 5586/512/46
f 5570/519/1 5571/273/1 5572/520/1
f 5572/520/1 5573/277/1 5574/521/1
f 5574/521/1 5575/279/1 5576/522/1
f 5576/522/1 5577/281/1 5578/523/1
f 5578/523/1 5579/283/1 5580/524/1
f 5580/524/1 5581/285/1 5582/525/1
f 5567/203/1 5569/275/1 5570/519/1
f 5579/283/1 5578/523/1 5577/281/1
f 5577/281/1 5576/522/1 5575/279/1
f 5575/279/1 5574/521/1 5573/277/1
f 5573/277/1 5572/520/1 5571/273/1
f 5571/273/1 5570/519/1 5569/275/1
f 5569/275/1 5567/203/1 5568/88/1
f 5581/285/1 5580/524/1 5579/283/1
f 5551/207/6 5553/275/6 5554/526/6
f 5556/527/6 5557/277/6 5558/528/6
f 5558/528/6 5559/279/6 5560/529/6
f 5560/529/6 5561/281/6 5562/530/6
f 5562/530/6 5563/283/6 5564/531/6
f 5564/531/6 5565/285/6 5566/532/6
f 5565/285/6 5564/531/6 5563/283/6
f 5563/283/6 5562/530/6 5561/281/6
f 5561/281/6 5560/529/6 5559/279/6
f 5559/279/6 5558/528/6 5557/277/6
f 5557/277/6 5556/527/6 5555/273/6
f 5555/273/6 5554/526/6 5553/275/6
f 5553/275/6 5551/207/6 5552/88/6
f 5554/526/6 5555/273/6 5556/527/6
f 5537/275/1 5535/209/1 5536/88/1
f 5539/273/1 5538/535/1 5537/275/1
f 5541/277/1 5540/536/1 5539/273/1
f 5543/279/1 5542/537/1 5541/277/1
f 5545/281/1 5544/538/1 5543/279/1
f 5547/283/1 5546/539/1 5545/281/1
f 5549/285/1 5548/533/1 5547/283/1
f 5548/533/1 5549/285/1 5550/534/1
f 5546/539/1 5547/283/1 5548/533/1
f 5544/538/1 5545/281/1 5546/539/1
f 5542/537/1 5543/279/1 5544/538/1
f 5540/536/1 5541/277/1 5542/537/1
f 5538/535/1 5539/273/1 5540/536/1
f 5535/209/1 5537/275/1 5538/535/1
f 5519/97/4 5521/275/4 5522/303/4
f 5524/304/4 5525/277/4 5526/305/4
f 5526/305/4 5527/279/4 5528/306/4
f 5528/306/4 5529/281/4 5530/301/4
f 5530/301/4 5531/283/4 5532/302/4
f 5532/302/4 5533/285/4 5534/307/4
f 5533/285/4 5532/302/4 5531/283/4
f 5531/283/4 5530/301/4 5529/281/4
f 5529/281/4 5528/306/4 5527/279/4
f 5527/279/4 5526/305/4 5525/277/4
f 5525/277/4 5524/304/4 5523/273/4
f 5523/273/4 5522/303/4 5521/275/4
f 5521/275/4 5519/97/4 5520/88/4
f 5522/303/4 5523/273/4 5524/304/4
f 7525/1/1 7498/2/1 7488/3/1
f 7498/2/1 7525/1/1 7526/4/1
f 7520/5/1 7475/6/1 7524/7/1
f 7521/8/1 7520/5/1 7523/9/1
f 7520/5/1 7476/10/1 7475/6/1
f 7518/11/1 7491/12/1 7522/13/1
f 7476/10/1 7520/5/1 7521/8/1
f 7509/14/1 7489/15/1 7512/16/1
f 7515/17/1 7517/18/1 7499/19/1
f 7513/20/1 7507/21/1 7519/22/1
f 7491/12/1 7518/11/1 7481/23/1
f 7517/18/1 7515/17/1 7516/24/1
f 7499/19/1 7514/25/1 7480/26/1
f 7500/27/1 7501/28/1 7504/29/1
f 7510/30/1 7512/16/1 7489/15/1
f 7478/31/1 7507/21/1 7513/20/1
f 7512/16/1 7510/30/1 7511/32/1
f 7489/15/1 7509/14/1 7477/33/1
f 7506/34/1 7478/31/1 7477/33/1
f 7505/35/1 7495/36/1 7508/37/1
f 7478/31/1 7506/34/1 7507/21/1
f 7470/38/1 7486/39/1 7467/40/1
f 7502/41/1 7504/29/1 7501/28/1
f 7492/42/1 7483/43/1 7501/28/1
f 7495/36/1 7505/35/1 7493/44/1
f 7504/29/1 7502/41/1 7503/45/1
f 7501/28/1 7500/27/1 7492/42/1
f 7463/46/1 7482/47/1 7450/48/1
f 7472/49/1 7464/50/1 7489/15/1
f 7463/46/1 7497/51/1 7482/47/1
f 7494/52/1 7493/44/1 7492/42/1
f 7480/26/1 7468/53/1 7499/19/1
f 7487/54/1 7488/3/1 7498/2/1
f 7497/51/1 7463/46/1 7496/55/1
f 7493/44/1 7494/52/1 7495/36/1
f 7482/47/1 7484/56/1 7450/48/1
f 7490/57/1 7481/23/1 7480/26/1
f 7447/58/1 7449/59/1 7461/60/1
f 7474/61/1 7471/62/1 7488/3/1
f 7470/38/1 7467/40/1 7458/63/1
f 7484/56/1 7483/43/1 7493/44/1
f 7483/43/1 7492/42/1 7493/44/1
f 7481/23/1 7490/57/1 7491/12/1
f 7467/40/1 7469/64/1 7465/65/1
f 7465/65/1 7479/66/1 7466/67/1
f 7477/33/1 7472/49/1 7489/15/1
f 7475/6/1 7474/61/1 7488/3/1
f 7488/3/1 7487/54/1 7475/6/1
f 7486/39/1 7470/38/1 7485/68/1
f 7484/56/1 7482/47/1 7483/43/1
f 7469/64/1 7468/53/1 7481/23/1
f 7468/53/1 7480/26/1 7481/23/1
f 7465/65/1 7462/69/1 7479/66/1
f 7458/63/1 7473/70/1 7459/71/1
f 7472/49/1 7477/33/1 7478/31/1
f 7448/72/1 7463/46/1 7450/48/1
f 7474/61/1 7475/6/1 7476/10/1
f 7470/38/1 7471/62/1 7474/61/1
f 7467/40/1 7465/65/1 7458/63/1
f 7461/60/1 7460/73/1 7447/58/1
f 7458/63/1 7466/67/1 7473/70/1
f 7457/74/1 7459/71/1 7455/75/1
f 7463/46/1 7464/50/1 7472/49/1
f 7471/62/1 7470/38/1 7458/63/1
f 7469/64/1 7467/40/1 7468/53/1
f 7460/73/1 7462/69/1 7465/65/1
f 7466/67/1 7458/63/1 7465/65/1
f 7457/74/1 7455/75/1 7454/76/1
f 7450/48/1 7456/77/1 7453/78/1
f 7464/50/1 7463/46/1 7448/72/1
f 7462/69/1 7460/73/1 7461/60/1
f 7459/71/1 7457/74/1 7458/63/1
f 7454/76/1 7456/77/1 7450/48/1
f 7448/72/1 7451/79/1 7452/80/1
f 7456/77/1 7454/76/1 7455/75/1
f 7451/79/1 7450/48/1 7453/78/1
f 7449/59/1 7448/72/1 7452/80/1
f 7451/79/1 7448/72/1 7450/48/1
f 7449/59/1 7447/58/1 7448/72/1
f 7514/25/1 7499/19/1 7517/18/1
f 7374/48/2 7381/79/2 7383/78/2
f 7444/1/2 7407/2/2 7446/4/2
f 7439/52/2 7411/44/2 7442/36/2
f 7443/41/2 7437/29/2 7445/45/2
f 7407/2/2 7444/1/2 7396/3/2
f 7430/34/2 7421/31/2 7433/21/2
f 7440/35/2 7442/36/2 7411/44/2
f 7405/28/2 7437/29/2 7443/41/2
f 7442/36/2 7440/35/2 7441/37/2
f 7411/44/2 7439/52/2 7404/42/2
f 7436/27/2 7405/28/2 7404/42/2
f 7434/30/2 7413/16/2 7438/32/2
f 7405/28/2 7436/27/2 7437/29/2
f 7425/57/2 7410/23/2 7428/12/2
f 7431/20/2 7433/21/2 7421/31/2
f 7429/17/2 7423/18/2 7435/24/2
f 7413/16/2 7434/30/2 7409/15/2
f 7433/21/2 7431/20/2 7432/22/2
f 7421/31/2 7430/34/2 7408/33/2
f 7417/7/2 7415/10/2 7420/5/2
f 7426/11/2 7428/12/2 7410/23/2
f 7403/19/2 7423/18/2 7429/17/2
f 7428/12/2 7426/11/2 7427/13/2
f 7410/23/2 7425/57/2 7402/26/2
f 7422/25/2 7403/19/2 7402/26/2
f 7384/38/2 7400/39/2 7424/68/2
f 7403/19/2 7422/25/2 7423/18/2
f 7408/33/2 7398/49/2 7421/31/2
f 7418/8/2 7420/5/2 7415/10/2
f 7390/47/2 7397/46/2 7376/72/2
f 7394/43/2 7391/56/2 7411/44/2
f 7420/5/2 7418/8/2 7419/9/2
f 7415/10/2 7417/7/2 7395/6/2
f 7397/46/2 7414/51/2 7416/55/2
f 7412/14/2 7409/15/2 7408/33/2
f 7395/6/2 7388/61/2 7415/10/2
f 7401/53/2 7393/64/2 7410/23/2
f 7414/51/2 7397/46/2 7390/47/2
f 7409/15/2 7412/14/2 7413/16/2
f 7397/46/2 7399/50/2 7376/72/2
f 7406/54/2 7396/3/2 7395/6/2
f 7404/42/2 7394/43/2 7411/44/2
f 7402/26/2 7401/53/2 7410/23/2
f 7392/40/2 7384/38/2 7378/65/2
f 7399/50/2 7398/49/2 7409/15/2
f 7398/49/2 7408/33/2 7409/15/2
f 7396/3/2 7406/54/2 7407/2/2
f 7384/38/2 7371/63/2 7370/75/2
f 7394/43/2 7404/42/2 7405/28/2
f 7374/48/2 7390/47/2 7376/72/2
f 7401/53/2 7402/26/2 7403/19/2
f 7392/40/2 7393/64/2 7401/53/2
f 7400/39/2 7384/38/2 7392/40/2
f 7399/50/2 7397/46/2 7398/49/2
f 7389/62/2 7388/61/2 7396/3/2
f 7388/61/2 7395/6/2 7396/3/2
f 7390/47/2 7391/56/2 7394/43/2
f 7393/64/2 7392/40/2 7378/65/2
f 7370/75/2 7372/74/2 7373/76/2
f 7391/56/2 7390/47/2 7374/48/2
f 7386/71/2 7384/38/2 7370/75/2
f 7384/38/2 7389/62/2 7371/63/2
f 7384/38/2 7387/70/2 7385/67/2
f 7389/62/2 7384/38/2 7388/61/2
f 7387/70/2 7384/38/2 7386/71/2
f 7376/72/2 7369/59/2 7380/80/2
f 7378/65/2 7385/67/2 7382/66/2
f 7369/59/2 7367/58/2 7368/60/2
f 7385/67/2 7378/65/2 7384/38/2
f 7377/73/2 7379/69/2 7368/60/2
f 7376/72/2 7381/79/2 7374/48/2
f 7375/77/2 7374/48/2 7383/78/2
f 7379/69/2 7378/65/2 7382/66/2
f 7368/60/2 7367/58/2 7377/73/2
f 7381/79/2 7376/72/2 7380/80/2
f 7373/76/2 7375/77/2 7370/75/2
f 7379/69/2 7377/73/2 7378/65/2
f 7367/58/2 7369/59/2 7376/72/2
f 7375/77/2 7373/76/2 7374/48/2
f 7372/74/2 7370/75/2 7371/63/2
f 7359/81/3 7361/82/3 7362/83/3
f 7362/83/3 7363/84/3 7364/85/3
f 7364/85/3 7365/86/3 7366/87/3
f 7365/86/3 7364/85/3 7363/84/3
f 7363/84/3 7362/83/3 7361/82/3
f 7361/82/3 7359/81/3 7360/88/3
f 7356/89/4 7357/86/4 7358/90/4
f 7351/91/4 7353/82/4 7354/92/4
f 7354/92/4 7355/84/4 7356/89/4
f 7355/84/4 7354/92/4 7353/82/4
f 7357/86/4 7356/89/4 7355/84/4
f 7353/82/4 7351/91/4 7352/88/4
f 7345/82/5 7343/91/5 7344/88/5
f 7343/91/5 7345/82/5 7346/92/5
f 7346/92/5 7347/84/5 7348/89/5
f 7348/89/5 7349/86/5 7350/90/5
f 7349/86/5 7348/89/5 7347/84/5
f 7347/84/5 7346/92/5 7345/82/5
f 7340/93/6 7341/86/6 7342/94/6
f 7335/95/6 7337/82/6 7338/96/6
f 7338/96/6 7339/84/6 7340/93/6
f 7337/82/6 7335/95/6 7336/88/6
f 7341/86/6 7340/93/6 7339/84/6
f 7339/84/6 7338/96/6 7337/82/6
f 7327/97/5 7329/82/5 7330/98/5
f 7330/98/5 7331/84/5 7332/99/5
f 7332/99/5 7333/86/5 7334/100/5
f 7333/86/5 7332/99/5 7331/84/5
f 7331/84/5 7330/98/5 7329/82/5
f 7329/82/5 7327/97/5 7328/88/5
f 7321/82/6 7319/101/6 7320/88/6
f 7319/101/6 7321/82/6 7322/102/6
f 7322/102/6 7323/84/6 7324/103/6
f 7324/103/6 7325/86/6 7326/104/6
f 7325/86/6 7324/103/6 7323/84/6
f 7323/84/6 7322/102/6 7321/82/6
f 7313/82/3 7311/105/3 7312/88/3
f 7311/105/3 7313/82/3 7314/106/3
f 7314/106/3 7315/84/3 7316/107/3
f 7316/107/3 7317/86/3 7318/108/3
f 7317/86/3 7316/107/3 7315/84/3
f 7315/84/3 7314/106/3 7313/82/3
f 7307/84/6 7306/109/6 7305/82/6
f 7303/110/6 7305/82/6 7306/109/6
f 7306/109/6 7307/84/6 7308/111/6
f 7308/111/6 7309/86/6 7310/112/6
f 7309/86/6 7308/111/6 7307/84/6
f 7305/82/6 7303/110/6 7304/88/6
f 7295/113/7 7297/82/7 7298/114/7
f 7298/114/7 7299/84/7 7300/115/7
f 7300/115/7 7301/86/7 7302/116/7
f 7301/86/7 7300/115/7 7299/84/7
f 7299/84/7 7298/114/7 7297/82/7
f 7297/82/7 7295/113/7 7296/88/7
f 7292/117/8 7293/118/9 7294/119/9
f 7279/120/11 7281/121/12 7283/122/12
f 7282/123/11 7283/122/12 7285/124/12
f 7284/125/11 7285/124/12 7288/126/12
f 7283/122/12 7286/127/8 7287/128/8
f 7285/124/12 7287/128/8 7289/129/8
f 7288/126/12 7289/129/8 7292/117/8
f 7287/128/8 7290/130/9 7291/131/9
f 7293/118/9 7292/117/8 7289/129/8
f 7291/131/9 7289/129/8 7287/128/8
f 7290/130/9 7287/128/8 7286/127/8
f 7289/129/8 7288/126/12 7285/124/12
f 7287/128/8 7285/124/12 7283/122/12
f 7286/127/8 7283/122/12 7281/121/12
f 7285/124/12 7284/125/11 7282/123/11
f 7283/122/12 7282/123/11 7279/120/11
f 7281/121/12 7279/120/11 7280/132/11
f 7289/129/8 7291/131/9 7293/118/9
f 7271/88/13 7273/133/13 7274/82/13
f 7274/82/13 7275/134/13 7276/84/13
f 7276/84/13 7277/135/13 7278/86/13
f 7277/135/13 7276/84/13 7275/134/13
f 7275/134/13 7274/82/13 7273/133/13
f 7273/133/13 7271/88/13 7272/136/13
f 7263/88/4 7265/137/4 7266/82/4
f 7266/82/4 7267/138/4 7268/84/4
f 7268/84/4 7269/139/4 7270/86/4
f 7269/139/4 7268/84/4 7267/138/4
f 7267/138/4 7266/82/4 7265/137/4
f 7265/137/4 7263/88/4 7264/140/4
f 7258/82/3 7259/141/3 7260/84/3
f 7260/84/3 7261/142/3 7262/86/3
f 7261/142/3 7260/84/3 7259/141/3
f 7259/141/3 7258/82/3 7257/143/3
f 7257/143/3 7255/88/3 7256/144/3
f 7255/88/3 7257/143/3 7258/82/3
f 7247/88/4 7249/145/4 7250/82/4
f 7250/82/4 7251/146/4 7252/84/4
f 7252/84/4 7253/147/4 7254/86/4
f 7253/147/4 7252/84/4 7251/146/4
f 7251/146/4 7250/82/4 7249/145/4
f 7249/145/4 7247/88/4 7248/148/4
f 7242/82/5 7243/149/5 7244/84/5
f 7244/84/5 7245/150/5 7246/86/5
f 7245/150/5 7244/84/5 7243/149/5
f 7243/149/5 7242/82/5 7241/151/5
f 7241/151/5 7239/88/5 7240/152/5
f 7239/88/5 7241/151/5 7242/82/5
f 7231/88/4 7233/153/4 7234/82/4
f 7234/82/4 7235/154/4 7236/84/4
f 7236/84/4 7237/155/4 7238/86/4
f 7237/155/4 7236/84/4 7235/154/4
f 7235/154/4 7234/82/4 7233/153/4
f 7233/153/4 7231/88/4 7232/156/4
f 7223/88/5 7225/157/5 7226/82/5
f 7226/82/5 7227/158/5 7228/84/5
f 7228/84/5 7229/159/5 7230/86/5
f 7229/159/5 7228/84/5 7227/158/5
f 7227/158/5 7226/82/5 7225/157/5
f 7225/157/5 7223/88/5 7224/160/5
f 7215/88/6 7217/157/6 7218/82/6
f 7217/157/6 7215/88/6 7216/160/6
f 7219/158/6 7218/82/6 7217/157/6
f 7221/159/6 7220/84/6 7219/158/6
f 7220/84/6 7221/159/6 7222/86/6
f 7218/82/6 7219/158/6 7220/84/6
f 7210/82/3 7211/161/3 7212/84/3
f 7207/88/3 7209/162/3 7210/82/3
f 7212/84/3 7213/163/3 7214/86/3
f 7213/163/3 7212/84/3 7211/161/3
f 7211/161/3 7210/82/3 7209/162/3
f 7209/162/3 7207/88/3 7208/164/3
f 7199/88/6 7201/151/6 7202/82/6
f 7202/82/6 7203/149/6 7204/84/6
f 7204/84/6 7205/150/6 7206/86/6
f 7205/150/6 7204/84/6 7203/149/6
f 7203/149/6 7202/82/6 7201/151/6
f 7201/151/6 7199/88/6 7200/152/6
f 7194/82/3 7195/165/3 7196/84/3
f 7196/84/3 7197/166/3 7198/86/3
f 7197/166/3 7196/84/3 7195/165/3
f 7195/165/3 7194/82/3 7193/167/3
f 7193/167/3 7191/88/3 7192/168/3
f 7191/88/3 7193/167/3 7194/82/3
f 7183/88/4 7185/169/4 7186/82/4
f 7186/82/4 7187/170/4 7188/84/4
f 7188/84/4 7189/171/4 7190/86/4
f 7189/171/4 7188/84/4 7187/170/4
f 7187/170/4 7186/82/4 7185/169/4
f 7185/169/4 7183/88/4 7184/172/4
f 7175/88/3 7177/173/3 7178/82/3
f 7178/82/3 7179/174/3 7180/84/3
f 7180/84/3 7181/175/3 7182/86/3
f 7181/175/3 7180/84/3 7179/174/3
f 7179/174/3 7178/82/3 7177/173/3
f 7177/173/3 7175/88/3 7176/176/3
f 7170/82/14 7171/177/14 7172/84/14
f 7172/84/14 7173/178/14 7174/86/14
f 7173/178/14 7172/84/14 7171/177/14
f 7171/177/14 7170/82/14 7169/179/14
f 7169/179/14 7167/88/14 7168/180/14
f 7167/88/14 7169/179/14 7170/82/14
f 7151/181/15 7153/182/16 7155/183/16
f 7154/184/15 7155/183/16 7157/185/16
f 7155/183/16 7158/186/17 7159/187/17
f 7156/188/15 7157/185/16 7160/189/16
f 7164/190/17 7165/191/18 7166/192/19
f 7157/185/16 7159/187/17 7161/193/17
f 7160/189/16 7161/193/17 7164/190/17
f 7159/187/17 7162/194/18 7163/195/18
f 7165/191/18 7164/190/17 7161/193/17
f 7163/195/18 7161/193/17 7159/187/17
f 7162/194/18 7159/187/17 7158/186/17
f 7161/193/17 7160/189/16 7157/185/16
f 7159/187/17 7157/185/16 7155/183/16
f 7158/186/17 7155/183/16 7153/182/16
f 7157/185/16 7156/188/15 7154/184/15
f 7155/183/16 7154/184/15 7151/181/15
f 7153/182/16 7151/181/15 7152/196/15
f 7161/193/17 7163/195/18 7165/191/18
f 7143/197/7 7145/82/7 7146/198/7
f 7146/198/7 7147/84/7 7148/199/7
f 7148/199/7 7149/86/7 7150/200/7
f 7149/86/7 7148/199/7 7147/84/7
f 7147/84/7 7146/198/7 7145/82/7
f 7145/82/7 7143/197/7 7144/88/7
f 7140/201/5 7141/86/5 7142/202/5
f 7135/203/5 7137/82/5 7138/204/5
f 7138/204/5 7139/84/5 7140/201/5
f 7139/84/5 7138/204/5 7137/82/5
f 7141/86/5 7140/201/5 7139/84/5
f 7137/82/5 7135/203/5 7136/88/5
f 7132/205/4 7133/86/4 7134/206/4
f 7127/207/4 7129/82/4 7130/208/4
f 7130/208/4 7131/84/4 7132/205/4
f 7131/84/4 7130/208/4 7129/82/4
f 7133/86/4 7132/205/4 7131/84/4
f 7129/82/4 7127/207/4 7128/88/4
f 7121/82/5 7119/209/5 7120/88/5
f 7119/209/5 7121/82/5 7122/210/5
f 7122/210/5 7123/84/5 7124/211/5
f 7124/211/5 7125/86/5 7126/212/5
f 7125/86/5 7124/211/5 7123/84/5
f 7123/84/5 7122/210/5 7121/82/5
f 7111/97/6 7113/82/6 7114/98/6
f 7114/98/6 7115/84/6 7116/99/6
f 7116/99/6 7117/86/6 7118/100/6
f 7117/86/6 7116/99/6 7115/84/6
f 7115/84/6 7114/98/6 7113/82/6
f 7113/82/6 7111/97/6 7112/88/6
f 7108/85/5 7109/86/5 7110/87/5
f 7103/81/5 7105/82/5 7106/83/5
f 7106/83/5 7107/84/5 7108/85/5
f 7105/82/5 7103/81/5 7104/88/5
f 7109/86/5 7108/85/5 7107/84/5
f 7107/84/5 7106/83/5 7105/82/5
f 7095/91/6 7097/82/6 7098/92/6
f 7098/92/6 7099/84/6 7100/89/6
f 7100/89/6 7101/86/6 7102/90/6
f 7101/86/6 7100/89/6 7099/84/6
f 7099/84/6 7098/92/6 7097/82/6
f 7097/82/6 7095/91/6 7096/88/6
f 7089/82/3 7087/91/3 7088/88/3
f 7087/91/3 7089/82/3 7090/92/3
f 7090/92/3 7091/84/3 7092/89/3
f 7092/89/3 7093/86/3 7094/90/3
f 7093/86/3 7092/89/3 7091/84/3
f 7091/84/3 7090/92/3 7089/82/3
f 7081/82/4 7079/95/4 7080/88/4
f 7079/95/4 7081/82/4 7082/96/4
f 7082/96/4 7083/84/4 7084/93/4
f 7084/93/4 7085/86/4 7086/94/4
f 7085/86/4 7084/93/4 7083/84/4
f 7083/84/4 7082/96/4 7081/82/4
f 7071/97/3 7073/82/3 7074/98/3
f 7074/98/3 7075/84/3 7076/99/3
f 7076/99/3 7077/86/3 7078/100/3
f 7077/86/3 7076/99/3 7075/84/3
f 7075/84/3 7074/98/3 7073/82/3
f 7073/82/3 7071/97/3 7072/88/3
f 7065/82/4 7063/101/4 7064/88/4
f 7063/101/4 7065/82/4 7066/102/4
f 7066/102/4 7067/84/4 7068/103/4
f 7068/103/4 7069/86/4 7070/104/4
f 7069/86/4 7068/103/4 7067/84/4
f 7067/84/4 7066/102/4 7065/82/4
f 7060/107/5 7061/86/5 7062/108/5
f 7055/105/5 7057/82/5 7058/106/5
f 7058/106/5 7059/84/5 7060/107/5
f 7057/82/5 7055/105/5 7056/88/5
f 7061/86/5 7060/107/5 7059/84/5
f 7059/84/5 7058/106/5 7057/82/5
f 7047/110/4 7049/82/4 7050/109/4
f 7050/109/4 7051/84/4 7052/111/4
f 7052/111/4 7053/86/4 7054/112/4
f 7053/86/4 7052/111/4 7051/84/4
f 7051/84/4 7050/109/4 7049/82/4
f 7049/82/4 7047/110/4 7048/88/4
f 7041/82/20 7039/113/20 7040/88/20
f 7039/113/20 7041/82/20 7042/114/20
f 7042/114/20 7043/84/20 7044/115/20
f 7044/115/20 7045/86/20 7046/116/20
f 7045/86/20 7044/115/20 7043/84/20
f 7043/84/20 7042/114/20 7041/82/20
f 7032/213/21 7033/214/22 7036/215/22
f 7023/216/23 7025/217/21 7027/218/21
f 7026/219/23 7027/218/21 7029/220/21
f 7028/221/23 7029/220/21 7032/213/21
f 7027/218/21 7030/222/22 7031/223/22
f 7029/220/21 7031/223/22 7033/214/22
f 7027/218/21 7026/219/23 7023/216/23
f 7031/223/22 7034/224/24 7035/225/24
f 7033/214/22 7035/225/24 7037/226/24
f 7036/215/22 7037/226/24 7038/227/24
f 7037/226/24 7036/215/22 7033/214/22
f 7035/225/24 7033/214/22 7031/223/22
f 7034/224/24 7031/223/22 7030/222/22
f 7033/214/22 7032/213/21 7029/220/21
f 7031/223/22 7029/220/21 7027/218/21
f 7030/222/22 7027/218/21 7025/217/21
f 7029/220/21 7028/221/23 7026/219/23
f 7025/217/21 7023/216/23 7024/228/62
f 7017/133/14 7015/88/14 7016/136/14
f 7015/88/14 7017/133/14 7018/82/14
f 7018/82/14 7019/134/14 7020/84/14
f 7020/84/14 7021/135/14 7022/86/14
f 7021/135/14 7020/84/14 7019/134/14
f 7019/134/14 7018/82/14 7017/133/14
f 7012/84/6 7013/139/6 7014/86/6
f 7007/88/6 7009/137/6 7010/82/6
f 7010/82/6 7011/138/6 7012/84/6
f 7009/137/6 7007/88/6 7008/140/6
f 7013/139/6 7012/84/6 7011/138/6
f 7011/138/6 7010/82/6 7009/137/6
f 6999/88/5 7001/143/5 7002/82/5
f 7002/82/5 7003/141/5 7004/84/5
f 7004/84/5 7005/142/5 7006/86/5
f 7005/142/5 7004/84/5 7003/141/5
f 7003/141/5 7002/82/5 7001/143/5
f 7001/143/5 6999/88/5 7000/144/5
f 6993/145/6 6991/88/6 6992/148/6
f 6991/88/6 6993/145/6 6994/82/6
f 6994/82/6 6995/146/6 6996/84/6
f 6996/84/6 6997/147/6 6998/86/6
f 6997/147/6 6996/84/6 6995/146/6
f 6995/146/6 6994/82/6 6993/145/6
f 6983/88/3 6985/151/3 6986/82/3
f 6986/82/3 6987/149/3 6988/84/3
f 6988/84/3 6989/150/3 6990/86/3
f 6989/150/3 6988/84/3 6987/149/3
f 6987/149/3 6986/82/3 6985/151/3
f 6985/151/3 6983/88/3 6984/152/3
f 6977/153/6 6975/88/6 6976/156/6
f 6975/88/6 6977/153/6 6978/82/6
f 6978/82/6 6979/154/6 6980/84/6
f 6980/84/6 6981/155/6 6982/86/6
f 6981/155/6 6980/84/6 6979/154/6
f 6979/154/6 6978/82/6 6977/153/6
f 6971/158/3 6970/82/3 6969/157/3
f 6967/88/3 6969/157/3 6970/82/3
f 6970/82/3 6971/158/3 6972/84/3
f 6972/84/3 6973/159/3 6974/86/3
f 6969/157/3 6967/88/3 6968/160/3
f 6973/159/3 6972/84/3 6971/158/3
f 6962/82/4 6963/158/4 6964/84/4
f 6964/84/4 6965/159/4 6966/86/4
f 6965/159/4 6964/84/4 6963/158/4
f 6963/158/4 6962/82/4 6961/157/4
f 6961/157/4 6959/88/4 6960/160/4
f 6959/88/4 6961/157/4 6962/82/4
f 6954/82/5 6955/161/5 6956/84/5
f 6956/84/5 6957/163/5 6958/86/5
f 6957/163/5 6956/84/5 6955/161/5
f 6955/161/5 6954/82/5 6953/162/5
f 6953/162/5 6951/88/5 6952/164/5
f 6951/88/5 6953/162/5 6954/82/5
f 6946/82/4 6947/149/4 6948/84/4
f 6948/84/4 6949/150/4 6950/86/4
f 6949/150/4 6948/84/4 6947/149/4
f 6947/149/4 6946/82/4 6945/151/4
f 6945/151/4 6943/88/4 6944/152/4
f 6943/88/4 6945/151/4 6946/82/4
f 6940/84/5 6941/166/5 6942/86/5
f 6941/166/5 6940/84/5 6939/165/5
f 6939/165/5 6938/82/5 6937/167/5
f 6935/88/5 6937/167/5 6938/82/5
f 6938/82/5 6939/165/5 6940/84/5
f 6937/167/5 6935/88/5 6936/168/5
f 6930/82/6 6931/170/6 6932/84/6
f 6927/88/6 6929/169/6 6930/82/6
f 6933/171/6 6932/84/6 6931/170/6
f 6931/170/6 6930/82/6 6929/169/6
f 6929/169/6 6927/88/6 6928/172/6
f 6932/84/6 6933/171/6 6934/86/6
f 6922/82/5 6923/174/5 6924/84/5
f 6919/88/5 6921/173/5 6922/82/5
f 6925/175/5 6924/84/5 6923/174/5
f 6923/174/5 6922/82/5 6921/173/5
f 6921/173/5 6919/88/5 6920/176/5
f 6924/84/5 6925/175/5 6926/86/5
f 6916/84/13 6917/178/13 6918/86/13
f 6914/82/13 6915/177/13 6916/84/13
f 6911/88/13 6913/179/13 6914/82/13
f 6915/177/13 6914/82/13 6913/179/13
f 6913/179/13 6911/88/13 6912/180/13
f 6917/178/13 6916/84/13 6915/177/13
f 6895/229/25 6897/230/26 6899/231/26
f 6900/232/25 6901/233/26 6904/234/26
f 6899/231/26 6902/235/27 6903/236/27
f 6901/233/26 6903/236/27 6905/237/27
f 6904/234/26 6905/237/27 6908/238/27
f 6903/236/27 6906/239/28 6907/240/28
f 6905/237/27 6907/240/28 6909/241/28
f 6908/238/27 6909/241/28 6910/242/28
f 6909/241/28 6908/238/27 6905/237/27
f 6907/240/28 6905/237/27 6903/236/27
f 6906/239/28 6903/236/27 6902/235/27
f 6905/237/27 6904/234/26 6901/233/26
f 6903/236/27 6901/233/26 6899/231/26
f 6902/235/27 6899/231/26 6897/230/26
f 6901/233/26 6900/232/25 6898/243/25
f 6899/231/26 6898/243/25 6895/229/25
f 6897/230/26 6895/229/25 6896/244/25
f 6898/243/25 6899/231/26 6901/233/26
f 6887/197/20 6889/82/20 6890/198/20
f 6892/199/20 6893/86/20 6894/200/20
f 6893/86/20 6892/199/20 6891/84/20
f 6891/84/20 6890/198/20 6889/82/20
f 6889/82/20 6887/197/20 6888/88/20
f 6890/198/20 6891/84/20 6892/199/20
f 6882/204/3 6883/84/3 6884/201/3
f 6884/201/3 6885/86/3 6886/202/3
f 6885/86/3 6884/201/3 6883/84/3
f 6879/203/3 6881/82/3 6882/204/3
f 6881/82/3 6879/203/3 6880/88/3
f 6883/84/3 6882/204/3 6881/82/3
f 6876/205/6 6877/86/6 6878/206/6
f 6877/86/6 6876/205/6 6875/84/6
f 6875/84/6 6874/208/6 6873/82/6
f 6873/82/6 6871/207/6 6872/88/6
f 6874/208/6 6875/84/6 6876/205/6
f 6871/207/6 6873/82/6 6874/208/6
f 6867/84/3 6866/210/3 6865/82/3
f 6869/86/3 6868/211/3 6867/84/3
f 6868/211/3 6869/86/3 6870/212/3
f 6866/210/3 6867/84/3 6868/211/3
f 6863/209/3 6865/82/3 6866/210/3
f 6865/82/3 6863/209/3 6864/88/3
f 6855/97/4 6857/82/4 6858/98/4
f 6860/99/4 6861/86/4 6862/100/4
f 6861/86/4 6860/99/4 6859/84/4
f 6859/84/4 6858/98/4 6857/82/4
f 6857/82/4 6855/97/4 6856/88/4
f 6858/98/4 6859/84/4 6860/99/4
f 11399/1/1 11372/2/1 11362/3/1
f 11372/2/1 11399/1/1 11400/4/1
f 11394/5/1 11349/6/1 11398/7/1
f 11395/8/1 11394/5/1 11397/9/1
f 11394/5/1 11350/10/1 11349/6/1
f 11392/11/1 11365/12/1 11396/13/1
f 11350/10/1 11394/5/1 11395/8/1
f 11383/14/1 11363/15/1 11386/16/1
f 11389/17/1 11391/18/1 11373/19/1
f 11387/20/1 11381/21/1 11393/22/1
f 11365/12/1 11392/11/1 11355/23/1
f 11391/18/1 11389/17/1 11390/24/1
f 11373/19/1 11388/25/1 11354/26/1
f 11374/27/1 11375/28/1 11378/29/1
f 11384/30/1 11386/16/1 11363/15/1
f 11352/31/1 11381/21/1 11387/20/1
f 11386/16/1 11384/30/1 11385/32/1
f 11363/15/1 11383/14/1 11351/33/1
f 11380/34/1 11352/31/1 11351/33/1
f 11379/35/1 11369/36/1 11382/37/1
f 11352/31/1 11380/34/1 11381/21/1
f 11344/38/1 11360/39/1 11341/40/1
f 11376/41/1 11378/29/1 11375/28/1
f 11366/42/1 11357/43/1 11375/28/1
f 11369/36/1 11379/35/1 11367/44/1
f 11378/29/1 11376/41/1 11377/45/1
f 11375/28/1 11374/27/1 11366/42/1
f 11337/46/1 11356/47/1 11324/48/1
f 11346/49/1 11338/50/1 11363/15/1
f 11337/46/1 11371/51/1 11356/47/1
f 11368/52/1 11367/44/1 11366/42/1
f 11354/26/1 11342/53/1 11373/19/1
f 11361/54/1 11362/3/1 11372/2/1
f 11371/51/1 11337/46/1 11370/55/1
f 11367/44/1 11368/52/1 11369/36/1
f 11356/47/1 11358/56/1 11324/48/1
f 11364/57/1 11355/23/1 11354/26/1
f 11321/58/1 11323/59/1 11335/60/1
f 11348/61/1 11345/62/1 11362/3/1
f 11344/38/1 11341/40/1 11332/63/1
f 11358/56/1 11357/43/1 11367/44/1
f 11357/43/1 11366/42/1 11367/44/1
f 11355/23/1 11364/57/1 11365/12/1
f 11341/40/1 11343/64/1 11339/65/1
f 11339/65/1 11353/66/1 11340/67/1
f 11351/33/1 11346/49/1 11363/15/1
f 11349/6/1 11348/61/1 11362/3/1
f 11362/3/1 11361/54/1 11349/6/1
f 11360/39/1 11344/38/1 11359/68/1
f 11358/56/1 11356/47/1 11357/43/1
f 11343/64/1 11342/53/1 11355/23/1
f 11342/53/1 11354/26/1 11355/23/1
f 11339/65/1 11336/69/1 11353/66/1
f 11332/63/1 11347/70/1 11333/71/1
f 11346/49/1 11351/33/1 11352/31/1
f 11322/72/1 11337/46/1 11324/48/1
f 11348/61/1 11349/6/1 11350/10/1
f 11344/38/1 11345/62/1 11348/61/1
f 11341/40/1 11339/65/1 11332/63/1
f 11335/60/1 11334/73/1 11321/58/1
f 11332/63/1 11340/67/1 11347/70/1
f 11331/74/1 11333/71/1 11329/75/1
f 11337/46/1 11338/50/1 11346/49/1
f 11345/62/1 11344/38/1 11332/63/1
f 11343/64/1 11341/40/1 11342/53/1
f 11334/73/1 11336/69/1 11339/65/1
f 11340/67/1 11332/63/1 11339/65/1
f 11331/74/1 11329/75/1 11328/76/1
f 11324/48/1 11330/77/1 11327/78/1
f 11338/50/1 11337/46/1 11322/72/1
f 11336/69/1 11334/73/1 11335/60/1
f 11333/71/1 11331/74/1 11332/63/1
f 11328/76/1 11330/77/1 11324/48/1
f 11322/72/1 11325/79/1 11326/80/1
f 11330/77/1 11328/76/1 11329/75/1
f 11325/79/1 11324/48/1 11327/78/1
f 11323/59/1 11322/72/1 11326/80/1
f 11325/79/1 11322/72/1 11324/48/1
f 11323/59/1 11321/58/1 11322/72/1
f 11388/25/1 11373/19/1 11391/18/1
f 11248/48/2 11255/79/2 11257/78/2
f 11318/1/2 11281/2/2 11320/4/2
f 11313/52/2 11285/44/2 11316/36/2
f 11317/41/2 11311/29/2 11319/45/2
f 11281/2/2 11318/1/2 11270/3/2
f 11304/34/2 11295/31/2 11307/21/2
f 11314/35/2 11316/36/2 11285/44/2
f 11279/28/2 11311/29/2 11317/41/2
f 11316/36/2 11314/35/2 11315/37/2
f 11285/44/2 11313/52/2 11278/42/2
f 11310/27/2 11279/28/2 11278/42/2
f 11308/30/2 11287/16/2 11312/32/2
f 11279/28/2 11310/27/2 11311/29/2
f 11299/57/2 11284/23/2 11302/12/2
f 11305/20/2 11307/21/2 11295/31/2
f 11303/17/2 11297/18/2 11309/24/2
f 11287/16/2 11308/30/2 11283/15/2
f 11307/21/2 11305/20/2 11306/22/2
f 11295/31/2 11304/34/2 11282/33/2
f 11291/7/2 11289/10/2 11294/5/2
f 11300/11/2 11302/12/2 11284/23/2
f 11277/19/2 11297/18/2 11303/17/2
f 11302/12/2 11300/11/2 11301/13/2
f 11284/23/2 11299/57/2 11276/26/2
f 11296/25/2 11277/19/2 11276/26/2
f 11258/38/2 11274/39/2 11298/68/2
f 11277/19/2 11296/25/2 11297/18/2
f 11282/33/2 11272/49/2 11295/31/2
f 11292/8/2 11294/5/2 11289/10/2
f 11264/47/2 11271/46/2 11250/72/2
f 11268/43/2 11265/56/2 11285/44/2
f 11294/5/2 11292/8/2 11293/9/2
f 11289/10/2 11291/7/2 11269/6/2
f 11271/46/2 11288/51/2 11290/55/2
f 11286/14/2 11283/15/2 11282/33/2
f 11269/6/2 11262/61/2 11289/10/2
f 11275/53/2 11267/64/2 11284/23/2
f 11288/51/2 11271/46/2 11264/47/2
f 11283/15/2 11286/14/2 11287/16/2
f 11271/46/2 11273/50/2 11250/72/2
f 11280/54/2 11270/3/2 11269/6/2
f 11278/42/2 11268/43/2 11285/44/2
f 11276/26/2 11275/53/2 11284/23/2
f 11266/40/2 11258/38/2 11252/65/2
f 11273/50/2 11272/49/2 11283/15/2
f 11272/49/2 11282/33/2 11283/15/2
f 11270/3/2 11280/54/2 11281/2/2
f 11258/38/2 11245/63/2 11244/75/2
f 11268/43/2 11278/42/2 11279/28/2
f 11248/48/2 11264/47/2 11250/72/2
f 11275/53/2 11276/26/2 11277/19/2
f 11266/40/2 11267/64/2 11275/53/2
f 11274/39/2 11258/38/2 11266/40/2
f 11273/50/2 11271/46/2 11272/49/2
f 11263/62/2 11262/61/2 11270/3/2
f 11262/61/2 11269/6/2 11270/3/2
f 11264/47/2 11265/56/2 11268/43/2
f 11267/64/2 11266/40/2 11252/65/2
f 11244/75/2 11246/74/2 11247/76/2
f 11265/56/2 11264/47/2 11248/48/2
f 11260/71/2 11258/38/2 11244/75/2
f 11258/38/2 11263/62/2 11245/63/2
f 11258/38/2 11261/70/2 11259/67/2
f 11263/62/2 11258/38/2 11262/61/2
f 11261/70/2 11258/38/2 11260/71/2
f 11250/72/2 11243/59/2 11254/80/2
f 11252/65/2 11259/67/2 11256/66/2
f 11243/59/2 11241/58/2 11242/60/2
f 11259/67/2 11252/65/2 11258/38/2
f 11251/73/2 11253/69/2 11242/60/2
f 11250/72/2 11255/79/2 11248/48/2
f 11249/77/2 11248/48/2 11257/78/2
f 11253/69/2 11252/65/2 11256/66/2
f 11242/60/2 11241/58/2 11251/73/2
f 11255/79/2 11250/72/2 11254/80/2
f 11247/76/2 11249/77/2 11244/75/2
f 11253/69/2 11251/73/2 11252/65/2
f 11241/58/2 11243/59/2 11250/72/2
f 11249/77/2 11247/76/2 11248/48/2
f 11246/74/2 11244/75/2 11245/63/2
f 11233/81/3 11235/82/3 11236/83/3
f 11236/83/3 11237/84/3 11238/85/3
f 11238/85/3 11239/86/3 11240/87/3
f 11239/86/3 11238/85/3 11237/84/3
f 11237/84/3 11236/83/3 11235/82/3
f 11235/82/3 11233/81/3 11234/88/3
f 11230/89/4 11231/86/4 11232/90/4
f 11225/91/4 11227/82/4 11228/92/4
f 11228/92/4 11229/84/4 11230/89/4
f 11229/84/4 11228/92/4 11227/82/4
f 11231/86/4 11230/89/4 11229/84/4
f 11227/82/4 11225/91/4 11226/88/4
f 11219/82/5 11217/91/5 11218/88/5
f 11217/91/5 11219/82/5 11220/92/5
f 11220/92/5 11221/84/5 11222/89/5
f 11222/89/5 11223/86/5 11224/90/5
f 11223/86/5 11222/89/5 11221/84/5
f 11221/84/5 11220/92/5 11219/82/5
f 11214/93/6 11215/86/6 11216/94/6
f 11209/95/6 11211/82/6 11212/96/6
f 11212/96/6 11213/84/6 11214/93/6
f 11211/82/6 11209/95/6 11210/88/6
f 11215/86/6 11214/93/6 11213/84/6
f 11213/84/6 11212/96/6 11211/82/6
f 11201/97/5 11203/82/5 11204/98/5
f 11204/98/5 11205/84/5 11206/99/5
f 11206/99/5 11207/86/5 11208/100/5
f 11207/86/5 11206/99/5 11205/84/5
f 11205/84/5 11204/98/5 11203/82/5
f 11203/82/5 11201/97/5 11202/88/5
f 11195/82/6 11193/101/6 11194/88/6
f 11193/101/6 11195/82/6 11196/102/6
f 11196/102/6 11197/84/6 11198/103/6
f 11198/103/6 11199/86/6 11200/104/6
f 11199/86/6 11198/103/6 11197/84/6
f 11197/84/6 11196/102/6 11195/82/6
f 11187/82/3 11185/105/3 11186/88/3
f 11185/105/3 11187/82/3 11188/106/3
f 11188/106/3 11189/84/3 11190/107/3
f 11190/107/3 11191/86/3 11192/108/3
f 11191/86/3 11190/107/3 11189/84/3
f 11189/84/3 11188/106/3 11187/82/3
f 11181/84/6 11180/109/6 11179/82/6
f 11177/110/6 11179/82/6 11180/109/6
f 11180/109/6 11181/84/6 11182/111/6
f 11182/111/6 11183/86/6 11184/112/6
f 11183/86/6 11182/111/6 11181/84/6
f 11179/82/6 11177/110/6 11178/88/6
f 11169/113/7 11171/82/7 11172/114/7
f 11172/114/7 11173/84/7 11174/115/7
f 11174/115/7 11175/86/7 11176/116/7
f 11175/86/7 11174/115/7 11173/84/7
f 11173/84/7 11172/114/7 11171/82/7
f 11171/82/7 11169/113/7 11170/88/7
f 11166/117/8 11167/118/9 11168/119/10
f 11153/120/11 11155/121/12 11157/122/12
f 11156/123/11 11157/122/12 11159/124/12
f 11158/125/11 11159/124/12 11162/126/12
f 11157/122/12 11160/127/8 11161/128/8
f 11159/124/12 11161/128/8 11163/129/8
f 11162/126/12 11163/129/8 11166/117/8
f 11161/128/8 11164/130/9 11165/131/9
f 11167/118/9 11166/117/8 11163/129/8
f 11165/131/9 11163/129/8 11161/128/8
f 11164/130/9 11161/128/8 11160/127/8
f 11163/129/8 11162/126/12 11159/124/12
f 11161/128/8 11159/124/12 11157/122/12
f 11160/127/8 11157/122/12 11155/121/12
f 11159/124/12 11158/125/11 11156/123/11
f 11157/122/12 11156/123/11 11153/120/11
f 11155/121/12 11153/120/11 11154/132/11
f 11163/129/8 11165/131/9 11167/118/9
f 11145/88/13 11147/133/13 11148/82/13
f 11148/82/13 11149/134/13 11150/84/13
f 11150/84/13 11151/135/13 11152/86/13
f 11151/135/13 11150/84/13 11149/134/13
f 11149/134/13 11148/82/13 11147/133/13
f 11147/133/13 11145/88/13 11146/136/13
f 11137/88/4 11139/137/4 11140/82/4
f 11140/82/4 11141/138/4 11142/84/4
f 11142/84/4 11143/139/4 11144/86/4
f 11143/139/4 11142/84/4 11141/138/4
f 11141/138/4 11140/82/4 11139/137/4
f 11139/137/4 11137/88/4 11138/140/4
f 11132/82/3 11133/141/3 11134/84/3
f 11134/84/3 11135/142/3 11136/86/3
f 11135/142/3 11134/84/3 11133/141/3
f 11133/141/3 11132/82/3 11131/143/3
f 11131/143/3 11129/88/3 11130/144/3
f 11129/88/3 11131/143/3 11132/82/3
f 11121/88/4 11123/145/4 11124/82/4
f 11124/82/4 11125/146/4 11126/84/4
f 11126/84/4 11127/147/4 11128/86/4
f 11127/147/4 11126/84/4 11125/146/4
f 11125/146/4 11124/82/4 11123/145/4
f 11123/145/4 11121/88/4 11122/148/4
f 11116/82/5 11117/149/5 11118/84/5
f 11118/84/5 11119/150/5 11120/86/5
f 11119/150/5 11118/84/5 11117/149/5
f 11117/149/5 11116/82/5 11115/151/5
f 11115/151/5 11113/88/5 11114/152/5
f 11113/88/5 11115/151/5 11116/82/5
f 11105/88/4 11107/153/4 11108/82/4
f 11108/82/4 11109/154/4 11110/84/4
f 11110/84/4 11111/155/4 11112/86/4
f 11111/155/4 11110/84/4 11109/154/4
f 11109/154/4 11108/82/4 11107/153/4
f 11107/153/4 11105/88/4 11106/156/4
f 11097/88/5 11099/157/5 11100/82/5
f 11100/82/5 11101/158/5 11102/84/5
f 11102/84/5 11103/159/5 11104/86/5
f 11103/159/5 11102/84/5 11101/158/5
f 11101/158/5 11100/82/5 11099/157/5
f 11099/157/5 11097/88/5 11098/160/5
f 11089/88/6 11091/157/6 11092/82/6
f 11091/157/6 11089/88/6 11090/160/6
f 11093/158/6 11092/82/6 11091/157/6
f 11095/159/6 11094/84/6 11093/158/6
f 11094/84/6 11095/159/6 11096/86/6
f 11092/82/6 11093/158/6 11094/84/6
f 11084/82/3 11085/161/3 11086/84/3
f 11081/88/3 11083/162/3 11084/82/3
f 11086/84/3 11087/163/3 11088/86/3
f 11087/163/3 11086/84/3 11085/161/3
f 11085/161/3 11084/82/3 11083/162/3
f 11083/162/3 11081/88/3 11082/164/3
f 11073/88/6 11075/151/6 11076/82/6
f 11076/82/6 11077/149/6 11078/84/6
f 11078/84/6 11079/150/6 11080/86/6
f 11079/150/6 11078/84/6 11077/149/6
f 11077/149/6 11076/82/6 11075/151/6
f 11075/151/6 11073/88/6 11074/152/6
f 11068/82/3 11069/165/3 11070/84/3
f 11070/84/3 11071/166/3 11072/86/3
f 11071/166/3 11070/84/3 11069/165/3
f 11069/165/3 11068/82/3 11067/167/3
f 11067/167/3 11065/88/3 11066/168/3
f 11065/88/3 11067/167/3 11068/82/3
f 11057/88/4 11059/169/4 11060/82/4
f 11060/82/4 11061/170/4 11062/84/4
f 11062/84/4 11063/171/4 11064/86/4
f 11063/171/4 11062/84/4 11061/170/4
f 11061/170/4 11060/82/4 11059/169/4
f 11059/169/4 11057/88/4 11058/172/4
f 11049/88/3 11051/173/3 11052/82/3
f 11052/82/3 11053/174/3 11054/84/3
f 11054/84/3 11055/175/3 11056/86/3
f 11055/175/3 11054/84/3 11053/174/3
f 11053/174/3 11052/82/3 11051/173/3
f 11051/173/3 11049/88/3 11050/176/3
f 11044/82/14 11045/177/14 11046/84/14
f 11046/84/14 11047/178/14 11048/86/14
f 11047/178/14 11046/84/14 11045/177/14
f 11045/177/14 11044/82/14 11043/179/14
f 11043/179/14 11041/88/14 11042/180/14
f 11041/88/14 11043/179/14 11044/82/14
f 11025/181/15 11027/182/16 11029/183/16
f 11028/184/15 11029/183/16 11031/185/16
f 11029/183/16 11032/186/17 11033/187/17
f 11030/188/15 11031/185/16 11034/189/16
f 11038/190/17 11039/191/18 11040/192/18
f 11031/185/16 11033/187/17 11035/193/17
f 11034/189/16 11035/193/17 11038/190/17
f 11033/187/17 11036/194/18 11037/195/18
f 11039/191/18 11038/190/17 11035/193/17
f 11037/195/18 11035/193/17 11033/187/17
f 11036/194/18 11033/187/17 11032/186/17
f 11035/193/17 11034/189/16 11031/185/16
f 11033/187/17 11031/185/16 11029/183/16
f 11032/186/17 11029/183/16 11027/182/16
f 11031/185/16 11030/188/15 11028/184/15
f 11029/183/16 11028/184/15 11025/181/15
f 11027/182/16 11025/181/15 11026/196/15
f 11035/193/17 11037/195/18 11039/191/18
f 11017/197/7 11019/82/7 11020/198/7
f 11020/198/7 11021/84/7 11022/199/7
f 11022/199/7 11023/86/7 11024/200/7
f 11023/86/7 11022/199/7 11021/84/7
f 11021/84/7 11020/198/7 11019/82/7
f 11019/82/7 11017/197/7 11018/88/7
f 11014/201/5 11015/86/5 11016/202/5
f 11009/203/5 11011/82/5 11012/204/5
f 11012/204/5 11013/84/5 11014/201/5
f 11013/84/5 11012/204/5 11011/82/5
f 11015/86/5 11014/201/5 11013/84/5
f 11011/82/5 11009/203/5 11010/88/5
f 11006/205/4 11007/86/4 11008/206/4
f 11001/207/4 11003/82/4 11004/208/4
f 11004/208/4 11005/84/4 11006/205/4
f 11005/84/4 11004/208/4 11003/82/4
f 11007/86/4 11006/205/4 11005/84/4
f 11003/82/4 11001/207/4 11002/88/4
f 10995/82/5 10993/209/5 10994/88/5
f 10993/209/5 10995/82/5 10996/210/5
f 10996/210/5 10997/84/5 10998/211/5
f 10998/211/5 10999/86/5 11000/212/5
f 10999/86/5 10998/211/5 10997/84/5
f 10997/84/5 10996/210/5 10995/82/5
f 10985/97/6 10987/82/6 10988/98/6
f 10988/98/6 10989/84/6 10990/99/6
f 10990/99/6 10991/86/6 10992/100/6
f 10991/86/6 10990/99/6 10989/84/6
f 10989/84/6 10988/98/6 10987/82/6
f 10987/82/6 10985/97/6 10986/88/6
f 10982/85/5 10983/86/5 10984/87/5
f 10977/81/5 10979/82/5 10980/83/5
f 10980/83/5 10981/84/5 10982/85/5
f 10979/82/5 10977/81/5 10978/88/5
f 10983/86/5 10982/85/5 10981/84/5
f 10981/84/5 10980/83/5 10979/82/5
f 10969/91/6 10971/82/6 10972/92/6
f 10972/92/6 10973/84/6 10974/89/6
f 10974/89/6 10975/86/6 10976/90/6
f 10975/86/6 10974/89/6 10973/84/6
f 10973/84/6 10972/92/6 10971/82/6
f 10971/82/6 10969/91/6 10970/88/6
f 10963/82/3 10961/91/3 10962/88/3
f 10961/91/3 10963/82/3 10964/92/3
f 10964/92/3 10965/84/3 10966/89/3
f 10966/89/3 10967/86/3 10968/90/3
f 10967/86/3 10966/89/3 10965/84/3
f 10965/84/3 10964/92/3 10963/82/3
f 10955/82/4 10953/95/4 10954/88/4
f 10953/95/4 10955/82/4 10956/96/4
f 10956/96/4 10957/84/4 10958/93/4
f 10958/93/4 10959/86/4 10960/94/4
f 10959/86/4 10958/93/4 10957/84/4
f 10957/84/4 10956/96/4 10955/82/4
f 10945/97/3 10947/82/3 10948/98/3
f 10948/98/3 10949/84/3 10950/99/3
f 10950/99/3 10951/86/3 10952/100/3
f 10951/86/3 10950/99/3 10949/84/3
f 10949/84/3 10948/98/3 10947/82/3
f 10947/82/3 10945/97/3 10946/88/3
f 10939/82/4 10937/101/4 10938/88/4
f 10937/101/4 10939/82/4 10940/102/4
f 10940/102/4 10941/84/4 10942/103/4
f 10942/103/4 10943/86/4 10944/104/4
f 10943/86/4 10942/103/4 10941/84/4
f 10941/84/4 10940/102/4 10939/82/4
f 10934/107/5 10935/86/5 10936/108/5
f 10929/105/5 10931/82/5 10932/106/5
f 10932/106/5 10933/84/5 10934/107/5
f 10931/82/5 10929/105/5 10930/88/5
f 10935/86/5 10934/107/5 10933/84/5
f 10933/84/5 10932/106/5 10931/82/5
f 10921/110/4 10923/82/4 10924/109/4
f 10924/109/4 10925/84/4 10926/111/4
f 10926/111/4 10927/86/4 10928/112/4
f 10927/86/4 10926/111/4 10925/84/4
f 10925/84/4 10924/109/4 10923/82/4
f 10923/82/4 10921/110/4 10922/88/4
f 10915/82/20 10913/113/20 10914/88/20
f 10913/113/20 10915/82/20 10916/114/20
f 10916/114/20 10917/84/20 10918/115/20
f 10918/115/20 10919/86/20 10920/116/20
f 10919/86/20 10918/115/20 10917/84/20
f 10917/84/20 10916/114/20 10915/82/20
f 10906/213/21 10907/214/22 10910/215/22
f 10897/216/23 10899/217/21 10901/218/21
f 10900/219/23 10901/218/21 10903/220/21
f 10902/221/23 10903/220/21 10906/213/21
f 10901/218/21 10904/222/22 10905/223/22
f 10903/220/21 10905/223/22 10907/214/22
f 10901/218/21 10900/219/23 10897/216/23
f 10905/223/22 10908/224/24 10909/225/24
f 10907/214/22 10909/225/24 10911/226/24
f 10910/215/22 10911/226/24 10912/227/24
f 10911/226/24 10910/215/22 10907/214/22
f 10909/225/24 10907/214/22 10905/223/22
f 10908/224/24 10905/223/22 10904/222/22
f 10907/214/22 10906/213/21 10903/220/21
f 10905/223/22 10903/220/21 10901/218/21
f 10904/222/22 10901/218/21 10899/217/21
f 10903/220/21 10902/221/23 10900/219/23
f 10899/217/21 10897/216/23 10898/228/23
f 10891/133/14 10889/88/14 10890/136/14
f 10889/88/14 10891/133/14 10892/82/14
f 10892/82/14 10893/134/14 10894/84/14
f 10894/84/14 10895/135/14 10896/86/14
f 10895/135/14 10894/84/14 10893/134/14
f 10893/134/14 10892/82/14 10891/133/14
f 10886/84/6 10887/139/6 10888/86/6
f 10881/88/6 10883/137/6 10884/82/6
f 10884/82/6 10885/138/6 10886/84/6
f 10883/137/6 10881/88/6 10882/140/6
f 10887/139/6 10886/84/6 10885/138/6
f 10885/138/6 10884/82/6 10883/137/6
f 10873/88/5 10875/143/5 10876/82/5
f 10876/82/5 10877/141/5 10878/84/5
f 10878/84/5 10879/142/5 10880/86/5
f 10879/142/5 10878/84/5 10877/141/5
f 10877/141/5 10876/82/5 10875/143/5
f 10875/143/5 10873/88/5 10874/144/5
f 10867/145/6 10865/88/6 10866/148/6
f 10865/88/6 10867/145/6 10868/82/6
f 10868/82/6 10869/146/6 10870/84/6
f 10870/84/6 10871/147/6 10872/86/6
f 10871/147/6 10870/84/6 10869/146/6
f 10869/146/6 10868/82/6 10867/145/6
f 10857/88/3 10859/151/3 10860/82/3
f 10860/82/3 10861/149/3 10862/84/3
f 10862/84/3 10863/150/3 10864/86/3
f 10863/150/3 10862/84/3 10861/149/3
f 10861/149/3 10860/82/3 10859/151/3
f 10859/151/3 10857/88/3 10858/152/3
f 10851/153/6 10849/88/6 10850/156/6
f 10849/88/6 10851/153/6 10852/82/6
f 10852/82/6 10853/154/6 10854/84/6
f 10854/84/6 10855/155/6 10856/86/6
f 10855/155/6 10854/84/6 10853/154/6
f 10853/154/6 10852/82/6 10851/153/6
f 10845/158/3 10844/82/3 10843/157/3
f 10841/88/3 10843/157/3 10844/82/3
f 10844/82/3 10845/158/3 10846/84/3
f 10846/84/3 10847/159/3 10848/86/3
f 10843/157/3 10841/88/3 10842/160/3
f 10847/159/3 10846/84/3 10845/158/3
f 10836/82/4 10837/158/4 10838/84/4
f 10838/84/4 10839/159/4 10840/86/4
f 10839/159/4 10838/84/4 10837/158/4
f 10837/158/4 10836/82/4 10835/157/4
f 10835/157/4 10833/88/4 10834/160/4
f 10833/88/4 10835/157/4 10836/82/4
f 10828/82/5 10829/161/5 10830/84/5
f 10830/84/5 10831/163/5 10832/86/5
f 10831/163/5 10830/84/5 10829/161/5
f 10829/161/5 10828/82/5 10827/162/5
f 10827/162/5 10825/88/5 10826/164/5
f 10825/88/5 10827/162/5 10828/82/5
f 10820/82/4 10821/149/4 10822/84/4
f 10822/84/4 10823/150/4 10824/86/4
f 10823/150/4 10822/84/4 10821/149/4
f 10821/149/4 10820/82/4 10819/151/4
f 10819/151/4 10817/88/4 10818/152/4
f 10817/88/4 10819/151/4 10820/82/4
f 10814/84/5 10815/166/5 10816/86/5
f 10815/166/5 10814/84/5 10813/165/5
f 10813/165/5 10812/82/5 10811/167/5
f 10809/88/5 10811/167/5 10812/82/5
f 10812/82/5 10813/165/5 10814/84/5
f 10811/167/5 10809/88/5 10810/168/5
f 10804/82/6 10805/170/6 10806/84/6
f 10801/88/6 10803/169/6 10804/82/6
f 10807/171/6 10806/84/6 10805/170/6
f 10805/170/6 10804/82/6 10803/169/6
f 10803/169/6 10801/88/6 10802/172/6
f 10806/84/6 10807/171/6 10808/86/6
f 10796/82/5 10797/174/5 10798/84/5
f 10793/88/5 10795/173/5 10796/82/5
f 10799/175/5 10798/84/5 10797/174/5
f 10797/174/5 10796/82/5 10795/173/5
f 10795/173/5 10793/88/5 10794/176/5
f 10798/84/5 10799/175/5 10800/86/5
f 10790/84/13 10791/178/13 10792/86/13
f 10788/82/13 10789/177/13 10790/84/13
f 10785/88/13 10787/179/13 10788/82/13
f 10789/177/13 10788/82/13 10787/179/13
f 10787/179/13 10785/88/13 10786/180/13
f 10791/178/13 10790/84/13 10789/177/13
f 10769/229/25 10771/230/26 10773/231/26
f 10774/232/25 10775/233/26 10778/234/26
f 10773/231/26 10776/235/27 10777/236/27
f 10775/233/26 10777/236/27 10779/237/27
f 10778/234/26 10779/237/27 10782/238/27
f 10777/236/27 10780/239/28 10781/240/28
f 10779/237/27 10781/240/28 10783/241/28
f 10782/238/27 10783/241/28 10784/242/28
f 10783/241/28 10782/238/27 10779/237/27
f 10781/240/28 10779/237/27 10777/236/27
f 10780/239/28 10777/236/27 10776/235/27
f 10779/237/27 10778/234/26 10775/233/26
f 10777/236/27 10775/233/26 10773/231/26
f 10776/235/27 10773/231/26 10771/230/26
f 10775/233/26 10774/232/25 10772/243/25
f 10773/231/26 10772/243/25 10769/229/25
f 10771/230/26 10769/229/25 10770/244/25
f 10772/243/25 10773/231/26 10775/233/26
f 10761/197/20 10763/82/20 10764/198/20
f 10766/199/20 10767/86/20 10768/200/20
f 10767/86/20 10766/199/20 10765/84/20
f 10765/84/20 10764/198/20 10763/82/20
f 10763/82/20 10761/197/20 10762/88/20
f 10764/198/20 10765/84/20 10766/199/20
f 10756/204/3 10757/84/3 10758/201/3
f 10758/201/3 10759/86/3 10760/202/3
f 10759/86/3 10758/201/3 10757/84/3
f 10753/203/3 10755/82/3 10756/204/3
f 10755/82/3 10753/203/3 10754/88/3
f 10757/84/3 10756/204/3 10755/82/3
f 10750/205/6 10751/86/6 10752/206/6
f 10751/86/6 10750/205/6 10749/84/6
f 10749/84/6 10748/208/6 10747/82/6
f 10747/82/6 10745/207/6 10746/88/6
f 10748/208/6 10749/84/6 10750/205/6
f 10745/207/6 10747/82/6 10748/208/6
f 10741/84/3 10740/210/3 10739/82/3
f 10743/86/3 10742/211/3 10741/84/3
f 10742/211/3 10743/86/3 10744/212/3
f 10740/210/3 10741/84/3 10742/211/3
f 10737/209/3 10739/82/3 10740/210/3
f 10739/82/3 10737/209/3 10738/88/3
f 10729/97/4 10731/82/4 10732/98/4
f 10734/99/4 10735/86/4 10736/100/4
f 10735/86/4 10734/99/4 10733/84/4
f 10733/84/4 10732/98/4 10731/82/4
f 10731/82/4 10729/97/4 10730/88/4
f 10732/98/4 10733/84/4 10734/99/4
usemtl mat2.005
f 13/632/63 12/633/3 8/634/63
f 8/634/63 14/635/3 10/636/63
f 10/636/63 15/637/3 11/638/63
f 17/639/3 16/640/64 12/633/3
f 12/633/3 18/641/64 14/635/3
f 14/635/3 19/642/64 15/637/3
f 21/643/65 20/644/66 16/640/64
f 16/640/64 22/645/66 18/641/64
f 18/641/64 23/646/66 19/642/64
f 25/647/66 24/648/4 20/644/66
f 20/644/66 26/649/4 22/645/66
f 22/645/66 27/650/4 23/646/66
f 29/651/4 28/652/67 24/648/4
f 24/648/4 30/653/67 26/649/4
f 26/649/4 31/654/67 27/650/4
f 33/655/67 32/656/68 28/652/67
f 28/652/67 34/657/68 30/653/67
f 30/653/67 35/658/68 31/654/67
f 37/659/69 36/660/5 32/656/68
f 32/656/68 38/661/5 34/657/68
f 34/657/68 39/662/5 35/658/68
f 41/663/5 40/664/70 36/660/5
f 36/660/5 42/665/70 38/661/5
f 38/661/5 43/666/71 39/662/5
f 45/667/70 44/668/72 40/664/70
f 40/664/70 46/669/72 42/665/70
f 42/665/70 47/670/72 43/666/71
f 48/671/72 2/672/6 44/668/72
f 44/668/72 5/673/6 46/669/72
f 46/669/72 7/674/6 47/670/72
f 7/674/6 46/669/72 5/673/6
f 5/673/6 44/668/72 2/672/6
f 4/675/73 11/638/63 6/676/73
f 47/670/72 42/665/70 46/669/72
f 46/669/72 40/664/70 44/668/72
f 44/668/72 45/667/70 48/671/72
f 43/666/71 38/661/5 42/665/70
f 42/665/70 36/660/5 40/664/70
f 40/664/70 41/663/5 45/667/70
f 39/662/5 34/657/68 38/661/5
f 38/661/5 32/656/68 36/660/5
f 36/660/5 37/659/69 41/663/5
f 35/658/68 30/653/67 34/657/68
f 34/657/68 28/652/67 32/656/68
f 32/656/68 33/655/67 37/659/69
f 31/654/67 26/649/4 30/653/67
f 30/653/67 24/648/4 28/652/67
f 28/652/67 29/651/4 33/655/67
f 27/650/4 22/645/66 26/649/4
f 26/649/4 20/644/66 24/648/4
f 24/648/4 25/647/66 29/651/4
f 23/646/66 18/641/64 22/645/66
f 22/645/66 16/640/64 20/644/66
f 20/644/66 21/643/65 25/647/66
f 19/642/64 14/635/3 18/641/64
f 18/641/64 12/633/3 16/640/64
f 16/640/64 17/639/3 21/643/65
f 15/637/3 10/636/63 14/635/3
f 14/635/3 8/634/63 12/633/3
f 12/633/3 13/632/63 17/639/3
f 11/638/63 4/675/73 10/636/63
f 10/636/63 1/677/73 8/634/63
f 8/634/63 9/678/73 13/632/63
f 6/676/73 5/673/6 4/675/73
f 4/675/73 2/672/6 1/677/73
f 1/677/73 3/88/6 9/678/73
f 1/677/73 10/636/63 4/675/73
f 9/678/73 8/634/63 1/677/73
f 5/673/6 6/676/73 7/674/6
f 2/672/6 4/675/73 5/673/6
f 2/672/6 48/671/72 3/88/6
f 3/88/6 1/677/73 2/672/6
f 1467/679/74 1466/680/75 1458/681/74
f 1458/681/74 1468/682/75 1460/683/74
f 1460/683/74 1469/684/75 1461/685/74
f 1461/685/74 1470/686/75 1462/687/74
f 1462/687/74 1471/688/75 1463/689/74
f 1463/689/74 1472/690/75 1464/691/74
f 1464/691/74 1473/692/75 1465/693/74
f 1475/694/75 1474/695/76 1466/680/75
f 1466/680/75 1476/696/76 1468/682/75
f 1468/682/75 1477/697/76 1469/684/75
f 1469/684/75 1478/698/76 1470/686/75
f 1470/686/75 1479/699/76 1471/688/75
f 1471/688/75 1480/700/76 1472/690/75
f 1472/690/75 1481/701/76 1473/692/75
f 1483/632/76 1482/702/77 1474/695/76
f 1474/695/76 1484/703/77 1476/696/76
f 1476/696/76 1485/704/77 1477/697/76
f 1477/697/76 1486/705/77 1478/698/76
f 1478/698/76 1487/706/77 1479/699/76
f 1479/699/76 1488/707/77 1480/700/76
f 1480/700/76 1489/708/78 1481/701/76
f 1491/709/77 1490/710/1 1482/702/77
f 1482/702/77 1492/711/1 1484/703/77
f 1484/703/77 1493/712/1 1485/704/77
f 1485/704/77 1494/713/1 1486/705/77
f 1486/705/77 1495/714/1 1487/706/77
f 1487/706/77 1496/715/1 1488/707/77
f 1488/707/77 1497/716/1 1489/708/78
f 1499/639/1 1498/717/79 1490/710/1
f 1490/710/1 1500/718/79 1492/711/1
f 1492/711/1 1501/719/79 1493/712/1
f 1493/712/1 1502/720/79 1494/713/1
f 1494/713/1 1503/721/79 1495/714/1
f 1495/714/1 1504/722/79 1496/715/1
f 1496/715/1 1505/723/79 1497/716/1
f 1507/724/80 1506/725/81 1498/717/79
f 1498/717/79 1508/726/81 1500/718/79
f 1500/718/79 1509/727/81 1501/719/79
f 1501/719/79 1510/728/81 1502/720/79
f 1502/720/79 1511/729/81 1503/721/79
f 1503/721/79 1512/730/81 1504/722/79
f 1504/722/79 1513/731/81 1505/723/79
f 1515/643/81 1514/732/82 1506/725/81
f 1506/725/81 1516/733/83 1508/726/81
f 1508/726/81 1517/734/82 1509/727/81
f 1509/727/81 1518/735/84 1510/728/81
f 1510/728/81 1519/736/82 1511/729/81
f 1511/729/81 1520/737/82 1512/730/81
f 1512/730/81 1521/738/85 1513/731/81
f 1523/739/84 1522/740/86 1514/732/82
f 1514/732/82 1524/741/86 1516/733/83
f 1516/733/83 1525/742/86 1517/734/82
f 1517/734/82 1526/743/86 1518/735/84
f 1518/735/84 1527/744/86 1519/736/82
f 1519/736/82 1528/745/86 1520/737/82
f 1520/737/82 1529/746/86 1521/738/85
f 1531/647/86 1530/747/87 1522/740/86
f 1522/740/86 1532/748/87 1524/741/86
f 1524/741/86 1533/749/87 1525/742/86
f 1525/742/86 1534/750/87 1526/743/86
f 1526/743/86 1535/751/87 1527/744/86
f 1527/744/86 1536/752/87 1528/745/86
f 1528/745/86 1537/753/87 1529/746/86
f 1539/754/87 1538/755/4 1530/747/87
f 1530/747/87 1540/756/4 1532/748/87
f 1532/748/87 1541/757/4 1533/749/87
f 1533/749/87 1542/758/4 1534/750/87
f 1534/750/87 1543/759/4 1535/751/87
f 1535/751/87 1544/760/4 1536/752/87
f 1536/752/87 1545/761/4 1537/753/87
f 1547/651/4 1546/762/88 1538/755/4
f 1538/755/4 1548/763/88 1540/756/4
f 1540/756/4 1549/764/88 1541/757/4
f 1541/757/4 1550/765/88 1542/758/4
f 1542/758/4 1551/766/88 1543/759/4
f 1543/759/4 1552/767/88 1544/760/4
f 1544/760/4 1553/768/88 1545/761/4
f 1555/769/88 1554/770/89 1546/762/88
f 1546/762/88 1556/771/89 1548/763/88
f 1548/763/88 1557/772/89 1549/764/88
f 1549/764/88 1558/773/89 1550/765/88
f 1550/765/88 1559/774/89 1551/766/88
f 1551/766/88 1560/775/89 1552/767/88
f 1552/767/88 1561/776/89 1553/768/88
f 1563/655/89 1562/777/90 1554/770/89
f 1554/770/89 1564/778/91 1556/771/89
f 1556/771/89 1565/779/91 1557/772/89
f 1557/772/89 1566/780/91 1558/773/89
f 1558/773/89 1567/781/90 1559/774/89
f 1559/774/89 1568/782/91 1560/775/89
f 1560/775/89 1569/783/90 1561/776/89
f 1571/784/91 1570/785/92 1562/777/90
f 1562/777/90 1572/786/92 1564/778/91
f 1564/778/91 1573/787/92 1565/779/91
f 1565/779/91 1574/788/92 1566/780/91
f 1566/780/91 1575/789/92 1567/781/90
f 1567/781/90 1576/790/92 1568/782/91
f 1568/782/91 1577/791/92 1569/783/90
f 1579/659/92 1578/792/93 1570/785/92
f 1570/785/92 1580/793/93 1572/786/92
f 1572/786/92 1581/794/93 1573/787/92
f 1573/787/92 1582/795/93 1574/788/92
f 1574/788/92 1583/796/93 1575/789/92
f 1575/789/92 1584/797/93 1576/790/92
f 1576/790/92 1585/798/93 1577/791/92
f 1587/799/93 1586/800/2 1578/792/93
f 1578/792/93 1588/801/2 1580/793/93
f 1580/793/93 1589/802/2 1581/794/93
f 1581/794/93 1590/803/2 1582/795/93
f 1582/795/93 1591/804/2 1583/796/93
f 1583/796/93 1592/805/2 1584/797/93
f 1584/797/93 1593/806/2 1585/798/93
f 1595/663/2 1594/807/94 1586/800/2
f 1586/800/2 1596/808/94 1588/801/2
f 1588/801/2 1597/809/94 1589/802/2
f 1589/802/2 1598/810/94 1590/803/2
f 1590/803/2 1599/811/94 1591/804/2
f 1591/804/2 1600/812/94 1592/805/2
f 1592/805/2 1601/813/94 1593/806/2
f 1603/814/94 1602/815/95 1594/807/94
f 1594/807/94 1604/816/95 1596/808/94
f 1596/808/94 1605/817/95 1597/809/94
f 1597/809/94 1606/818/95 1598/810/94
f 1598/810/94 1607/819/95 1599/811/94
f 1599/811/94 1608/820/95 1600/812/94
f 1600/812/94 1609/821/95 1601/813/94
f 1611/667/95 1610/822/96 1602/815/95
f 1602/815/95 1612/823/96 1604/816/95
f 1604/816/95 1613/824/96 1605/817/95
f 1605/817/95 1614/825/96 1606/818/95
f 1606/818/95 1615/826/96 1607/819/95
f 1607/819/95 1616/827/96 1608/820/95
f 1608/820/95 1617/828/96 1609/821/95
f 1619/829/96 1618/830/97 1610/822/96
f 1610/822/96 1620/831/97 1612/823/96
f 1612/823/96 1621/832/97 1613/824/96
f 1613/824/96 1622/833/97 1614/825/96
f 1614/825/96 1623/834/97 1615/826/96
f 1615/826/96 1624/835/97 1616/827/96
f 1616/827/96 1625/836/97 1617/828/96
f 1627/671/97 1626/837/98 1618/830/97
f 1618/830/97 1628/838/98 1620/831/97
f 1620/831/97 1629/839/98 1621/832/97
f 1621/832/97 1630/840/98 1622/833/97
f 1622/833/97 1631/841/98 1623/834/97
f 1623/834/97 1632/842/98 1624/835/97
f 1624/835/97 1633/843/98 1625/836/97
f 1634/844/99 1444/845/6 1626/837/98
f 1626/837/98 1447/846/6 1628/838/98
f 1628/838/98 1449/847/6 1629/839/98
f 1629/839/98 1451/848/6 1630/840/98
f 1630/840/98 1453/849/6 1631/841/98
f 1631/841/98 1455/850/6 1632/842/98
f 1632/842/98 1457/851/6 1633/843/98
f 1457/851/6 1632/842/98 1455/850/6
f 1455/850/6 1631/841/98 1453/849/6
f 1453/849/6 1630/840/98 1451/848/6
f 1451/848/6 1629/839/98 1449/847/6
f 1449/847/6 1628/838/98 1447/846/6
f 1447/846/6 1626/837/98 1444/845/6
f 1454/852/100 1465/693/74 1456/853/100
f 1633/843/98 1624/835/97 1632/842/98
f 1632/842/98 1623/834/97 1631/841/98
f 1631/841/98 1622/833/97 1630/840/98
f 1630/840/98 1621/832/97 1629/839/98
f 1629/839/98 1620/831/97 1628/838/98
f 1628/838/98 1618/830/97 1626/837/98
f 1626/837/98 1627/671/97 1634/844/99
f 1625/836/97 1616/827/96 1624/835/97
f 1624/835/97 1615/826/96 1623/834/97
f 1623/834/97 1614/825/96 1622/833/97
f 1622/833/97 1613/824/96 1621/832/97
f 1621/832/97 1612/823/96 1620/831/97
f 1620/831/97 1610/822/96 1618/830/97
f 1618/830/97 1619/829/96 1627/671/97
f 1617/828/96 1608/820/95 1616/827/96
f 1616/827/96 1607/819/95 1615/826/96
f 1615/826/96 1606/818/95 1614/825/96
f 1614/825/96 1605/817/95 1613/824/96
f 1613/824/96 1604/816/95 1612/823/96
f 1612/823/96 1602/815/95 1610/822/96
f 1610/822/96 1611/667/95 1619/829/96
f 1609/821/95 1600/812/94 1608/820/95
f 1608/820/95 1599/811/94 1607/819/95
f 1607/819/95 1598/810/94 1606/818/95
f 1606/818/95 1597/809/94 1605/817/95
f 1605/817/95 1596/808/94 1604/816/95
f 1604/816/95 1594/807/94 1602/815/95
f 1602/815/95 1603/814/94 1611/667/95
f 1601/813/94 1592/805/2 1600/812/94
f 1600/812/94 1591/804/2 1599/811/94
f 1599/811/94 1590/803/2 1598/810/94
f 1598/810/94 1589/802/2 1597/809/94
f 1597/809/94 1588/801/2 1596/808/94
f 1596/808/94 1586/800/2 1594/807/94
f 1594/807/94 1595/663/2 1603/814/94
f 1593/806/2 1584/797/93 1592/805/2
f 1592/805/2 1583/796/93 1591/804/2
f 1591/804/2 1582/795/93 1590/803/2
f 1590/803/2 1581/794/93 1589/802/2
f 1589/802/2 1580/793/93 1588/801/2
f 1588/801/2 1578/792/93 1586/800/2
f 1586/800/2 1587/799/93 1595/663/2
f 1585/798/93 1576/790/92 1584/797/93
f 1584/797/93 1575/789/92 1583/796/93
f 1583/796/93 1574/788/92 1582/795/93
f 1582/795/93 1573/787/92 1581/794/93
f 1581/794/93 1572/786/92 1580/793/93
f 1580/793/93 1570/785/92 1578/792/93
f 1578/792/93 1579/659/92 1587/799/93
f 1577/791/92 1568/782/91 1576/790/92
f 1576/790/92 1567/781/90 1575/789/92
f 1575/789/92 1566/780/91 1574/788/92
f 1574/788/92 1565/779/91 1573/787/92
f 1573/787/92 1564/778/91 1572/786/92
f 1572/786/92 1562/777/90 1570/785/92
f 1570/785/92 1571/784/91 1579/659/92
f 1569/783/90 1560/775/89 1568/782/91
f 1568/782/91 1559/774/89 1567/781/90
f 1567/781/90 1558/773/89 1566/780/91
f 1566/780/91 1557/772/89 1565/779/91
f 1565/779/91 1556/771/89 1564/778/91
f 1564/778/91 1554/770/89 1562/777/90
f 1562/777/90 1563/655/89 1571/784/91
f 1561/776/89 1552/767/88 1560/775/89
f 1560/775/89 1551/766/88 1559/774/89
f 1559/774/89 1550/765/88 1558/773/89
f 1558/773/89 1549/764/88 1557/772/89
f 1557/772/89 1548/763/88 1556/771/89
f 1556/771/89 1546/762/88 1554/770/89
f 1554/770/89 1555/769/88 1563/655/89
f 1553/768/88 1544/760/4 1552/767/88
f 1552/767/88 1543/759/4 1551/766/88
f 1551/766/88 1542/758/4 1550/765/88
f 1550/765/88 1541/757/4 1549/764/88
f 1549/764/88 1540/756/4 1548/763/88
f 1548/763/88 1538/755/4 1546/762/88
f 1546/762/88 1547/651/4 1555/769/88
f 1545/761/4 1536/752/87 1544/760/4
f 1544/760/4 1535/751/87 1543/759/4
f 1543/759/4 1534/750/87 1542/758/4
f 1542/758/4 1533/749/87 1541/757/4
f 1541/757/4 1532/748/87 1540/756/4
f 1540/756/4 1530/747/87 1538/755/4
f 1538/755/4 1539/754/87 1547/651/4
f 1537/753/87 1528/745/86 1536/752/87
f 1536/752/87 1527/744/86 1535/751/87
f 1535/751/87 1526/743/86 1534/750/87
f 1534/750/87 1525/742/86 1533/749/87
f 1533/749/87 1524/741/86 1532/748/87
f 1532/748/87 1522/740/86 1530/747/87
f 1530/747/87 1531/647/86 1539/754/87
f 1529/746/86 1520/737/82 1528/745/86
f 1528/745/86 1519/736/82 1527/744/86
f 1527/744/86 1518/735/84 1526/743/86
f 1526/743/86 1517/734/82 1525/742/86
f 1525/742/86 1516/733/83 1524/741/86
f 1524/741/86 1514/732/82 1522/740/86
f 1522/740/86 1523/739/84 1531/647/86
f 1521/738/85 1512/730/81 1520/737/82
f 1520/737/82 1511/729/81 1519/736/82
f 1519/736/82 1510/728/81 1518/735/84
f 1518/735/84 1509/727/81 1517/734/82
f 1517/734/82 1508/726/81 1516/733/83
f 1516/733/83 1506/725/81 1514/732/82
f 1514/732/82 1515/643/81 1523/739/84
f 1513/731/81 1504/722/79 1512/730/81
f 1512/730/81 1503/721/79 1511/729/81
f 1511/729/81 1502/720/79 1510/728/81
f 1510/728/81 1501/719/79 1509/727/81
f 1509/727/81 1500/718/79 1508/726/81
f 1508/726/81 1498/717/79 1506/725/81
f 1506/725/81 1507/724/80 1515/643/81
f 1505/723/79 1496/715/1 1504/722/79
f 1504/722/79 1495/714/1 1503/721/79
f 1503/721/79 1494/713/1 1502/720/79
f 1502/720/79 1493/712/1 1501/719/79
f 1501/719/79 1492/711/1 1500/718/79
f 1500/718/79 1490/710/1 1498/717/79
f 1498/717/79 1499/639/1 1507/724/80
f 1497/716/1 1488/707/77 1496/715/1
f 1496/715/1 1487/706/77 1495/714/1
f 1495/714/1 1486/705/77 1494/713/1
f 1494/713/1 1485/704/77 1493/712/1
f 1493/712/1 1484/703/77 1492/711/1
f 1492/711/1 1482/702/77 1490/710/1
f 1490/710/1 1491/709/77 1499/639/1
f 1489/708/78 1480/700/76 1488/707/77
f 1488/707/77 1479/699/76 1487/706/77
f 1487/706/77 1478/698/76 1486/705/77
f 1486/705/77 1477/697/76 1485/704/77
f 1485/704/77 1476/696/76 1484/703/77
f 1484/703/77 1474/695/76 1482/702/77
f 1482/702/77 1483/632/76 1491/709/77
f 1481/701/76 1472/690/75 1480/700/76
f 1480/700/76 1471/688/75 1479/699/76
f 1479/699/76 1470/686/75 1478/698/76
f 1478/698/76 1469/684/75 1477/697/76
f 1477/697/76 1468/682/75 1476/696/76
f 1476/696/76 1466/680/75 1474/695/76
f 1474/695/76 1475/694/75 1483/632/76
f 1473/692/75 1464/691/74 1472/690/75
f 1472/690/75 1463/689/74 1471/688/75
f 1471/688/75 1462/687/74 1470/686/75
f 1470/686/75 1461/685/74 1469/684/75
f 1469/684/75 1460/683/74 1468/682/75
f 1468/682/75 1458/681/74 1466/680/75
f 1466/680/75 1467/679/74 1475/694/75
f 1465/693/74 1454/852/100 1464/691/74
f 1464/691/74 1452/854/100 1463/689/74
f 1463/689/74 1450/855/100 1462/687/74
f 1462/687/74 1448/856/100 1461/685/74
f 1461/685/74 1446/857/100 1460/683/74
f 1460/683/74 1443/858/100 1458/681/74
f 1458/681/74 1459/859/100 1467/679/74
f 1456/853/100 1455/850/6 1454/852/100
f 1454/852/100 1453/849/6 1452/854/100
f 1452/854/100 1451/848/6 1450/855/100
f 1450/855/100 1449/847/6 1448/856/100
f 1448/856/100 1447/846/6 1446/857/100
f 1446/857/100 1444/845/6 1443/858/100
f 1443/858/100 1445/88/6 1459/859/100
f 1452/854/100 1464/691/74 1454/852/100
f 1450/855/100 1463/689/74 1452/854/100
f 1448/856/100 1462/687/74 1450/855/100
f 1446/857/100 1461/685/74 1448/856/100
f 1443/858/100 1460/683/74 1446/857/100
f 1459/859/100 1458/681/74 1443/858/100
f 1455/850/6 1456/853/100 1457/851/6
f 1453/849/6 1454/852/100 1455/850/6
f 1451/848/6 1452/854/100 1453/849/6
f 1449/847/6 1450/855/100 1451/848/6
f 1447/846/6 1448/856/100 1449/847/6
f 1444/845/6 1446/857/100 1447/846/6
f 1444/845/6 1634/844/99 1445/88/6
f 1445/88/6 1443/858/100 1444/845/6
f 2935/632/63 2934/633/3 2930/634/63
f 2930/634/63 2936/635/3 2932/636/63
f 2932/636/63 2937/637/3 2933/638/63
f 2939/639/3 2938/640/64 2934/633/3
f 2934/633/3 2940/641/64 2936/635/3
f 2936/635/3 2941/642/64 2937/637/3
f 2943/643/65 2942/644/66 2938/640/64
f 2938/640/64 2944/645/66 2940/641/64
f 2940/641/64 2945/646/66 2941/642/64
f 2947/647/66 2946/648/4 2942/644/66
f 2942/644/66 2948/649/4 2944/645/66
f 2944/645/66 2949/650/4 2945/646/66
f 2951/651/4 2950/652/101 2946/648/4
f 2946/648/4 2952/653/101 2948/649/4
f 2948/649/4 2953/654/101 2949/650/4
f 2955/655/102 2954/656/68 2950/652/101
f 2950/652/101 2956/657/68 2952/653/101
f 2952/653/101 2957/658/68 2953/654/101
f 2959/659/69 2958/660/5 2954/656/68
f 2954/656/68 2960/661/5 2956/657/68
f 2956/657/68 2961/662/5 2957/658/68
f 2963/663/5 2962/664/70 2958/660/5
f 2958/660/5 2964/665/70 2960/661/5
f 2960/661/5 2965/666/70 2961/662/5
f 2967/667/70 2966/668/103 2962/664/70
f 2962/664/70 2968/669/103 2964/665/70
f 2964/665/70 2969/670/103 2965/666/70
f 2970/671/103 2924/672/6 2966/668/103
f 2966/668/103 2927/673/6 2968/669/103
f 2968/669/103 2929/674/6 2969/670/103
f 2929/674/6 2968/669/103 2927/673/6
f 2927/673/6 2966/668/103 2924/672/6
f 2926/675/73 2933/638/63 2928/676/73
f 2969/670/103 2964/665/70 2968/669/103
f 2968/669/103 2962/664/70 2966/668/103
f 2966/668/103 2967/667/70 2970/671/103
f 2965/666/70 2960/661/5 2964/665/70
f 2964/665/70 2958/660/5 2962/664/70
f 2962/664/70 2963/663/5 2967/667/70
f 2961/662/5 2956/657/68 2960/661/5
f 2960/661/5 2954/656/68 2958/660/5
f 2958/660/5 2959/659/69 2963/663/5
f 2957/658/68 2952/653/101 2956/657/68
f 2956/657/68 2950/652/101 2954/656/68
f 2954/656/68 2955/655/102 2959/659/69
f 2953/654/101 2948/649/4 2952/653/101
f 2952/653/101 2946/648/4 2950/652/101
f 2950/652/101 2951/651/4 2955/655/102
f 2949/650/4 2944/645/66 2948/649/4
f 2948/649/4 2942/644/66 2946/648/4
f 2946/648/4 2947/647/66 2951/651/4
f 2945/646/66 2940/641/64 2944/645/66
f 2944/645/66 2938/640/64 2942/644/66
f 2942/644/66 2943/643/65 2947/647/66
f 2941/642/64 2936/635/3 2940/641/64
f 2940/641/64 2934/633/3 2938/640/64
f 2938/640/64 2939/639/3 2943/643/65
f 2937/637/3 2932/636/63 2936/635/3
f 2936/635/3 2930/634/63 2934/633/3
f 2934/633/3 2935/632/63 2939/639/3
f 2933/638/63 2926/675/73 2932/636/63
f 2932/636/63 2923/677/73 2930/634/63
f 2930/634/63 2931/678/73 2935/632/63
f 2928/676/73 2927/673/6 2926/675/73
f 2926/675/73 2924/672/6 2923/677/73
f 2923/677/73 2925/88/6 2931/678/73
f 2923/677/73 2932/636/63 2926/675/73
f 2931/678/73 2930/634/63 2923/677/73
f 2927/673/6 2928/676/73 2929/674/6
f 2924/672/6 2926/675/73 2927/673/6
f 2924/672/6 2970/671/103 2925/88/6
f 2925/88/6 2923/677/73 2924/672/6
f 3655/632/63 3654/633/3 3650/634/63
f 3650/634/63 3656/635/3 3652/636/63
f 3652/636/63 3657/637/3 3653/638/63
f 3659/639/3 3658/640/64 3654/633/3
f 3654/633/3 3660/641/64 3656/635/3
f 3656/635/3 3661/642/64 3657/637/3
f 3663/643/65 3662/644/66 3658/640/64
f 3658/640/64 3664/645/66 3660/641/64
f 3660/641/64 3665/646/66 3661/642/64
f 3667/647/104 3666/648/4 3662/644/66
f 3662/644/66 3668/649/4 3664/645/66
f 3664/645/66 3669/650/4 3665/646/66
f 3671/651/4 3670/652/101 3666/648/4
f 3666/648/4 3672/653/101 3668/649/4
f 3668/649/4 3673/654/101 3669/650/4
f 3675/655/102 3674/656/68 3670/652/101
f 3670/652/101 3676/657/68 3672/653/101
f 3672/653/101 3677/658/68 3673/654/101
f 3679/659/69 3678/660/5 3674/656/68
f 3674/656/68 3680/661/5 3676/657/68
f 3676/657/68 3681/662/5 3677/658/68
f 3683/663/5 3682/664/70 3678/660/5
f 3678/660/5 3684/665/70 3680/661/5
f 3680/661/5 3685/666/70 3681/662/5
f 3687/667/70 3686/668/103 3682/664/70
f 3682/664/70 3688/669/103 3684/665/70
f 3684/665/70 3689/670/103 3685/666/70
f 3690/671/103 3644/672/6 3686/668/103
f 3686/668/103 3647/673/6 3688/669/103
f 3688/669/103 3649/674/6 3689/670/103
f 3649/674/6 3688/669/103 3647/673/6
f 3647/673/6 3686/668/103 3644/672/6
f 3646/675/73 3653/638/63 3648/676/73
f 3689/670/103 3684/665/70 3688/669/103
f 3688/669/103 3682/664/70 3686/668/103
f 3686/668/103 3687/667/70 3690/671/103
f 3685/666/70 3680/661/5 3684/665/70
f 3684/665/70 3678/660/5 3682/664/70
f 3682/664/70 3683/663/5 3687/667/70
f 3681/662/5 3676/657/68 3680/661/5
f 3680/661/5 3674/656/68 3678/660/5
f 3678/660/5 3679/659/69 3683/663/5
f 3677/658/68 3672/653/101 3676/657/68
f 3676/657/68 3670/652/101 3674/656/68
f 3674/656/68 3675/655/102 3679/659/69
f 3673/654/101 3668/649/4 3672/653/101
f 3672/653/101 3666/648/4 3670/652/101
f 3670/652/101 3671/651/4 3675/655/102
f 3669/650/4 3664/645/66 3668/649/4
f 3668/649/4 3662/644/66 3666/648/4
f 3666/648/4 3667/647/104 3671/651/4
f 3665/646/66 3660/641/64 3664/645/66
f 3664/645/66 3658/640/64 3662/644/66
f 3662/644/66 3663/643/65 3667/647/104
f 3661/642/64 3656/635/3 3660/641/64
f 3660/641/64 3654/633/3 3658/640/64
f 3658/640/64 3659/639/3 3663/643/65
f 3657/637/3 3652/636/63 3656/635/3
f 3656/635/3 3650/634/63 3654/633/3
f 3654/633/3 3655/632/63 3659/639/3
f 3653/638/63 3646/675/73 3652/636/63
f 3652/636/63 3643/677/73 3650/634/63
f 3650/634/63 3651/678/73 3655/632/63
f 3648/676/73 3647/673/6 3646/675/73
f 3646/675/73 3644/672/6 3643/677/73
f 3643/677/73 3645/88/6 3651/678/73
f 3643/677/73 3652/636/63 3646/675/73
f 3651/678/73 3650/634/63 3643/677/73
f 3647/673/6 3648/676/73 3649/674/6
f 3644/672/6 3646/675/73 3647/673/6
f 3644/672/6 3690/671/103 3645/88/6
f 3645/88/6 3643/677/73 3644/672/6
f 5351/679/74 5350/680/75 5342/681/74
f 5342/681/74 5352/682/75 5344/683/74
f 5344/683/74 5353/684/75 5345/685/74
f 5345/685/74 5354/686/75 5346/687/74
f 5346/687/74 5355/688/75 5347/689/74
f 5347/689/74 5356/690/75 5348/691/74
f 5348/691/74 5357/692/75 5349/693/74
f 5359/694/75 5358/695/76 5350/680/75
f 5350/680/75 5360/696/76 5352/682/75
f 5352/682/75 5361/697/76 5353/684/75
f 5353/684/75 5362/698/76 5354/686/75
f 5354/686/75 5363/699/76 5355/688/75
f 5355/688/75 5364/700/76 5356/690/75
f 5356/690/75 5365/701/76 5357/692/75
f 5367/632/76 5366/702/77 5358/695/76
f 5358/695/76 5368/703/77 5360/696/76
f 5360/696/76 5369/704/77 5361/697/76
f 5361/697/76 5370/705/77 5362/698/76
f 5362/698/76 5371/706/77 5363/699/76
f 5363/699/76 5372/707/77 5364/700/76
f 5364/700/76 5373/708/77 5365/701/76
f 5375/709/77 5374/710/1 5366/702/77
f 5366/702/77 5376/711/1 5368/703/77
f 5368/703/77 5377/712/1 5369/704/77
f 5369/704/77 5378/713/1 5370/705/77
f 5370/705/77 5379/714/1 5371/706/77
f 5371/706/77 5380/715/1 5372/707/77
f 5372/707/77 5381/716/1 5373/708/77
f 5383/639/1 5382/717/79 5374/710/1
f 5374/710/1 5384/718/79 5376/711/1
f 5376/711/1 5385/719/79 5377/712/1
f 5377/712/1 5386/720/79 5378/713/1
f 5378/713/1 5387/721/79 5379/714/1
f 5379/714/1 5388/722/79 5380/715/1
f 5380/715/1 5389/723/79 5381/716/1
f 5391/724/79 5390/725/81 5382/717/79
f 5382/717/79 5392/726/81 5384/718/79
f 5384/718/79 5393/727/81 5385/719/79
f 5385/719/79 5394/728/81 5386/720/79
f 5386/720/79 5395/729/81 5387/721/79
f 5387/721/79 5396/730/81 5388/722/79
f 5388/722/79 5397/731/81 5389/723/79
f 5399/643/81 5398/732/83 5390/725/81
f 5390/725/81 5400/733/83 5392/726/81
f 5392/726/81 5401/734/83 5393/727/81
f 5393/727/81 5402/735/83 5394/728/81
f 5394/728/81 5403/736/83 5395/729/81
f 5395/729/81 5404/737/83 5396/730/81
f 5396/730/81 5405/738/83 5397/731/81
f 5407/739/83 5406/740/105 5398/732/83
f 5398/732/83 5408/741/105 5400/733/83
f 5400/733/83 5409/742/105 5401/734/83
f 5401/734/83 5410/743/105 5402/735/83
f 5402/735/83 5411/744/105 5403/736/83
f 5403/736/83 5412/745/105 5404/737/83
f 5404/737/83 5413/746/105 5405/738/83
f 5415/647/105 5414/747/106 5406/740/105
f 5406/740/105 5416/748/106 5408/741/105
f 5408/741/105 5417/749/106 5409/742/105
f 5409/742/105 5418/750/106 5410/743/105
f 5410/743/105 5419/751/106 5411/744/105
f 5411/744/105 5420/752/106 5412/745/105
f 5412/745/105 5421/753/106 5413/746/105
f 5423/754/106 5422/755/4 5414/747/106
f 5414/747/106 5424/756/4 5416/748/106
f 5416/748/106 5425/757/4 5417/749/106
f 5417/749/106 5426/758/4 5418/750/106
f 5418/750/106 5427/759/4 5419/751/106
f 5419/751/106 5428/760/4 5420/752/106
f 5420/752/106 5429/761/4 5421/753/106
f 5431/651/4 5430/762/107 5422/755/4
f 5422/755/4 5432/763/107 5424/756/4
f 5424/756/4 5433/764/107 5425/757/4
f 5425/757/4 5434/765/107 5426/758/4
f 5426/758/4 5435/766/107 5427/759/4
f 5427/759/4 5436/767/107 5428/760/4
f 5428/760/4 5437/768/107 5429/761/4
f 5439/769/107 5438/770/108 5430/762/107
f 5430/762/107 5440/771/108 5432/763/107
f 5432/763/107 5441/772/108 5433/764/107
f 5433/764/107 5442/773/108 5434/765/107
f 5434/765/107 5443/774/108 5435/766/107
f 5435/766/107 5444/775/108 5436/767/107
f 5436/767/107 5445/776/108 5437/768/107
f 5447/655/108 5446/777/109 5438/770/108
f 5438/770/108 5448/778/109 5440/771/108
f 5440/771/108 5449/779/109 5441/772/108
f 5441/772/108 5450/780/109 5442/773/108
f 5442/773/108 5451/781/109 5443/774/108
f 5443/774/108 5452/782/109 5444/775/108
f 5444/775/108 5453/783/109 5445/776/108
f 5455/784/109 5454/785/92 5446/777/109
f 5446/777/109 5456/786/92 5448/778/109
f 5448/778/109 5457/787/92 5449/779/109
f 5449/779/109 5458/788/92 5450/780/109
f 5450/780/109 5459/789/92 5451/781/109
f 5451/781/109 5460/790/92 5452/782/109
f 5452/782/109 5461/791/92 5453/783/109
f 5463/659/92 5462/792/93 5454/785/92
f 5454/785/92 5464/793/93 5456/786/92
f 5456/786/92 5465/794/93 5457/787/92
f 5457/787/92 5466/795/93 5458/788/92
f 5458/788/92 5467/796/93 5459/789/92
f 5459/789/92 5468/797/93 5460/790/92
f 5460/790/92 5469/798/110 5461/791/92
f 5471/799/110 5470/800/2 5462/792/93
f 5462/792/93 5472/801/2 5464/793/93
f 5464/793/93 5473/802/2 5465/794/93
f 5465/794/93 5474/803/2 5466/795/93
f 5466/795/93 5475/804/2 5467/796/93
f 5467/796/93 5476/805/2 5468/797/93
f 5468/797/93 5477/806/2 5469/798/110
f 5479/663/2 5478/807/94 5470/800/2
f 5470/800/2 5480/808/94 5472/801/2
f 5472/801/2 5481/809/94 5473/802/2
f 5473/802/2 5482/810/94 5474/803/2
f 5474/803/2 5483/811/94 5475/804/2
f 5475/804/2 5484/812/94 5476/805/2
f 5476/805/2 5485/813/94 5477/806/2
f 5487/814/94 5486/815/95 5478/807/94
f 5478/807/94 5488/816/95 5480/808/94
f 5480/808/94 5489/817/95 5481/809/94
f 5481/809/94 5490/818/95 5482/810/94
f 5482/810/94 5491/819/95 5483/811/94
f 5483/811/94 5492/820/95 5484/812/94
f 5484/812/94 5493/821/95 5485/813/94
f 5495/667/95 5494/822/96 5486/815/95
f 5486/815/95 5496/823/96 5488/816/95
f 5488/816/95 5497/824/96 5489/817/95
f 5489/817/95 5498/825/96 5490/818/95
f 5490/818/95 5499/826/96 5491/819/95
f 5491/819/95 5500/827/96 5492/820/95
f 5492/820/95 5501/828/96 5493/821/95
f 5503/829/96 5502/830/97 5494/822/96
f 5494/822/96 5504/831/97 5496/823/96
f 5496/823/96 5505/832/97 5497/824/96
f 5497/824/96 5506/833/97 5498/825/96
f 5498/825/96 5507/834/97 5499/826/96
f 5499/826/96 5508/835/97 5500/827/96
f 5500/827/96 5509/836/97 5501/828/96
f 5511/671/97 5510/837/98 5502/830/97
f 5502/830/97 5512/838/98 5504/831/97
f 5504/831/97 5513/839/98 5505/832/97
f 5505/832/97 5514/840/98 5506/833/97
f 5506/833/97 5515/841/98 5507/834/97
f 5507/834/97 5516/842/98 5508/835/97
f 5508/835/97 5517/843/98 5509/836/97
f 5518/844/99 5328/845/6 5510/837/98
f 5510/837/98 5331/846/6 5512/838/98
f 5512/838/98 5333/847/6 5513/839/98
f 5513/839/98 5335/848/6 5514/840/98
f 5514/840/98 5337/849/6 5515/841/98
f 5515/841/98 5339/850/6 5516/842/98
f 5516/842/98 5341/851/6 5517/843/98
f 5341/851/6 5516/842/98 5339/850/6
f 5339/850/6 5515/841/98 5337/849/6
f 5337/849/6 5514/840/98 5335/848/6
f 5335/848/6 5513/839/98 5333/847/6
f 5333/847/6 5512/838/98 5331/846/6
f 5331/846/6 5510/837/98 5328/845/6
f 5338/852/100 5349/693/74 5340/853/100
f 5517/843/98 5508/835/97 5516/842/98
f 5516/842/98 5507/834/97 5515/841/98
f 5515/841/98 5506/833/97 5514/840/98
f 5514/840/98 5505/832/97 5513/839/98
f 5513/839/98 5504/831/97 5512/838/98
f 5512/838/98 5502/830/97 5510/837/98
f 5510/837/98 5511/671/97 5518/844/99
f 5509/836/97 5500/827/96 5508/835/97
f 5508/835/97 5499/826/96 5507/834/97
f 5507/834/97 5498/825/96 5506/833/97
f 5506/833/97 5497/824/96 5505/832/97
f 5505/832/97 5496/823/96 5504/831/97
f 5504/831/97 5494/822/96 5502/830/97
f 5502/830/97 5503/829/96 5511/671/97
f 5501/828/96 5492/820/95 5500/827/96
f 5500/827/96 5491/819/95 5499/826/96
f 5499/826/96 5490/818/95 5498/825/96
f 5498/825/96 5489/817/95 5497/824/96
f 5497/824/96 5488/816/95 5496/823/96
f 5496/823/96 5486/815/95 5494/822/96
f 5494/822/96 5495/667/95 5503/829/96
f 5493/821/95 5484/812/94 5492/820/95
f 5492/820/95 5483/811/94 5491/819/95
f 5491/819/95 5482/810/94 5490/818/95
f 5490/818/95 5481/809/94 5489/817/95
f 5489/817/95 5480/808/94 5488/816/95
f 5488/816/95 5478/807/94 5486/815/95
f 5486/815/95 5487/814/94 5495/667/95
f 5485/813/94 5476/805/2 5484/812/94
f 5484/812/94 5475/804/2 5483/811/94
f 5483/811/94 5474/803/2 5482/810/94
f 5482/810/94 5473/802/2 5481/809/94
f 5481/809/94 5472/801/2 5480/808/94
f 5480/808/94 5470/800/2 5478/807/94
f 5478/807/94 5479/663/2 5487/814/94
f 5477/806/2 5468/797/93 5476/805/2
f 5476/805/2 5467/796/93 5475/804/2
f 5475/804/2 5466/795/93 5474/803/2
f 5474/803/2 5465/794/93 5473/802/2
f 5473/802/2 5464/793/93 5472/801/2
f 5472/801/2 5462/792/93 5470/800/2
f 5470/800/2 5471/799/110 5479/663/2
f 5469/798/110 5460/790/92 5468/797/93
f 5468/797/93 5459/789/92 5467/796/93
f 5467/796/93 5458/788/92 5466/795/93
f 5466/795/93 5457/787/92 5465/794/93
f 5465/794/93 5456/786/92 5464/793/93
f 5464/793/93 5454/785/92 5462/792/93
f 5462/792/93 5463/659/92 5471/799/110
f 5461/791/92 5452/782/109 5460/790/92
f 5460/790/92 5451/781/109 5459/789/92
f 5459/789/92 5450/780/109 5458/788/92
f 5458/788/92 5449/779/109 5457/787/92
f 5457/787/92 5448/778/109 5456/786/92
f 5456/786/92 5446/777/109 5454/785/92
f 5454/785/92 5455/784/109 5463/659/92
f 5453/783/109 5444/775/108 5452/782/109
f 5452/782/109 5443/774/108 5451/781/109
f 5451/781/109 5442/773/108 5450/780/109
f 5450/780/109 5441/772/108 5449/779/109
f 5449/779/109 5440/771/108 5448/778/109
f 5448/778/109 5438/770/108 5446/777/109
f 5446/777/109 5447/655/108 5455/784/109
f 5445/776/108 5436/767/107 5444/775/108
f 5444/775/108 5435/766/107 5443/774/108
f 5443/774/108 5434/765/107 5442/773/108
f 5442/773/108 5433/764/107 5441/772/108
f 5441/772/108 5432/763/107 5440/771/108
f 5440/771/108 5430/762/107 5438/770/108
f 5438/770/108 5439/769/107 5447/655/108
f 5437/768/107 5428/760/4 5436/767/107
f 5436/767/107 5427/759/4 5435/766/107
f 5435/766/107 5426/758/4 5434/765/107
f 5434/765/107 5425/757/4 5433/764/107
f 5433/764/107 5424/756/4 5432/763/107
f 5432/763/107 5422/755/4 5430/762/107
f 5430/762/107 5431/651/4 5439/769/107
f 5429/761/4 5420/752/106 5428/760/4
f 5428/760/4 5419/751/106 5427/759/4
f 5427/759/4 5418/750/106 5426/758/4
f 5426/758/4 5417/749/106 5425/757/4
f 5425/757/4 5416/748/106 5424/756/4
f 5424/756/4 5414/747/106 5422/755/4
f 5422/755/4 5423/754/106 5431/651/4
f 5421/753/106 5412/745/105 5420/752/106
f 5420/752/106 5411/744/105 5419/751/106
f 5419/751/106 5410/743/105 5418/750/106
f 5418/750/106 5409/742/105 5417/749/106
f 5417/749/106 5408/741/105 5416/748/106
f 5416/748/106 5406/740/105 5414/747/106
f 5414/747/106 5415/647/105 5423/754/106
f 5413/746/105 5404/737/83 5412/745/105
f 5412/745/105 5403/736/83 5411/744/105
f 5411/744/105 5402/735/83 5410/743/105
f 5410/743/105 5401/734/83 5409/742/105
f 5409/742/105 5400/733/83 5408/741/105
f 5408/741/105 5398/732/83 5406/740/105
f 5406/740/105 5407/739/83 5415/647/105
f 5405/738/83 5396/730/81 5404/737/83
f 5404/737/83 5395/729/81 5403/736/83
f 5403/736/83 5394/728/81 5402/735/83
f 5402/735/83 5393/727/81 5401/734/83
f 5401/734/83 5392/726/81 5400/733/83
f 5400/733/83 5390/725/81 5398/732/83
f 5398/732/83 5399/643/81 5407/739/83
f 5397/731/81 5388/722/79 5396/730/81
f 5396/730/81 5387/721/79 5395/729/81
f 5395/729/81 5386/720/79 5394/728/81
f 5394/728/81 5385/719/79 5393/727/81
f 5393/727/81 5384/718/79 5392/726/81
f 5392/726/81 5382/717/79 5390/725/81
f 5390/725/81 5391/724/79 5399/643/81
f 5389/723/79 5380/715/1 5388/722/79
f 5388/722/79 5379/714/1 5387/721/79
f 5387/721/79 5378/713/1 5386/720/79
f 5386/720/79 5377/712/1 5385/719/79
f 5385/719/79 5376/711/1 5384/718/79
f 5384/718/79 5374/710/1 5382/717/79
f 5382/717/79 5383/639/1 5391/724/79
f 5381/716/1 5372/707/77 5380/715/1
f 5380/715/1 5371/706/77 5379/714/1
f 5379/714/1 5370/705/77 5378/713/1
f 5378/713/1 5369/704/77 5377/712/1
f 5377/712/1 5368/703/77 5376/711/1
f 5376/711/1 5366/702/77 5374/710/1
f 5374/710/1 5375/709/77 5383/639/1
f 5373/708/77 5364/700/76 5372/707/77
f 5372/707/77 5363/699/76 5371/706/77
f 5371/706/77 5362/698/76 5370/705/77
f 5370/705/77 5361/697/76 5369/704/77
f 5369/704/77 5360/696/76 5368/703/77
f 5368/703/77 5358/695/76 5366/702/77
f 5366/702/77 5367/632/76 5375/709/77
f 5365/701/76 5356/690/75 5364/700/76
f 5364/700/76 5355/688/75 5363/699/76
f 5363/699/76 5354/686/75 5362/698/76
f 5362/698/76 5353/684/75 5361/697/76
f 5361/697/76 5352/682/75 5360/696/76
f 5360/696/76 5350/680/75 5358/695/76
f 5358/695/76 5359/694/75 5367/632/76
f 5357/692/75 5348/691/74 5356/690/75
f 5356/690/75 5347/689/74 5355/688/75
f 5355/688/75 5346/687/74 5354/686/75
f 5354/686/75 5345/685/74 5353/684/75
f 5353/684/75 5344/683/74 5352/682/75
f 5352/682/75 5342/681/74 5350/680/75
f 5350/680/75 5351/679/74 5359/694/75
f 5349/693/74 5338/852/100 5348/691/74
f 5348/691/74 5336/854/100 5347/689/74
f 5347/689/74 5334/855/100 5346/687/74
f 5346/687/74 5332/856/100 5345/685/74
f 5345/685/74 5330/857/100 5344/683/74
f 5344/683/74 5327/858/100 5342/681/74
f 5342/681/74 5343/859/100 5351/679/74
f 5340/853/100 5339/850/6 5338/852/100
f 5338/852/100 5337/849/6 5336/854/100
f 5336/854/100 5335/848/6 5334/855/100
f 5334/855/100 5333/847/6 5332/856/100
f 5332/856/100 5331/846/6 5330/857/100
f 5330/857/100 5328/845/6 5327/858/100
f 5327/858/100 5329/88/6 5343/859/100
f 5336/854/100 5348/691/74 5338/852/100
f 5334/855/100 5347/689/74 5336/854/100
f 5332/856/100 5346/687/74 5334/855/100
f 5330/857/100 5345/685/74 5332/856/100
f 5327/858/100 5344/683/74 5330/857/100
f 5343/859/100 5342/681/74 5327/858/100
f 5339/850/6 5340/853/100 5341/851/6
f 5337/849/6 5338/852/100 5339/850/6
f 5335/848/6 5336/854/100 5337/849/6
f 5333/847/6 5334/855/100 5335/848/6
f 5331/846/6 5332/856/100 5333/847/6
f 5328/845/6 5330/857/100 5331/846/6
f 5328/845/6 5518/844/99 5329/88/6
f 5329/88/6 5327/858/100 5328/845/6
f 6819/632/63 6818/633/3 6814/634/63
f 6814/634/63 6820/635/3 6816/636/63
f 6816/636/63 6821/637/3 6817/638/63
f 6823/639/3 6822/640/64 6818/633/3
f 6818/633/3 6824/641/64 6820/635/3
f 6820/635/3 6825/642/64 6821/637/3
f 6827/643/65 6826/644/66 6822/640/64
f 6822/640/64 6828/645/66 6824/641/64
f 6824/641/64 6829/646/66 6825/642/64
f 6831/647/66 6830/648/4 6826/644/66
f 6826/644/66 6832/649/4 6828/645/66
f 6828/645/66 6833/650/4 6829/646/66
f 6835/651/4 6834/652/67 6830/648/4
f 6830/648/4 6836/653/67 6832/649/4
f 6832/649/4 6837/654/67 6833/650/4
f 6839/655/67 6838/656/68 6834/652/67
f 6834/652/67 6840/657/68 6836/653/67
f 6836/653/67 6841/658/68 6837/654/67
f 6843/659/69 6842/660/5 6838/656/68
f 6838/656/68 6844/661/5 6840/657/68
f 6840/657/68 6845/662/5 6841/658/68
f 6847/663/5 6846/664/70 6842/660/5
f 6842/660/5 6848/665/70 6844/661/5
f 6844/661/5 6849/666/70 6845/662/5
f 6851/667/70 6850/668/72 6846/664/70
f 6846/664/70 6852/669/72 6848/665/70
f 6848/665/70 6853/670/72 6849/666/70
f 6854/671/72 6808/672/6 6850/668/72
f 6850/668/72 6811/673/6 6852/669/72
f 6852/669/72 6813/674/6 6853/670/72
f 6813/674/6 6852/669/72 6811/673/6
f 6811/673/6 6850/668/72 6808/672/6
f 6810/675/73 6817/638/63 6812/676/73
f 6853/670/72 6848/665/70 6852/669/72
f 6852/669/72 6846/664/70 6850/668/72
f 6850/668/72 6851/667/70 6854/671/72
f 6849/666/70 6844/661/5 6848/665/70
f 6848/665/70 6842/660/5 6846/664/70
f 6846/664/70 6847/663/5 6851/667/70
f 6845/662/5 6840/657/68 6844/661/5
f 6844/661/5 6838/656/68 6842/660/5
f 6842/660/5 6843/659/69 6847/663/5
f 6841/658/68 6836/653/67 6840/657/68
f 6840/657/68 6834/652/67 6838/656/68
f 6838/656/68 6839/655/67 6843/659/69
f 6837/654/67 6832/649/4 6836/653/67
f 6836/653/67 6830/648/4 6834/652/67
f 6834/652/67 6835/651/4 6839/655/67
f 6833/650/4 6828/645/66 6832/649/4
f 6832/649/4 6826/644/66 6830/648/4
f 6830/648/4 6831/647/66 6835/651/4
f 6829/646/66 6824/641/64 6828/645/66
f 6828/645/66 6822/640/64 6826/644/66
f 6826/644/66 6827/643/65 6831/647/66
f 6825/642/64 6820/635/3 6824/641/64
f 6824/641/64 6818/633/3 6822/640/64
f 6822/640/64 6823/639/3 6827/643/65
f 6821/637/3 6816/636/63 6820/635/3
f 6820/635/3 6814/634/63 6818/633/3
f 6818/633/3 6819/632/63 6823/639/3
f 6817/638/63 6810/675/73 6816/636/63
f 6816/636/63 6807/677/73 6814/634/63
f 6814/634/63 6815/678/73 6819/632/63
f 6812/676/73 6811/673/6 6810/675/73
f 6810/675/73 6808/672/6 6807/677/73
f 6807/677/73 6809/88/6 6815/678/73
f 6807/677/73 6816/636/63 6810/675/73
f 6815/678/73 6814/634/63 6807/677/73
f 6811/673/6 6812/676/73 6813/674/6
f 6808/672/6 6810/675/73 6811/673/6
f 6808/672/6 6854/671/72 6809/88/6
f 6809/88/6 6807/677/73 6808/672/6
f 10693/632/111 10692/633/3 10688/634/63
f 10688/634/63 10694/635/3 10690/636/63
f 10690/636/63 10695/637/3 10691/638/63
f 10697/639/3 10696/640/64 10692/633/3
f 10692/633/3 10698/641/64 10694/635/3
f 10694/635/3 10699/642/112 10695/637/3
f 10701/643/65 10700/644/66 10696/640/64
f 10696/640/64 10702/645/66 10698/641/64
f 10698/641/64 10703/646/66 10699/642/112
f 10705/647/66 10704/648/4 10700/644/66
f 10700/644/66 10706/649/4 10702/645/66
f 10702/645/66 10707/650/4 10703/646/66
f 10709/651/4 10708/652/101 10704/648/4
f 10704/648/4 10710/653/101 10706/649/4
f 10706/649/4 10711/654/101 10707/650/4
f 10713/655/102 10712/656/68 10708/652/101
f 10708/652/101 10714/657/68 10710/653/101
f 10710/653/101 10715/658/68 10711/654/101
f 10717/659/69 10716/660/5 10712/656/68
f 10712/656/68 10718/661/5 10714/657/68
f 10714/657/68 10719/662/5 10715/658/68
f 10721/663/5 10720/664/70 10716/660/5
f 10716/660/5 10722/665/70 10718/661/5
f 10718/661/5 10723/666/70 10719/662/5
f 10725/667/70 10724/668/103 10720/664/70
f 10720/664/70 10726/669/103 10722/665/70
f 10722/665/70 10727/670/103 10723/666/70
f 10728/671/103 10682/672/6 10724/668/103
f 10724/668/103 10685/673/6 10726/669/103
f 10726/669/103 10687/674/6 10727/670/103
f 10687/674/6 10726/669/103 10685/673/6
f 10685/673/6 10724/668/103 10682/672/6
f 10684/675/73 10691/638/63 10686/676/73
f 10727/670/103 10722/665/70 10726/669/103
f 10726/669/103 10720/664/70 10724/668/103
f 10724/668/103 10725/667/70 10728/671/103
f 10723/666/70 10718/661/5 10722/665/70
f 10722/665/70 10716/660/5 10720/664/70
f 10720/664/70 10721/663/5 10725/667/70
f 10719/662/5 10714/657/68 10718/661/5
f 10718/661/5 10712/656/68 10716/660/5
f 10716/660/5 10717/659/69 10721/663/5
f 10715/658/68 10710/653/101 10714/657/68
f 10714/657/68 10708/652/101 10712/656/68
f 10712/656/68 10713/655/102 10717/659/69
f 10711/654/101 10706/649/4 10710/653/101
f 10710/653/101 10704/648/4 10708/652/101
f 10708/652/101 10709/651/4 10713/655/102
f 10707/650/4 10702/645/66 10706/649/4
f 10706/649/4 10700/644/66 10704/648/4
f 10704/648/4 10705/647/66 10709/651/4
f 10703/646/66 10698/641/64 10702/645/66
f 10702/645/66 10696/640/64 10700/644/66
f 10700/644/66 10701/643/65 10705/647/66
f 10699/642/112 10694/635/3 10698/641/64
f 10698/641/64 10692/633/3 10696/640/64
f 10696/640/64 10697/639/3 10701/643/65
f 10695/637/3 10690/636/63 10694/635/3
f 10694/635/3 10688/634/63 10692/633/3
f 10692/633/3 10693/632/111 10697/639/3
f 10691/638/63 10684/675/73 10690/636/63
f 10690/636/63 10681/677/73 10688/634/63
f 10688/634/63 10689/678/73 10693/632/111
f 10686/676/73 10685/673/6 10684/675/73
f 10684/675/73 10682/672/6 10681/677/73
f 10681/677/73 10683/88/6 10689/678/73
f 10681/677/73 10690/636/63 10684/675/73
f 10689/678/73 10688/634/63 10681/677/73
f 10685/673/6 10686/676/73 10687/674/6
f 10682/672/6 10684/675/73 10685/673/6
f 10682/672/6 10728/671/103 10683/88/6
f 10683/88/6 10681/677/73 10682/672/6
usemtl mat3.005
f 1388/860/113 1387/861/114 1386/862/114
f 1371/863/115 1369/864/5 1370/88/5
f 1373/865/116 1372/866/115 1371/863/115
f 1375/867/117 1374/868/116 1373/865/116
f 1377/869/118 1376/870/117 1375/867/117
f 1379/871/119 1378/872/118 1377/869/118
f 1381/873/120 1380/874/119 1379/871/119
f 1383/875/121 1382/876/120 1381/873/120
f 1390/877/122 1389/878/113 1388/860/113
f 1392/879/123 1391/880/122 1390/877/122
f 1394/881/124 1393/882/123 1392/879/123
f 1396/883/125 1395/884/124 1394/881/124
f 1398/651/3 1397/885/125 1396/883/125
f 1401/886/126 1399/887/127 1400/888/128
f 1403/889/129 1399/887/127 1402/890/129
f 1399/887/127 1403/889/129 1404/891/130
f 1399/887/127 1404/891/130 1400/888/128
f 1407/892/131 1405/893/132 1406/894/133
f 1409/895/134 1405/893/132 1408/896/135
f 1408/896/135 1383/875/121 1410/897/136
f 1410/897/136 1383/875/121 1411/898/133
f 1383/875/121 1408/896/135 1405/893/132
f 1405/893/132 1409/895/134 1406/894/133
f 1412/899/131 1383/875/121 1399/887/127
f 1383/875/121 1412/899/131 1411/898/133
f 1415/900/129 1413/901/137 1414/902/138
f 1414/902/138 1413/901/137 1416/903/130
f 1416/903/130 1413/901/137 1417/904/128
f 1418/905/139 1413/901/137 1407/892/131
f 1413/901/137 1418/905/139 1417/904/128
f 1420/906/140 1419/907/129 1415/900/129
f 1419/907/129 1420/906/140 1421/908/141
f 1424/909/142 1422/910/143 1423/911/144
f 1425/912/141 1422/910/143 1421/908/141
f 1422/910/143 1425/912/141 1426/913/145
f 1422/910/143 1426/913/145 1423/911/144
f 1428/914/146 1385/915/147 1427/916/148
f 1429/917/149 1385/915/147 1384/918/150
f 1385/915/147 1429/917/149 1430/919/151
f 1432/920/152 1384/918/150 1431/921/148
f 1384/918/150 1432/920/152 1429/917/149
f 1433/922/146 1384/918/150 1422/910/143
f 1384/918/150 1433/922/146 1431/921/148
f 1385/915/147 1430/919/151 1427/916/148
f 1436/923/141 1434/924/153 1435/925/154
f 1435/925/154 1434/924/153 1437/926/155
f 1437/926/155 1434/924/153 1438/927/144
f 1439/928/156 1434/924/153 1428/914/146
f 1434/924/153 1439/928/156 1438/927/144
f 1441/929/157 1440/930/141 1436/923/141
f 1440/930/141 1441/929/157 1402/890/129
f 1402/890/129 1441/929/157 1403/889/129
f 1369/864/5 1371/863/115 1372/866/115
f 1434/924/153 1436/923/141 1440/930/141
f 1385/915/147 1428/914/146 1434/924/153
f 1422/910/143 1424/909/142 1433/922/146
f 1421/908/141 1420/906/140 1425/912/141
f 1413/901/137 1415/900/129 1419/907/129
f 1405/893/132 1407/892/131 1413/901/137
f 1399/887/127 1401/886/126 1412/899/131
f 1397/885/125 1398/651/3 1442/931/3
f 1395/884/124 1396/883/125 1397/885/125
f 1393/882/123 1394/881/124 1395/884/124
f 1391/880/122 1392/879/123 1393/882/123
f 1389/878/113 1390/877/122 1391/880/122
f 1387/861/114 1388/860/113 1389/878/113
f 1384/918/150 1386/862/114 1387/861/114
f 1382/876/120 1383/875/121 1405/893/132
f 1380/874/119 1381/873/120 1382/876/120
f 1378/872/118 1379/871/119 1380/874/119
f 1376/870/117 1377/869/118 1378/872/118
f 1374/868/116 1375/867/117 1376/870/117
f 1372/866/115 1373/865/116 1374/868/116
f 1386/862/114 1384/918/150 1385/915/147
f 1367/932/5 1365/933/5 1366/934/5
f 1365/933/5 1367/932/5 1368/935/5
f 1341/936/4 1352/937/4 1363/938/4
f 1340/939/4 1360/940/4 1364/941/4
f 1351/942/4 1350/943/4 1361/944/4
f 1355/945/4 1338/946/4 1356/947/4
f 1362/948/4 1363/938/4 1347/949/4
f 1351/942/4 1358/950/4 1340/939/4
f 1359/951/4 1340/939/4 1364/941/4
f 1335/952/4 1354/953/4 1345/954/4
f 1363/938/4 1362/948/4 1341/936/4
f 1347/949/4 1349/955/4 1362/948/4
f 1357/956/4 1351/942/4 1361/944/4
f 1360/940/4 1340/939/4 1358/950/4
f 1338/946/4 1340/939/4 1359/951/4
f 1335/952/4 1356/947/4 1353/957/4
f 1341/936/4 1344/958/4 1342/959/4
f 1347/949/4 1351/942/4 1348/960/4
f 1337/961/4 1335/952/4 1336/962/4
f 1340/939/4 1338/946/4 1339/963/4
f 1343/964/4 1341/936/4 1342/959/4
f 1344/958/4 1341/936/4 1337/961/4
f 1336/962/4 1335/952/4 1345/954/4
f 1339/963/4 1338/946/4 1346/965/4
f 1349/955/4 1347/949/4 1348/960/4
f 1351/942/4 1347/949/4 1350/943/4
f 1341/936/4 1343/964/4 1352/937/4
f 1335/952/4 1337/961/4 1341/936/4
f 1354/953/4 1335/952/4 1353/957/4
f 1356/947/4 1335/952/4 1355/945/4
f 1346/965/4 1338/946/4 1355/945/4
f 1358/950/4 1351/942/4 1357/956/4
f 1333/966/5 1331/967/5 1332/968/5
f 1331/967/5 1333/966/5 1334/969/5
f 1288/970/6 1314/971/6 1312/972/6
f 1310/973/6 1312/972/6 1329/974/6
f 1330/975/6 1312/972/6 1314/971/6
f 1323/976/6 1321/977/6 1309/978/6
f 1328/979/6 1312/972/6 1330/975/6
f 1327/980/6 1306/981/6 1280/982/6
f 1291/983/6 1294/984/6 1318/985/6
f 1329/974/6 1312/972/6 1328/979/6
f 1306/981/6 1323/976/6 1310/973/6
f 1326/986/6 1323/976/6 1327/980/6
f 1299/987/6 1320/988/6 1319/989/6
f 1275/990/6 1277/991/6 1300/992/6
f 1325/993/6 1310/973/6 1323/976/6
f 1306/981/6 1327/980/6 1323/976/6
f 1303/994/6 1291/983/6 1289/995/6
f 1307/996/6 1280/982/6 1306/981/6
f 1275/990/6 1290/997/6 1302/998/6
f 1275/990/6 1301/999/6 1284/1000/6
f 1305/1001/6 1288/970/6 1287/1002/6
f 1295/1003/6 1299/987/6 1296/1004/6
f 1304/1005/6 1294/984/6 1299/987/6
f 1293/1006/6 1291/983/6 1303/994/6
f 1289/995/6 1292/1007/6 1290/997/6
f 1276/1008/6 1275/990/6 1302/998/6
f 1301/999/6 1275/990/6 1300/992/6
f 1284/1000/6 1288/970/6 1285/1009/6
f 1299/987/6 1295/1003/6 1298/1010/6
f 1297/1011/6 1295/1003/6 1296/1004/6
f 1294/984/6 1291/983/6 1293/1006/6
f 1292/1007/6 1289/995/6 1291/983/6
f 1290/997/6 1275/990/6 1289/995/6
f 1278/1012/6 1280/982/6 1283/1013/6
f 1288/970/6 1284/1000/6 1287/1002/6
f 1286/1014/6 1284/1000/6 1285/1009/6
f 1283/1013/6 1280/982/6 1282/1015/6
f 1281/1016/6 1276/1008/6 1278/1012/6
f 1279/1017/6 1278/1012/6 1276/1008/6
f 1277/991/6 1276/1008/6 1281/1016/6
f 1280/982/6 1278/1012/6 1279/1017/6
f 1277/991/6 1275/990/6 1276/1008/6
f 1324/1018/6 1323/976/6 1326/986/6
f 1309/978/6 1322/1019/6 1295/1003/6
f 1294/984/6 1308/1020/6 1317/1021/6
f 1288/970/6 1305/1001/6 1313/1022/6
f 1311/1023/6 1310/973/6 1325/993/6
f 1321/977/6 1323/976/6 1324/1018/6
f 1322/1019/6 1309/978/6 1321/977/6
f 1299/987/6 1298/1010/6 1320/988/6
f 1304/1005/6 1299/987/6 1319/989/6
f 1318/985/6 1294/984/6 1317/1021/6
f 1280/982/6 1316/1024/6 1315/1025/6
f 1280/982/6 1307/996/6 1316/1024/6
f 1282/1015/6 1280/982/6 1315/1025/6
f 1284/1000/6 1286/1014/6 1275/990/6
f 1314/971/6 1288/970/6 1313/1022/6
f 1312/972/6 1310/973/6 1311/1023/6
f 1295/1003/6 1297/1011/6 1309/978/6
f 1294/984/6 1304/1005/6 1308/1020/6
f 1271/967/3 1273/966/3 1274/968/3
f 1273/966/3 1271/967/3 1272/969/3
f 1258/1026/4 1257/1027/4 1250/1028/4
f 1256/1029/4 1254/1030/4 1255/1031/4
f 1245/1032/4 1247/1033/4 1254/1030/4
f 1253/1034/4 1243/1035/4 1252/1036/4
f 1241/1037/4 1243/1035/4 1251/1038/4
f 1245/1032/4 1249/1039/4 1246/1040/4
f 1244/1041/4 1241/1037/4 1250/1028/4
f 1249/1039/4 1245/1032/4 1248/1042/4
f 1247/1033/4 1245/1032/4 1246/1040/4
f 1242/1043/4 1241/1037/4 1244/1041/4
f 1243/1035/4 1241/1037/4 1242/1043/4
f 1254/1030/4 1256/1029/4 1245/1032/4
f 1261/1044/4 1255/1031/4 1260/1045/4
f 1243/1035/4 1253/1034/4 1251/1038/4
f 1257/1027/4 1258/1026/4 1264/1046/4
f 1243/1035/4 1259/1047/4 1252/1036/4
f 1266/1048/4 1249/1039/4 1265/1049/4
f 1255/1031/4 1261/1044/4 1256/1029/4
f 1262/1050/4 1257/1027/4 1267/1051/4
f 1257/1027/4 1264/1046/4 1268/1052/4
f 1249/1039/4 1266/1048/4 1259/1047/4
f 1260/1045/4 1255/1031/4 1269/1053/4
f 1270/1054/4 1255/1031/4 1263/1055/4
f 1257/1027/4 1268/1052/4 1267/1051/4
f 1249/1039/4 1248/1042/4 1265/1049/4
f 1255/1031/4 1270/1054/4 1269/1053/4
f 1250/1028/4 1241/1037/4 1258/1026/4
f 1263/1055/4 1257/1027/4 1262/1050/4
f 1259/1047/4 1243/1035/4 1249/1039/4
f 1257/1027/4 1263/1055/4 1255/1031/4
f 1185/1056/158 1134/864/3 1183/1057/158
f 1135/88/3 1133/1058/159 1134/864/3
f 1137/1059/159 1136/1060/160 1133/1058/159
f 1139/1061/160 1138/1062/161 1136/1060/160
f 1141/1063/161 1140/1064/162 1138/1062/161
f 1143/694/162 1142/1065/163 1140/1064/162
f 1145/1066/163 1144/1067/164 1142/1065/163
f 1147/1068/164 1146/1069/165 1144/1067/164
f 1133/1058/159 1135/88/3 1137/1059/159
f 1136/1060/160 1137/1059/159 1139/1061/160
f 1138/1062/161 1139/1061/160 1141/1063/161
f 1140/1064/162 1141/1063/161 1143/694/162
f 1142/1065/163 1143/694/162 1145/1066/163
f 1144/1067/164 1145/1066/163 1147/1068/164
f 1146/1069/165 1147/1068/164 1149/1070/165
f 1148/1071/4 1149/1070/165 1151/639/4
f 1150/1072/166 1151/639/4 1153/1073/166
f 1152/1074/167 1153/1073/166 1155/1075/167
f 1154/1076/168 1155/1075/167 1157/1077/168
f 1156/1078/169 1157/1077/168 1159/739/169
f 1158/1079/170 1159/739/169 1161/1080/170
f 1160/1081/171 1161/1080/170 1163/1082/171
f 1162/1083/172 1163/1082/171 1165/1084/172
f 1164/931/5 1165/1084/172 1167/651/5
f 1166/1085/173 1167/651/5 1169/1086/173
f 1168/1087/174 1169/1086/173 1171/1088/174
f 1170/1089/175 1171/1088/174 1173/1090/175
f 1172/1091/176 1173/1090/175 1175/784/176
f 1174/1092/177 1175/784/176 1201/1093/177
f 1176/1094/178 1178/1095/179 1180/829/178
f 1179/1096/180 1180/829/178 1182/1097/180
f 1181/1098/181 1182/1097/180 1184/1099/181
f 1183/1057/158 1184/1099/181 1185/1056/158
f 1134/864/3 1185/1056/158 1135/88/3
f 1186/1100/182 1188/1101/183 1197/1102/184
f 1192/1103/185 1196/1104/186 1202/1105/187
f 1174/1092/177 1200/1106/187 1203/1107/188
f 1203/1107/188 1205/1108/184 1210/1109/189
f 1210/1109/189 1212/906/6 1219/1110/6
f 1215/1111/190 1217/1112/191 1225/1113/192
f 1220/1114/193 1224/1115/194 1229/1116/195
f 1178/1095/179 1228/1117/195 1230/1118/196
f 1230/1118/196 1232/1119/192 1237/1120/197
f 1237/1120/197 1191/929/6 1190/663/6
f 1237/1120/197 1240/1121/198 1238/1122/199
f 1237/1120/197 1239/1123/200 1240/1121/198
f 1239/1123/200 1237/1120/197 1232/1119/192
f 1191/929/6 1237/1120/197 1238/1122/199
f 1230/1118/196 1235/1124/201 1233/1125/202
f 1230/1118/196 1236/1126/203 1234/1127/204
f 1236/1126/203 1230/1118/196 1228/1117/195
f 1235/1124/201 1230/1118/196 1234/1127/204
f 1231/1128/205 1230/1118/196 1233/1125/202
f 1232/1119/192 1230/1118/196 1231/1128/205
f 1177/1129/179 1229/1116/195 1227/1130/206
f 1229/1116/195 1177/1129/179 1220/1114/193
f 1227/1130/206 1178/1095/179 1177/1129/179
f 1228/1117/195 1178/1095/179 1227/1130/206
f 1220/1114/193 1226/1131/205 1221/1132/202
f 1149/1070/165 1148/1071/4 1146/1069/165
f 1225/1113/192 1220/1114/193 1215/1111/190
f 1220/1114/193 1223/1133/204 1224/1115/194
f 1220/1114/193 1222/1134/207 1223/1133/204
f 1222/1134/207 1220/1114/193 1221/1132/202
f 1215/1111/190 1212/906/6 1218/1135/208
f 1212/906/6 1215/1111/190 1219/1110/6
f 1216/1136/198 1215/1111/190 1218/1135/208
f 1217/1112/191 1215/1111/190 1216/1136/198
f 1210/1109/189 1214/1137/209 1211/1138/210
f 1210/1109/189 1213/1139/211 1214/1137/209
f 1213/1139/211 1210/1109/189 1205/1108/184
f 1212/906/6 1210/1109/189 1211/1138/210
f 1203/1107/188 1208/1140/212 1206/1141/213
f 1203/1107/188 1209/1142/186 1207/1143/214
f 1209/1142/186 1203/1107/188 1200/1106/187
f 1208/1140/212 1203/1107/188 1207/1143/214
f 1204/1144/215 1203/1107/188 1206/1141/213
f 1205/1108/184 1203/1107/188 1204/1144/215
f 1201/1093/177 1199/1145/216 1174/1092/177
f 1201/1093/177 1202/1105/187 1199/1145/216
f 1202/1105/187 1201/1093/177 1192/1103/185
f 1200/1106/187 1174/1092/177 1199/1145/216
f 1192/1103/185 1198/1146/215 1193/1147/213
f 1192/1103/185 1197/1102/184 1198/1146/215
f 1197/1102/184 1192/1103/185 1186/1100/182
f 1192/1103/185 1195/1148/214 1196/1104/186
f 1192/1103/185 1194/1149/217 1195/1148/214
f 1194/1149/217 1192/1103/185 1193/1147/213
f 1186/1100/182 1191/929/6 1189/1150/218
f 1191/929/6 1186/1100/182 1190/663/6
f 1187/1151/209 1186/1100/182 1189/1150/218
f 1188/1101/183 1186/1100/182 1187/1151/209
f 1220/1114/193 1225/1113/192 1226/1131/205
f 1184/1099/181 1183/1057/158 1181/1098/181
f 1182/1097/180 1181/1098/181 1179/1096/180
f 1180/829/178 1179/1096/180 1176/1094/178
f 1178/1095/179 1176/1094/178 1177/1129/179
f 1175/784/176 1174/1092/177 1172/1091/176
f 1173/1090/175 1172/1091/176 1170/1089/175
f 1171/1088/174 1170/1089/175 1168/1087/174
f 1169/1086/173 1168/1087/174 1166/1085/173
f 1167/651/5 1166/1085/173 1164/931/5
f 1165/1084/172 1164/931/5 1162/1083/172
f 1163/1082/171 1162/1083/172 1160/1081/171
f 1161/1080/170 1160/1081/171 1158/1079/170
f 1159/739/169 1158/1079/170 1156/1078/169
f 1157/1077/168 1156/1078/169 1154/1076/168
f 1155/1075/167 1154/1076/168 1152/1074/167
f 1153/1073/166 1152/1074/167 1150/1072/166
f 1151/639/4 1150/1072/166 1148/1071/4
f 1129/933/3 1131/932/3 1132/934/3
f 1131/932/3 1129/933/3 1130/935/3
f 1071/1152/1 1066/1153/1 1070/1154/1
f 1074/1155/1 1072/1156/1 1073/1157/1
f 1076/1158/1 1073/1157/1 1075/1159/1
f 1079/1160/1 1077/1161/1 1078/1162/1
f 1082/1163/1 1080/1164/1 1081/1165/1
f 1084/1166/1 1081/1165/1 1083/1167/1
f 1066/1153/1 1071/1152/1 1067/1168/1
f 1086/1169/1 1070/1154/1 1085/1170/1
f 1073/1157/1 1076/1158/1 1074/1155/1
f 1076/1158/1 1087/1171/1 1088/1172/1
f 1088/1172/1 1089/1173/1 1079/1160/1
f 1077/1161/1 1079/1160/1 1089/1173/1
f 1081/1165/1 1084/1166/1 1082/1163/1
f 1091/1174/1 1083/1167/1 1090/1175/1
f 1091/1174/1 1092/1176/1 1093/1177/1
f 1093/1177/1 1069/1178/1 1068/1179/1
f 1070/1154/1 1086/1169/1 1071/1152/1
f 1096/1180/1 1094/1181/1 1095/1182/1
f 1098/1183/1 1094/1181/1 1097/1184/1
f 1078/1162/1 1077/1161/1 1080/1164/1
f 1083/1167/1 1091/1174/1 1084/1166/1
f 1069/1178/1 1093/1177/1 1092/1176/1
f 1086/1169/1 1085/1170/1 1096/1180/1
f 1095/1182/1 1094/1181/1 1099/1185/1
f 1098/1183/1 1097/1184/1 1100/1186/1
f 1089/1173/1 1088/1172/1 1087/1171/1
f 1092/1176/1 1091/1174/1 1090/1175/1
f 1094/1181/1 1096/1180/1 1085/1170/1
f 1102/1187/1 1094/1181/1 1101/1188/1
f 1100/1186/1 1097/1184/1 1103/1189/1
f 1065/1190/1 1068/1179/1 1069/1178/1
f 1094/1181/1 1102/1187/1 1099/1185/1
f 1103/1189/1 1097/1184/1 1104/1191/1
f 1107/1192/1 1105/1193/1 1106/1194/1
f 1065/1190/1 1067/1168/1 1068/1179/1
f 1109/1195/1 1094/1181/1 1108/1196/1
f 1104/1191/1 1097/1184/1 1110/1197/1
f 1112/1198/1 1097/1184/1 1111/1199/1
f 1114/1200/1 1113/1201/1 1107/1192/1
f 1105/1193/1 1107/1192/1 1113/1201/1
f 1094/1181/1 1109/1195/1 1101/1188/1
f 1110/1197/1 1097/1184/1 1115/1202/1
f 1097/1184/1 1112/1198/1 1116/1203/1
f 1118/1204/1 1117/1205/1 1114/1200/1
f 1106/1194/1 1105/1193/1 1072/1156/1
f 1094/1181/1 1098/1183/1 1108/1196/1
f 1112/1198/1 1111/1199/1 1118/1204/1
f 1113/1201/1 1114/1200/1 1117/1205/1
f 1097/1184/1 1116/1203/1 1115/1202/1
f 1121/1206/1 1119/1207/1 1120/1208/1
f 1072/1156/1 1074/1155/1 1106/1194/1
f 1119/1207/1 1121/1206/1 1122/1209/1
f 1117/1205/1 1118/1204/1 1111/1199/1
f 1120/1208/1 1119/1207/1 1123/1210/1
f 1097/1184/1 1123/1210/1 1119/1207/1
f 1097/1184/1 1094/1181/1 1123/1210/1
f 1126/1211/1 1124/1212/1 1125/1213/1
f 1119/1207/1 1122/1209/1 1127/1214/1
f 1124/1212/1 1126/1211/1 1122/1209/1
f 1122/1209/1 1126/1211/1 1127/1214/1
f 1122/1209/1 1121/1206/1 1128/1215/1
f 1080/1164/1 1082/1163/1 1078/1162/1
f 1087/1171/1 1076/1158/1 1075/1159/1
f 1067/1168/1 1065/1190/1 1066/1153/1
f 1038/1200/2 1013/1201/2 1037/1205/2
f 1056/1214/2 1055/1210/2 1059/1207/2
f 1045/1154/2 1046/1169/2 1019/1170/2
f 1055/1210/2 1057/1211/2 1058/1212/2
f 1012/1193/2 1014/1192/2 1036/1194/2
f 1057/1211/2 1055/1210/2 1056/1214/2
f 1001/1184/2 1003/1197/2 1054/1202/2
f 1029/1161/2 1031/1160/2 1011/1162/2
f 1016/1181/2 1043/1187/2 1052/1188/2
f 1001/1184/2 1050/1198/2 1039/1199/2
f 1047/1171/2 1034/1158/2 1048/1172/2
f 1023/1178/2 1025/1177/2 1005/1179/2
f 1020/1180/2 1019/1170/2 1046/1169/2
f 1016/1181/2 1053/1195/2 1017/1196/2
f 1051/1203/2 1001/1184/2 1054/1202/2
f 1037/1205/2 1040/1204/2 1038/1200/2
f 1032/1157/2 1034/1158/2 1049/1159/2
f 1003/1197/2 1001/1184/2 1002/1191/2
f 1058/1212/2 1057/1211/2 1064/1213/2
f 1058/1212/2 1062/1206/2 1063/1208/2
f 1060/1209/2 1062/1206/2 1058/1212/2
f 1055/1210/2 1058/1212/2 1063/1208/2
f 1062/1206/2 1060/1209/2 1061/1215/2
f 1016/1181/2 1001/1184/2 1059/1207/2
f 1006/1168/2 1004/1190/2 1005/1179/2
f 1009/1166/2 1007/1165/2 1008/1163/2
f 1008/1163/2 1010/1164/2 1011/1162/2
f 1014/1192/2 1012/1193/2 1013/1201/2
f 1002/1191/2 1001/1184/2 1015/1189/2
f 1018/1183/2 1016/1181/2 1017/1196/2
f 1020/1180/2 1016/1181/2 1019/1170/2
f 1022/1152/2 1021/1153/2 1006/1168/2
f 1004/1190/2 1006/1168/2 1021/1153/2
f 1025/1177/2 1023/1178/2 1024/1176/2
f 1027/1174/2 1024/1176/2 1026/1175/2
f 1027/1174/2 1028/1167/2 1009/1166/2
f 1010/1164/2 1008/1163/2 1007/1165/2
f 1031/1160/2 1029/1161/2 1030/1173/2
f 1034/1158/2 1032/1157/2 1033/1155/2
f 1033/1155/2 1035/1156/2 1036/1194/2
f 1012/1193/2 1036/1194/2 1035/1156/2
f 1016/1181/2 1059/1207/2 1055/1210/2
f 1040/1204/2 1037/1205/2 1039/1199/2
f 1015/1189/2 1001/1184/2 1041/1186/2
f 1016/1181/2 1018/1183/2 1001/1184/2
f 1043/1187/2 1016/1181/2 1042/1185/2
f 1016/1181/2 1020/1180/2 1044/1182/2
f 1046/1169/2 1045/1154/2 1022/1152/2
f 1005/1179/2 1004/1190/2 1023/1178/2
f 1024/1176/2 1027/1174/2 1025/1177/2
f 1007/1165/2 1009/1166/2 1028/1167/2
f 1030/1173/2 1048/1172/2 1031/1160/2
f 1029/1161/2 1011/1162/2 1010/1164/2
f 1048/1172/2 1030/1173/2 1047/1171/2
f 1034/1158/2 1047/1171/2 1049/1159/2
f 1035/1156/2 1033/1155/2 1032/1157/2
f 1013/1201/2 1038/1200/2 1014/1192/2
f 1040/1204/2 1039/1199/2 1050/1198/2
f 1050/1198/2 1001/1184/2 1051/1203/2
f 1001/1184/2 1018/1183/2 1041/1186/2
f 1053/1195/2 1016/1181/2 1052/1188/2
f 1016/1181/2 1044/1182/2 1042/1185/2
f 1021/1153/2 1022/1152/2 1045/1154/2
f 1028/1167/2 1027/1174/2 1026/1175/2
f 993/1216/219 995/1217/220 996/1218/220
f 996/1218/220 997/1219/221 998/1220/222
f 998/1220/222 999/1221/223 1000/1222/2
f 999/1221/223 998/1220/222 997/1219/221
f 997/1219/221 996/1218/220 995/1217/220
f 995/1217/220 993/1216/219 994/1223/219
f 990/1220/224 991/1221/1 992/1222/1
f 985/1216/5 987/1217/225 988/1218/225
f 988/1218/225 989/1219/224 990/1220/224
f 989/1219/224 988/1218/225 987/1217/225
f 991/1221/1 990/1220/224 989/1219/224
f 987/1217/225 985/1216/5 986/1223/5
f 979/1224/226 977/1225/227 978/1226/227
f 977/1225/227 979/1224/226 980/1227/226
f 980/1227/226 981/1228/228 982/1229/229
f 982/1229/229 983/1230/230 984/1231/231
f 983/1230/230 982/1229/229 981/1228/228
f 981/1228/228 980/1227/226 979/1224/226
f 972/1227/232 973/1228/233 974/1229/233
f 974/1229/233 975/1230/234 976/1231/235
f 975/1230/234 974/1229/233 973/1228/233
f 973/1228/233 972/1227/232 971/1224/232
f 971/1224/232 969/1225/3 970/1226/236
f 969/1225/3 971/1224/232 972/1227/232
f 961/643/104 963/1232/237 965/1233/104
f 964/647/238 965/1233/104 967/1234/238
f 966/651/239 967/1234/238 968/1235/239
f 967/1234/238 966/651/239 964/647/238
f 965/1233/104 964/647/238 961/643/104
f 963/1232/237 961/643/104 962/639/237
f 956/1236/240 957/643/102 959/647/240
f 958/931/241 959/647/240 960/651/5
f 959/647/240 958/931/241 956/1236/240
f 957/643/102 956/1236/240 953/1237/102
f 955/639/242 953/1237/102 954/1071/243
f 953/1237/102 955/639/242 957/643/102
f 917/1238/244 916/1239/245 913/1240/244
f 919/1241/245 918/1242/246 916/1239/245
f 921/1243/246 920/1244/247 918/1242/246
f 923/1245/247 922/1246/3 920/1244/247
f 925/1247/3 924/1248/248 922/1246/3
f 927/1249/248 926/1250/249 924/1248/248
f 929/1251/249 928/1252/250 926/1250/249
f 931/1253/250 930/1254/251 928/1252/250
f 933/1255/251 932/1256/1 930/1254/251
f 935/1257/1 934/1258/252 932/1256/1
f 937/1259/252 936/1260/253 934/1258/252
f 939/1261/253 938/1262/254 936/1260/253
f 941/1263/254 940/1264/255 938/1262/254
f 943/1265/255 942/1266/5 940/1264/255
f 945/1267/5 944/1268/256 942/1266/5
f 947/1269/256 946/1270/257 944/1268/256
f 949/1271/257 948/1272/258 946/1270/257
f 951/1273/258 950/1274/259 948/1272/258
f 952/1275/259 914/1276/2 950/1274/259
f 914/1276/2 952/1275/259 915/1277/2
f 950/1274/259 951/1273/258 952/1275/259
f 942/1266/5 943/1265/255 945/1267/5
f 948/1272/258 949/1271/257 951/1273/258
f 946/1270/257 947/1269/256 949/1271/257
f 944/1268/256 945/1267/5 947/1269/256
f 915/1277/2 913/1240/244 914/1276/2
f 940/1264/255 941/1263/254 943/1265/255
f 938/1262/254 939/1261/253 941/1263/254
f 936/1260/253 937/1259/252 939/1261/253
f 934/1258/252 935/1257/1 937/1259/252
f 932/1256/1 933/1255/251 935/1257/1
f 930/1254/251 931/1253/250 933/1255/251
f 928/1252/250 929/1251/249 931/1253/250
f 926/1250/249 927/1249/248 929/1251/249
f 924/1248/248 925/1247/3 927/1249/248
f 922/1246/3 923/1245/247 925/1247/3
f 920/1244/247 921/1243/246 923/1245/247
f 918/1242/246 919/1241/245 921/1243/246
f 916/1239/245 917/1238/244 919/1241/245
f 913/1240/244 915/1277/2 917/1238/244
f 900/1278/260 903/1279/261 901/1280/262
f 902/1281/263 905/1282/264 903/1279/261
f 904/1283/265 907/1284/266 905/1282/264
f 906/1285/267 909/1239/268 907/1284/266
f 908/1286/269 911/1240/270 909/1239/268
f 910/1287/270 912/1288/271 911/1240/270
f 912/1288/271 910/1287/270 873/1289/271
f 911/1240/270 908/1286/269 910/1287/270
f 909/1239/268 906/1285/267 908/1286/269
f 907/1284/266 904/1283/265 906/1285/267
f 905/1282/264 902/1281/263 904/1283/265
f 903/1279/261 900/1278/260 902/1281/263
f 901/1280/262 898/1290/272 900/1278/260
f 898/1290/272 901/1280/262 899/1291/273
f 897/1292/274 894/1293/275 896/1294/276
f 895/1295/277 892/1296/278 894/1293/275
f 893/1297/278 890/1298/279 892/1296/278
f 891/1299/279 888/1300/280 890/1298/279
f 889/1301/281 886/1302/282 888/1300/280
f 887/1303/283 884/1304/284 886/1302/282
f 885/1305/285 882/1306/286 884/1304/284
f 883/1307/286 880/1308/287 882/1306/286
f 881/1309/287 878/1310/288 880/1308/287
f 879/1311/289 876/1312/290 878/1310/288
f 877/1313/291 874/1314/292 876/1312/290
f 875/1315/293 873/1289/271 874/1314/292
f 896/1294/276 899/1291/273 897/1292/274
f 894/1293/275 897/1292/274 895/1295/277
f 892/1296/278 895/1295/277 893/1297/278
f 890/1298/279 893/1297/278 891/1299/279
f 888/1300/280 891/1299/279 889/1301/281
f 886/1302/282 889/1301/281 887/1303/283
f 884/1304/284 887/1303/283 885/1305/285
f 882/1306/286 885/1305/285 883/1307/286
f 880/1308/287 883/1307/286 881/1309/287
f 878/1310/288 881/1309/287 879/1311/289
f 876/1312/290 879/1311/289 877/1313/291
f 874/1314/292 877/1313/291 875/1315/293
f 873/1289/271 875/1315/293 912/1288/271
f 899/1291/273 896/1294/276 898/1290/272
f 843/1245/247 842/1246/3 840/1244/294
f 837/1238/244 836/1239/245 833/1240/244
f 839/1241/245 838/1242/246 836/1239/245
f 841/1243/246 840/1244/294 838/1242/246
f 845/1247/3 844/1248/248 842/1246/3
f 847/1249/295 846/1250/249 844/1248/248
f 849/1251/249 848/1252/250 846/1250/249
f 851/1253/250 850/1254/251 848/1252/250
f 853/1255/251 852/1256/1 850/1254/251
f 855/1257/1 854/1258/252 852/1256/1
f 857/1259/252 856/1260/253 854/1258/252
f 859/1261/253 858/1262/254 856/1260/253
f 861/1263/254 860/1264/255 858/1262/254
f 863/1265/255 862/1266/5 860/1264/255
f 865/1267/5 864/1268/256 862/1266/5
f 867/1269/256 866/1270/257 864/1268/256
f 869/1271/257 868/1272/258 866/1270/257
f 871/1273/258 870/1274/259 868/1272/258
f 872/1275/259 834/1276/2 870/1274/259
f 834/1276/2 872/1275/259 835/1277/2
f 870/1274/259 871/1273/258 872/1275/259
f 868/1272/258 869/1271/257 871/1273/258
f 866/1270/257 867/1269/256 869/1271/257
f 864/1268/256 865/1267/5 867/1269/256
f 862/1266/5 863/1265/255 865/1267/5
f 860/1264/255 861/1263/254 863/1265/255
f 858/1262/254 859/1261/253 861/1263/254
f 856/1260/253 857/1259/252 859/1261/253
f 854/1258/252 855/1257/1 857/1259/252
f 852/1256/1 853/1255/251 855/1257/1
f 850/1254/251 851/1253/250 853/1255/251
f 848/1252/250 849/1251/249 851/1253/250
f 846/1250/249 847/1249/295 849/1251/249
f 844/1248/248 845/1247/3 847/1249/295
f 842/1246/3 843/1245/247 845/1247/3
f 840/1244/294 841/1243/246 843/1245/247
f 838/1242/246 839/1241/245 841/1243/246
f 836/1239/245 837/1238/244 839/1241/245
f 833/1240/244 835/1277/2 837/1238/244
f 835/1277/2 833/1240/244 834/1276/2
f 795/1315/296 793/1289/271 794/1314/297
f 797/1313/298 794/1314/297 796/1312/290
f 799/1311/299 796/1312/290 798/1310/288
f 801/1309/287 798/1310/288 800/1308/300
f 803/1307/301 800/1308/300 802/1306/302
f 805/1305/303 802/1306/302 804/1304/304
f 807/1303/305 804/1304/304 806/1302/306
f 809/1301/307 806/1302/306 808/1300/308
f 811/1299/279 808/1300/308 810/1298/279
f 813/1297/278 810/1298/279 812/1296/278
f 815/1295/309 812/1296/278 814/1293/310
f 817/1292/311 814/1293/310 816/1294/276
f 819/1291/312 816/1294/276 818/1290/313
f 821/1280/314 818/1290/313 820/1278/315
f 823/1279/261 820/1278/315 822/1281/261
f 825/1282/316 822/1281/261 824/1283/317
f 827/1284/266 824/1283/317 826/1285/318
f 829/1239/319 826/1285/318 828/1286/320
f 831/1240/321 828/1286/320 830/1287/270
f 832/1288/271 830/1287/270 793/1289/271
f 830/1287/270 832/1288/271 831/1240/321
f 828/1286/320 831/1240/321 829/1239/319
f 826/1285/318 829/1239/319 827/1284/266
f 824/1283/317 827/1284/266 825/1282/316
f 822/1281/261 825/1282/316 823/1279/261
f 820/1278/315 823/1279/261 821/1280/314
f 818/1290/313 821/1280/314 819/1291/312
f 816/1294/276 819/1291/312 817/1292/311
f 814/1293/310 817/1292/311 815/1295/309
f 812/1296/278 815/1295/309 813/1297/278
f 810/1298/279 813/1297/278 811/1299/279
f 808/1300/308 811/1299/279 809/1301/307
f 806/1302/306 809/1301/307 807/1303/305
f 804/1304/304 807/1303/305 805/1305/303
f 802/1306/302 805/1305/303 803/1307/301
f 800/1308/300 803/1307/301 801/1309/287
f 798/1310/288 801/1309/287 799/1311/299
f 796/1312/290 799/1311/299 797/1313/298
f 794/1314/297 797/1313/298 795/1315/296
f 793/1289/271 795/1315/296 832/1288/271
f 724/1316/2 721/1317/322 726/1318/323
f 729/1319/324 727/1320/325 728/1321/245
f 727/1320/325 729/1319/324 722/1322/326
f 722/1322/326 729/1319/324 723/1323/326
f 731/1324/245 730/1325/246 728/1321/245
f 734/1326/246 732/1327/327 733/1328/328
f 732/1327/327 734/1326/246 735/1329/329
f 732/1327/327 735/1329/329 736/1330/327
f 736/1330/327 737/1331/330 732/1327/327
f 739/1332/330 738/1333/331 737/1331/330
f 738/1333/331 739/1332/330 740/1334/331
f 741/1335/332 738/1333/331 740/1334/331
f 743/1336/333 742/1337/332 741/1335/332
f 742/1337/332 743/1336/333 744/1338/333
f 746/1339/249 744/1338/333 745/1340/334
f 745/1340/334 744/1338/333 743/1336/333
f 748/1341/335 746/1339/249 747/1342/249
f 749/1343/250 747/1342/249 746/1339/249
f 752/1344/336 750/1345/337 751/1346/251
f 752/1344/336 751/1346/251 753/1347/338
f 750/1345/337 754/1348/250 749/1343/250
f 757/1349/339 755/1350/1 756/1351/340
f 753/1347/338 757/1349/339 756/1351/340
f 757/1349/339 753/1347/338 751/1346/251
f 760/1352/341 758/1353/342 759/1354/341
f 758/1353/342 755/1350/1 761/1355/234
f 755/1350/1 758/1353/342 762/1356/343
f 765/1357/344 763/1358/345 764/1359/253
f 763/1358/345 765/1357/344 759/1354/341
f 759/1354/341 765/1357/344 760/1352/341
f 767/1360/253 766/1361/254 764/1359/253
f 770/1362/254 768/1363/346 769/1364/347
f 768/1363/346 770/1362/254 771/1365/348
f 768/1363/346 771/1365/348 772/1366/349
f 721/1317/322 724/1316/2 725/1367/350
f 775/1368/351 774/1369/352 773/1370/353
f 774/1369/352 775/1368/351 776/1371/354
f 777/1372/355 774/1369/352 776/1371/354
f 779/1373/356 778/1374/357 777/1372/355
f 778/1374/357 779/1373/356 780/1375/356
f 782/1376/257 780/1375/356 781/1377/358
f 781/1377/358 780/1375/356 779/1373/356
f 784/1378/359 782/1376/257 783/1379/257
f 785/1380/258 783/1379/257 782/1376/257
f 788/1381/360 786/1382/361 787/1383/362
f 788/1381/360 787/1383/362 789/1384/362
f 786/1382/361 790/1385/258 785/1380/258
f 792/1386/363 724/1316/2 791/1387/364
f 789/1384/362 792/1386/363 791/1387/364
f 792/1386/363 789/1384/362 787/1383/362
f 724/1316/2 792/1386/363 725/1367/350
f 786/1382/361 788/1381/360 790/1385/258
f 783/1379/257 785/1380/258 790/1385/258
f 780/1375/356 782/1376/257 784/1378/359
f 774/1369/352 777/1372/355 778/1374/357
f 773/1370/353 772/1366/349 775/1368/351
f 770/1362/254 769/1364/347 766/1361/254
f 766/1361/254 767/1360/253 770/1362/254
f 764/1359/253 763/1358/345 767/1360/253
f 758/1353/342 760/1352/341 762/1356/343
f 755/1350/1 757/1349/339 761/1355/234
f 750/1345/337 752/1344/336 754/1348/250
f 747/1342/249 749/1343/250 754/1348/250
f 744/1338/333 746/1339/249 748/1341/335
f 738/1333/331 741/1335/332 742/1337/332
f 737/1331/330 736/1330/327 739/1332/330
f 734/1326/246 733/1328/328 730/1325/246
f 730/1325/246 731/1324/245 734/1326/246
f 728/1321/245 727/1320/325 731/1324/245
f 721/1317/322 723/1323/326 726/1318/323
f 772/1366/349 773/1370/353 768/1363/346
f 723/1323/326 721/1317/322 722/1322/326
f 4415/1388/365 4413/1389/366 4414/1390/366
f 4417/1391/365 4416/1392/366 4413/1389/366
f 4419/1393/365 4418/1394/366 4416/1392/366
f 4421/1395/365 4420/1396/366 4418/1394/366
f 4423/1397/365 4422/1398/366 4420/1396/366
f 4425/1399/365 4424/1400/366 4422/1398/366
f 4427/1401/365 4426/1402/366 4424/1400/366
f 4428/671/367 4417/1391/365 4415/1388/365
f 4429/830/367 4419/1393/365 4417/1391/365
f 4430/831/367 4421/1395/365 4419/1393/365
f 4431/832/367 4423/1397/365 4421/1395/365
f 4432/833/367 4425/1399/365 4423/1397/365
f 4433/834/367 4427/1401/365 4425/1399/365
f 4435/835/367 4434/1403/365 4427/1401/365
f 4436/829/368 4429/830/367 4428/671/367
f 4437/822/368 4430/831/367 4429/830/367
f 4438/823/368 4431/832/367 4430/831/367
f 4439/824/368 4432/833/367 4431/832/367
f 4440/825/368 4433/834/367 4432/833/367
f 4441/826/368 4435/835/367 4433/834/367
f 4443/827/368 4442/836/369 4435/835/367
f 4444/667/370 4437/822/368 4436/829/368
f 4445/815/370 4438/823/368 4437/822/368
f 4446/816/370 4439/824/368 4438/823/368
f 4447/817/370 4440/825/368 4439/824/368
f 4448/818/370 4441/826/368 4440/825/368
f 4449/819/370 4443/827/368 4441/826/368
f 4451/820/370 4450/828/368 4443/827/368
f 4452/814/371 4445/815/370 4444/667/370
f 4453/807/372 4446/816/370 4445/815/370
f 4454/808/373 4447/817/370 4446/816/370
f 4455/809/372 4448/818/370 4447/817/370
f 4456/810/373 4449/819/370 4448/818/370
f 4457/811/372 4451/820/370 4449/819/370
f 4459/812/373 4458/821/370 4451/820/370
f 4460/663/374 4453/807/372 4452/814/371
f 4461/800/375 4454/808/373 4453/807/372
f 4462/801/375 4455/809/372 4454/808/373
f 4463/802/375 4456/810/373 4455/809/372
f 4464/803/375 4457/811/372 4456/810/373
f 4465/804/375 4459/812/373 4457/811/372
f 4467/805/375 4466/813/376 4459/812/373
f 4468/799/377 4461/800/375 4460/663/374
f 4469/792/378 4462/801/375 4461/800/375
f 4470/793/378 4463/802/375 4462/801/375
f 4471/794/378 4464/803/375 4463/802/375
f 4472/795/378 4465/804/375 4464/803/375
f 4473/796/378 4467/805/375 4465/804/375
f 4475/797/378 4474/806/375 4467/805/375
f 4476/659/379 4469/792/378 4468/799/377
f 4477/785/379 4470/793/378 4469/792/378
f 4478/786/379 4471/794/378 4470/793/378
f 4479/787/379 4472/795/378 4471/794/378
f 4480/788/379 4473/796/378 4472/795/378
f 4481/789/379 4475/797/378 4473/796/378
f 4483/790/379 4482/798/378 4475/797/378
f 4484/784/380 4477/785/379 4476/659/379
f 4485/777/380 4478/786/379 4477/785/379
f 4486/778/380 4479/787/379 4478/786/379
f 4487/779/380 4480/788/379 4479/787/379
f 4488/780/380 4481/789/379 4480/788/379
f 4489/781/380 4483/790/379 4481/789/379
f 4491/782/380 4490/791/379 4483/790/379
f 4492/655/381 4485/777/380 4484/784/380
f 4493/770/381 4486/778/380 4485/777/380
f 4494/771/381 4487/779/380 4486/778/380
f 4495/772/381 4488/780/380 4487/779/380
f 4496/773/381 4489/781/380 4488/780/380
f 4497/774/381 4491/782/380 4489/781/380
f 4499/775/381 4498/783/380 4491/782/380
f 4500/769/382 4493/770/381 4492/655/381
f 4501/762/382 4494/771/381 4493/770/381
f 4502/763/383 4495/772/381 4494/771/381
f 4503/764/383 4496/773/381 4495/772/381
f 4504/765/383 4497/774/381 4496/773/381
f 4505/766/383 4499/775/381 4497/774/381
f 4507/767/383 4506/776/381 4499/775/381
f 4508/651/384 4501/762/382 4500/769/382
f 4509/755/384 4502/763/383 4501/762/382
f 4510/756/384 4503/764/383 4502/763/383
f 4511/757/384 4504/765/383 4503/764/383
f 4512/758/384 4505/766/383 4504/765/383
f 4513/759/384 4507/767/383 4505/766/383
f 4515/760/384 4514/768/382 4507/767/383
f 4516/754/385 4509/755/384 4508/651/384
f 4517/747/385 4510/756/384 4509/755/384
f 4518/748/385 4511/757/384 4510/756/384
f 4519/749/385 4512/758/384 4511/757/384
f 4520/750/385 4513/759/384 4512/758/384
f 4521/751/385 4515/760/384 4513/759/384
f 4523/752/385 4522/761/384 4515/760/384
f 4524/647/386 4517/747/385 4516/754/385
f 4525/740/386 4518/748/385 4517/747/385
f 4526/741/386 4519/749/385 4518/748/385
f 4527/742/387 4520/750/385 4519/749/385
f 4528/743/387 4521/751/385 4520/750/385
f 4529/744/387 4523/752/385 4521/751/385
f 4531/745/387 4530/753/385 4523/752/385
f 4532/739/388 4525/740/386 4524/647/386
f 4533/732/388 4526/741/386 4525/740/386
f 4534/733/388 4527/742/387 4526/741/386
f 4535/734/388 4528/743/387 4527/742/387
f 4536/735/388 4529/744/387 4528/743/387
f 4537/736/388 4531/745/387 4529/744/387
f 4539/737/388 4538/746/387 4531/745/387
f 4540/643/389 4533/732/388 4532/739/388
f 4541/725/389 4534/733/388 4533/732/388
f 4542/726/389 4535/734/388 4534/733/388
f 4543/727/389 4536/735/388 4535/734/388
f 4544/728/389 4537/736/388 4536/735/388
f 4545/729/389 4539/737/388 4537/736/388
f 4547/730/389 4546/738/388 4539/737/388
f 4548/724/390 4541/725/389 4540/643/389
f 4549/717/390 4542/726/389 4541/725/389
f 4550/718/391 4543/727/389 4542/726/389
f 4551/719/390 4544/728/389 4543/727/389
f 4552/720/390 4545/729/389 4544/728/389
f 4553/721/392 4547/730/389 4545/729/389
f 4555/722/390 4554/731/389 4547/730/389
f 4556/639/393 4549/717/390 4548/724/390
f 4557/710/393 4550/718/391 4549/717/390
f 4558/711/393 4551/719/390 4550/718/391
f 4559/712/393 4552/720/390 4551/719/390
f 4560/713/393 4553/721/392 4552/720/390
f 4561/714/393 4555/722/390 4553/721/392
f 4563/715/393 4562/723/390 4555/722/390
f 4564/709/394 4557/710/393 4556/639/393
f 4565/702/394 4558/711/393 4557/710/393
f 4566/703/394 4559/712/393 4558/711/393
f 4567/704/394 4560/713/393 4559/712/393
f 4568/705/394 4561/714/393 4560/713/393
f 4569/706/394 4563/715/393 4561/714/393
f 4571/707/394 4570/716/393 4563/715/393
f 4572/632/395 4565/702/394 4564/709/394
f 4573/695/395 4566/703/394 4565/702/394
f 4574/696/395 4567/704/394 4566/703/394
f 4575/697/395 4568/705/394 4567/704/394
f 4576/698/395 4569/706/394 4568/705/394
f 4577/699/395 4571/707/394 4569/706/394
f 4579/700/395 4578/708/394 4571/707/394
f 4580/694/396 4573/695/395 4572/632/395
f 4581/680/396 4574/696/395 4573/695/395
f 4582/682/397 4575/697/395 4574/696/395
f 4583/684/397 4576/698/395 4575/697/395
f 4584/686/397 4577/699/395 4576/698/395
f 4585/688/397 4579/700/395 4577/699/395
f 4587/690/397 4586/701/395 4579/700/395
f 4588/679/398 4581/680/396 4580/694/396
f 4589/681/398 4582/682/397 4581/680/396
f 4590/683/398 4583/684/397 4582/682/397
f 4591/685/398 4584/686/397 4583/684/397
f 4592/687/398 4585/688/397 4584/686/397
f 4593/689/398 4587/690/397 4585/688/397
f 4595/691/398 4594/692/397 4587/690/397
f 4596/1404/399 4589/681/398 4588/679/398
f 4597/1405/399 4590/683/398 4589/681/398
f 4598/1406/400 4591/685/398 4590/683/398
f 4599/1407/401 4592/687/398 4591/685/398
f 4600/1408/400 4593/689/398 4592/687/398
f 4601/1409/400 4595/691/398 4593/689/398
f 4603/1410/400 4602/693/398 4595/691/398
f 4414/1390/366 4597/1405/399 4596/1404/399
f 4413/1389/366 4598/1406/400 4597/1405/399
f 4416/1392/366 4599/1407/401 4598/1406/400
f 4418/1394/366 4600/1408/400 4599/1407/401
f 4420/1396/366 4601/1409/400 4600/1408/400
f 4422/1398/366 4603/1410/400 4601/1409/400
f 4424/1400/366 4604/1411/400 4603/1410/400
f 4604/1411/400 4424/1400/366 4426/1402/366
f 4603/1410/400 4422/1398/366 4424/1400/366
f 4601/1409/400 4420/1396/366 4422/1398/366
f 4600/1408/400 4418/1394/366 4420/1396/366
f 4599/1407/401 4416/1392/366 4418/1394/366
f 4598/1406/400 4413/1389/366 4416/1392/366
f 4597/1405/399 4414/1390/366 4413/1389/366
f 4602/693/398 4603/1410/400 4604/1411/400
f 4595/691/398 4601/1409/400 4603/1410/400
f 4593/689/398 4600/1408/400 4601/1409/400
f 4592/687/398 4599/1407/401 4600/1408/400
f 4591/685/398 4598/1406/400 4599/1407/401
f 4590/683/398 4597/1405/399 4598/1406/400
f 4589/681/398 4596/1404/399 4597/1405/399
f 4594/692/397 4595/691/398 4602/693/398
f 4587/690/397 4593/689/398 4595/691/398
f 4585/688/397 4592/687/398 4593/689/398
f 4584/686/397 4591/685/398 4592/687/398
f 4583/684/397 4590/683/398 4591/685/398
f 4582/682/397 4589/681/398 4590/683/398
f 4581/680/396 4588/679/398 4589/681/398
f 4586/701/395 4587/690/397 4594/692/397
f 4579/700/395 4585/688/397 4587/690/397
f 4577/699/395 4584/686/397 4585/688/397
f 4576/698/395 4583/684/397 4584/686/397
f 4575/697/395 4582/682/397 4583/684/397
f 4574/696/395 4581/680/396 4582/682/397
f 4573/695/395 4580/694/396 4581/680/396
f 4578/708/394 4579/700/395 4586/701/395
f 4571/707/394 4577/699/395 4579/700/395
f 4569/706/394 4576/698/395 4577/699/395
f 4568/705/394 4575/697/395 4576/698/395
f 4567/704/394 4574/696/395 4575/697/395
f 4566/703/394 4573/695/395 4574/696/395
f 4565/702/394 4572/632/395 4573/695/395
f 4570/716/393 4571/707/394 4578/708/394
f 4563/715/393 4569/706/394 4571/707/394
f 4561/714/393 4568/705/394 4569/706/394
f 4560/713/393 4567/704/394 4568/705/394
f 4559/712/393 4566/703/394 4567/704/394
f 4558/711/393 4565/702/394 4566/703/394
f 4557/710/393 4564/709/394 4565/702/394
f 4562/723/390 4563/715/393 4570/716/393
f 4555/722/390 4561/714/393 4563/715/393
f 4553/721/392 4560/713/393 4561/714/393
f 4552/720/390 4559/712/393 4560/713/393
f 4551/719/390 4558/711/393 4559/712/393
f 4550/718/391 4557/710/393 4558/711/393
f 4549/717/390 4556/639/393 4557/710/393
f 4554/731/389 4555/722/390 4562/723/390
f 4547/730/389 4553/721/392 4555/722/390
f 4545/729/389 4552/720/390 4553/721/392
f 4544/728/389 4551/719/390 4552/720/390
f 4543/727/389 4550/718/391 4551/719/390
f 4542/726/389 4549/717/390 4550/718/391
f 4541/725/389 4548/724/390 4549/717/390
f 4546/738/388 4547/730/389 4554/731/389
f 4539/737/388 4545/729/389 4547/730/389
f 4537/736/388 4544/728/389 4545/729/389
f 4536/735/388 4543/727/389 4544/728/389
f 4535/734/388 4542/726/389 4543/727/389
f 4534/733/388 4541/725/389 4542/726/389
f 4533/732/388 4540/643/389 4541/725/389
f 4538/746/387 4539/737/388 4546/738/388
f 4531/745/387 4537/736/388 4539/737/388
f 4529/744/387 4536/735/388 4537/736/388
f 4528/743/387 4535/734/388 4536/735/388
f 4527/742/387 4534/733/388 4535/734/388
f 4526/741/386 4533/732/388 4534/733/388
f 4525/740/386 4532/739/388 4533/732/388
f 4530/753/385 4531/745/387 4538/746/387
f 4523/752/385 4529/744/387 4531/745/387
f 4521/751/385 4528/743/387 4529/744/387
f 4520/750/385 4527/742/387 4528/743/387
f 4519/749/385 4526/741/386 4527/742/387
f 4518/748/385 4525/740/386 4526/741/386
f 4517/747/385 4524/647/386 4525/740/386
f 4522/761/384 4523/752/385 4530/753/385
f 4515/760/384 4521/751/385 4523/752/385
f 4513/759/384 4520/750/385 4521/751/385
f 4512/758/384 4519/749/385 4520/750/385
f 4511/757/384 4518/748/385 4519/749/385
f 4510/756/384 4517/747/385 4518/748/385
f 4509/755/384 4516/754/385 4517/747/385
f 4514/768/382 4515/760/384 4522/761/384
f 4507/767/383 4513/759/384 4515/760/384
f 4505/766/383 4512/758/384 4513/759/384
f 4504/765/383 4511/757/384 4512/758/384
f 4503/764/383 4510/756/384 4511/757/384
f 4502/763/383 4509/755/384 4510/756/384
f 4501/762/382 4508/651/384 4509/755/384
f 4506/776/381 4507/767/383 4514/768/382
f 4499/775/381 4505/766/383 4507/767/383
f 4497/774/381 4504/765/383 4505/766/383
f 4496/773/381 4503/764/383 4504/765/383
f 4495/772/381 4502/763/383 4503/764/383
f 4494/771/381 4501/762/382 4502/763/383
f 4493/770/381 4500/769/382 4501/762/382
f 4498/783/380 4499/775/381 4506/776/381
f 4491/782/380 4497/774/381 4499/775/381
f 4489/781/380 4496/773/381 4497/774/381
f 4488/780/380 4495/772/381 4496/773/381
f 4487/779/380 4494/771/381 4495/772/381
f 4486/778/380 4493/770/381 4494/771/381
f 4485/777/380 4492/655/381 4493/770/381
f 4490/791/379 4491/782/380 4498/783/380
f 4483/790/379 4489/781/380 4491/782/380
f 4481/789/379 4488/780/380 4489/781/380
f 4480/788/379 4487/779/380 4488/780/380
f 4479/787/379 4486/778/380 4487/779/380
f 4478/786/379 4485/777/380 4486/778/380
f 4477/785/379 4484/784/380 4485/777/380
f 4482/798/378 4483/790/379 4490/791/379
f 4475/797/378 4481/789/379 4483/790/379
f 4473/796/378 4480/788/379 4481/789/379
f 4472/795/378 4479/787/379 4480/788/379
f 4471/794/378 4478/786/379 4479/787/379
f 4470/793/378 4477/785/379 4478/786/379
f 4469/792/378 4476/659/379 4477/785/379
f 4474/806/375 4475/797/378 4482/798/378
f 4467/805/375 4473/796/378 4475/797/378
f 4465/804/375 4472/795/378 4473/796/378
f 4464/803/375 4471/794/378 4472/795/378
f 4463/802/375 4470/793/378 4471/794/378
f 4462/801/375 4469/792/378 4470/793/378
f 4461/800/375 4468/799/377 4469/792/378
f 4466/813/376 4467/805/375 4474/806/375
f 4459/812/373 4465/804/375 4467/805/375
f 4457/811/372 4464/803/375 4465/804/375
f 4456/810/373 4463/802/375 4464/803/375
f 4455/809/372 4462/801/375 4463/802/375
f 4454/808/373 4461/800/375 4462/801/375
f 4453/807/372 4460/663/374 4461/800/375
f 4458/821/370 4459/812/373 4466/813/376
f 4451/820/370 4457/811/372 4459/812/373
f 4449/819/370 4456/810/373 4457/811/372
f 4448/818/370 4455/809/372 4456/810/373
f 4447/817/370 4454/808/373 4455/809/372
f 4446/816/370 4453/807/372 4454/808/373
f 4445/815/370 4452/814/371 4453/807/372
f 4450/828/368 4451/820/370 4458/821/370
f 4443/827/368 4449/819/370 4451/820/370
f 4441/826/368 4448/818/370 4449/819/370
f 4440/825/368 4447/817/370 4448/818/370
f 4439/824/368 4446/816/370 4447/817/370
f 4438/823/368 4445/815/370 4446/816/370
f 4437/822/368 4444/667/370 4445/815/370
f 4442/836/369 4443/827/368 4450/828/368
f 4435/835/367 4441/826/368 4443/827/368
f 4433/834/367 4440/825/368 4441/826/368
f 4432/833/367 4439/824/368 4440/825/368
f 4431/832/367 4438/823/368 4439/824/368
f 4430/831/367 4437/822/368 4438/823/368
f 4429/830/367 4436/829/368 4437/822/368
f 4434/1403/365 4435/835/367 4442/836/369
f 4427/1401/365 4433/834/367 4435/835/367
f 4425/1399/365 4432/833/367 4433/834/367
f 4423/1397/365 4431/832/367 4432/833/367
f 4421/1395/365 4430/831/367 4431/832/367
f 4419/1393/365 4429/830/367 4430/831/367
f 4417/1391/365 4428/671/367 4429/830/367
f 4426/1402/366 4427/1401/365 4434/1403/365
f 4424/1400/366 4425/1399/365 4427/1401/365
f 4422/1398/366 4423/1397/365 4425/1399/365
f 4420/1396/366 4421/1395/365 4423/1397/365
f 4418/1394/366 4419/1393/365 4421/1395/365
f 4416/1392/366 4417/1391/365 4419/1393/365
f 4413/1389/366 4415/1388/365 4417/1391/365
f 4390/1412/1 4388/88/1 4389/1413/1
f 4388/88/1 4390/1412/1 4391/1414/1
f 4388/88/1 4391/1414/1 4392/1415/1
f 4388/88/1 4392/1415/1 4393/1416/1
f 4388/88/1 4393/1416/1 4394/1417/1
f 4388/88/1 4394/1417/1 4395/1418/1
f 4388/88/1 4395/1418/1 4396/1419/1
f 4388/88/1 4396/1419/1 4397/1420/1
f 4388/88/1 4397/1420/1 4398/1421/1
f 4388/88/1 4398/1421/1 4399/1422/1
f 4388/88/1 4399/1422/1 4400/1423/1
f 4388/88/1 4400/1423/1 4401/1424/1
f 4388/88/1 4401/1424/1 4402/1425/1
f 4388/88/1 4402/1425/1 4403/1426/1
f 4388/88/1 4403/1426/1 4404/1427/1
f 4388/88/1 4404/1427/1 4405/1428/1
f 4388/88/1 4405/1428/1 4406/1429/1
f 4388/88/1 4406/1429/1 4407/1430/1
f 4388/88/1 4407/1430/1 4408/1431/1
f 4388/88/1 4408/1431/1 4409/1432/1
f 4388/88/1 4409/1432/1 4410/1433/1
f 4388/88/1 4410/1433/1 4411/1434/1
f 4388/88/1 4411/1434/1 4412/1435/1
f 4388/88/1 4412/1435/1 4389/1413/1
f 4365/1435/2 4363/88/2 4364/1413/2
f 4363/88/2 4365/1435/2 4366/1434/2
f 4363/88/2 4366/1434/2 4367/1433/2
f 4363/88/2 4367/1433/2 4368/1432/2
f 4363/88/2 4368/1432/2 4369/1431/2
f 4363/88/2 4369/1431/2 4370/1430/2
f 4363/88/2 4370/1430/2 4371/1429/2
f 4363/88/2 4371/1429/2 4372/1428/2
f 4363/88/2 4372/1428/2 4373/1427/2
f 4363/88/2 4373/1427/2 4374/1426/2
f 4363/88/2 4374/1426/2 4375/1425/2
f 4363/88/2 4375/1425/2 4376/1424/2
f 4363/88/2 4376/1424/2 4377/1423/2
f 4363/88/2 4377/1423/2 4378/1422/2
f 4363/88/2 4378/1422/2 4379/1421/2
f 4363/88/2 4379/1421/2 4380/1420/2
f 4363/88/2 4380/1420/2 4381/1419/2
f 4363/88/2 4381/1419/2 4382/1418/2
f 4363/88/2 4382/1418/2 4383/1417/2
f 4363/88/2 4383/1417/2 4384/1416/2
f 4363/88/2 4384/1416/2 4385/1415/2
f 4363/88/2 4385/1415/2 4386/1414/2
f 4363/88/2 4386/1414/2 4387/1412/2
f 4363/88/2 4387/1412/2 4364/1413/2
f 5272/860/113 5271/861/114 5270/862/114
f 5255/863/402 5253/864/5 5254/88/5
f 5257/865/116 5256/866/115 5255/863/402
f 5259/867/403 5258/868/116 5257/865/116
f 5261/869/118 5260/870/117 5259/867/403
f 5263/871/119 5262/872/404 5261/869/118
f 5265/873/120 5264/874/119 5263/871/119
f 5267/875/121 5266/876/120 5265/873/120
f 5274/877/122 5273/878/113 5272/860/113
f 5276/879/405 5275/880/122 5274/877/122
f 5278/881/124 5277/882/123 5276/879/405
f 5280/883/406 5279/884/124 5278/881/124
f 5282/651/3 5281/885/125 5280/883/406
f 5285/886/126 5283/887/127 5284/888/407
f 5287/889/129 5283/887/127 5286/890/129
f 5283/887/127 5287/889/129 5288/891/130
f 5283/887/127 5288/891/130 5284/888/407
f 5291/892/131 5289/893/132 5290/894/133
f 5293/895/134 5289/893/132 5292/896/135
f 5292/896/135 5267/875/121 5294/897/134
f 5294/897/134 5267/875/121 5295/898/133
f 5267/875/121 5292/896/135 5289/893/132
f 5289/893/132 5293/895/134 5290/894/133
f 5296/899/131 5267/875/121 5283/887/127
f 5267/875/121 5296/899/131 5295/898/133
f 5299/900/129 5297/901/137 5298/902/408
f 5298/902/408 5297/901/137 5300/903/130
f 5300/903/130 5297/901/137 5301/904/128
f 5302/905/409 5297/901/137 5291/892/131
f 5297/901/137 5302/905/409 5301/904/128
f 5304/906/140 5303/907/129 5299/900/129
f 5303/907/129 5304/906/140 5305/908/141
f 5308/909/410 5306/910/143 5307/911/411
f 5309/912/141 5306/910/143 5305/908/141
f 5306/910/143 5309/912/141 5310/913/145
f 5306/910/143 5310/913/145 5307/911/411
f 5312/914/146 5269/915/147 5311/916/148
f 5313/917/149 5269/915/147 5268/918/150
f 5269/915/147 5313/917/149 5314/919/151
f 5316/920/152 5268/918/150 5315/921/148
f 5268/918/150 5316/920/152 5313/917/149
f 5317/922/146 5268/918/150 5306/910/143
f 5268/918/150 5317/922/146 5315/921/148
f 5269/915/147 5314/919/151 5311/916/148
f 5320/923/141 5318/924/412 5319/925/154
f 5319/925/154 5318/924/412 5321/926/155
f 5321/926/155 5318/924/412 5322/927/144
f 5323/928/413 5318/924/412 5312/914/146
f 5318/924/412 5323/928/413 5322/927/144
f 5325/929/157 5324/930/141 5320/923/141
f 5324/930/141 5325/929/157 5286/890/129
f 5286/890/129 5325/929/157 5287/889/129
f 5253/864/5 5255/863/402 5256/866/115
f 5318/924/412 5320/923/141 5324/930/141
f 5269/915/147 5312/914/146 5318/924/412
f 5306/910/143 5308/909/410 5317/922/146
f 5305/908/141 5304/906/140 5309/912/141
f 5297/901/137 5299/900/129 5303/907/129
f 5289/893/132 5291/892/131 5297/901/137
f 5283/887/127 5285/886/126 5296/899/131
f 5281/885/125 5282/651/3 5326/931/3
f 5279/884/124 5280/883/406 5281/885/125
f 5277/882/123 5278/881/124 5279/884/124
f 5275/880/122 5276/879/405 5277/882/123
f 5273/878/113 5274/877/122 5275/880/122
f 5271/861/114 5272/860/113 5273/878/113
f 5268/918/150 5270/862/114 5271/861/114
f 5266/876/120 5267/875/121 5289/893/132
f 5264/874/119 5265/873/120 5266/876/120
f 5262/872/404 5263/871/119 5264/874/119
f 5260/870/117 5261/869/118 5262/872/404
f 5258/868/116 5259/867/403 5260/870/117
f 5256/866/115 5257/865/116 5258/868/116
f 5270/862/114 5268/918/150 5269/915/147
f 5251/932/5 5249/933/5 5250/934/5
f 5249/933/5 5251/932/5 5252/935/5
f 5225/936/4 5236/937/4 5247/938/4
f 5224/939/4 5244/940/4 5248/941/4
f 5235/942/4 5234/943/4 5245/944/4
f 5239/945/4 5222/946/4 5240/947/4
f 5246/948/4 5247/938/4 5231/949/4
f 5235/942/4 5242/950/4 5224/939/4
f 5243/951/4 5224/939/4 5248/941/4
f 5219/952/4 5238/953/4 5229/954/4
f 5247/938/4 5246/948/4 5225/936/4
f 5231/949/4 5233/955/4 5246/948/4
f 5241/956/4 5235/942/4 5245/944/4
f 5244/940/4 5224/939/4 5242/950/4
f 5222/946/4 5224/939/4 5243/951/4
f 5219/952/4 5240/947/4 5237/957/4
f 5225/936/4 5228/958/4 5226/959/4
f 5231/949/4 5235/942/4 5232/960/4
f 5221/961/4 5219/952/4 5220/962/4
f 5224/939/4 5222/946/4 5223/963/4
f 5227/964/4 5225/936/4 5226/959/4
f 5228/958/4 5225/936/4 5221/961/4
f 5220/962/4 5219/952/4 5229/954/4
f 5223/963/4 5222/946/4 5230/965/4
f 5233/955/4 5231/949/4 5232/960/4
f 5235/942/4 5231/949/4 5234/943/4
f 5225/936/4 5227/964/4 5236/937/4
f 5219/952/4 5221/961/4 5225/936/4
f 5238/953/4 5219/952/4 5237/957/4
f 5240/947/4 5219/952/4 5239/945/4
f 5230/965/4 5222/946/4 5239/945/4
f 5242/950/4 5235/942/4 5241/956/4
f 5217/966/5 5215/967/5 5216/968/5
f 5215/967/5 5217/966/5 5218/969/5
f 5172/970/6 5198/971/6 5196/972/6
f 5194/973/6 5196/972/6 5213/974/6
f 5214/975/6 5196/972/6 5198/971/6
f 5207/976/6 5205/977/6 5193/978/6
f 5212/979/6 5196/972/6 5214/975/6
f 5211/980/6 5190/981/6 5164/982/6
f 5175/983/6 5178/984/6 5202/985/6
f 5213/974/6 5196/972/6 5212/979/6
f 5190/981/6 5207/976/6 5194/973/6
f 5210/986/6 5207/976/6 5211/980/6
f 5183/987/6 5204/988/6 5203/989/6
f 5159/990/6 5161/991/6 5184/992/6
f 5209/993/6 5194/973/6 5207/976/6
f 5190/981/6 5211/980/6 5207/976/6
f 5187/994/6 5175/983/6 5173/995/6
f 5191/996/6 5164/982/6 5190/981/6
f 5159/990/6 5174/997/6 5186/998/6
f 5159/990/6 5185/999/6 5168/1000/6
f 5189/1001/6 5172/970/6 5171/1002/6
f 5179/1003/6 5183/987/6 5180/1004/6
f 5188/1005/6 5178/984/6 5183/987/6
f 5177/1006/6 5175/983/6 5187/994/6
f 5173/995/6 5176/1007/6 5174/997/6
f 5160/1008/6 5159/990/6 5186/998/6
f 5185/999/6 5159/990/6 5184/992/6
f 5168/1000/6 5172/970/6 5169/1009/6
f 5183/987/6 5179/1003/6 5182/1010/6
f 5181/1011/6 5179/1003/6 5180/1004/6
f 5178/984/6 5175/983/6 5177/1006/6
f 5176/1007/6 5173/995/6 5175/983/6
f 5174/997/6 5159/990/6 5173/995/6
f 5162/1012/6 5164/982/6 5167/1013/6
f 5172/970/6 5168/1000/6 5171/1002/6
f 5170/1014/6 5168/1000/6 5169/1009/6
f 5167/1013/6 5164/982/6 5166/1015/6
f 5165/1016/6 5160/1008/6 5162/1012/6
f 5163/1017/6 5162/1012/6 5160/1008/6
f 5161/991/6 5160/1008/6 5165/1016/6
f 5164/982/6 5162/1012/6 5163/1017/6
f 5161/991/6 5159/990/6 5160/1008/6
f 5208/1018/6 5207/976/6 5210/986/6
f 5193/978/6 5206/1019/6 5179/1003/6
f 5178/984/6 5192/1020/6 5201/1021/6
f 5172/970/6 5189/1001/6 5197/1022/6
f 5195/1023/6 5194/973/6 5209/993/6
f 5205/977/6 5207/976/6 5208/1018/6
f 5206/1019/6 5193/978/6 5205/977/6
f 5183/987/6 5182/1010/6 5204/988/6
f 5188/1005/6 5183/987/6 5203/989/6
f 5202/985/6 5178/984/6 5201/1021/6
f 5164/982/6 5200/1024/6 5199/1025/6
f 5164/982/6 5191/996/6 5200/1024/6
f 5166/1015/6 5164/982/6 5199/1025/6
f 5168/1000/6 5170/1014/6 5159/990/6
f 5198/971/6 5172/970/6 5197/1022/6
f 5196/972/6 5194/973/6 5195/1023/6
f 5179/1003/6 5181/1011/6 5193/978/6
f 5178/984/6 5188/1005/6 5192/1020/6
f 5155/967/3 5157/966/3 5158/968/3
f 5157/966/3 5155/967/3 5156/969/3
f 5142/1026/4 5141/1027/4 5134/1028/4
f 5140/1029/4 5138/1030/4 5139/1031/4
f 5129/1032/4 5131/1033/4 5138/1030/4
f 5137/1034/4 5127/1035/4 5136/1036/4
f 5125/1037/4 5127/1035/4 5135/1038/4
f 5129/1032/4 5133/1039/4 5130/1040/4
f 5128/1041/4 5125/1037/4 5134/1028/4
f 5133/1039/4 5129/1032/4 5132/1042/4
f 5131/1033/4 5129/1032/4 5130/1040/4
f 5126/1043/4 5125/1037/4 5128/1041/4
f 5127/1035/4 5125/1037/4 5126/1043/4
f 5138/1030/4 5140/1029/4 5129/1032/4
f 5145/1044/4 5139/1031/4 5144/1045/4
f 5127/1035/4 5137/1034/4 5135/1038/4
f 5141/1027/4 5142/1026/4 5148/1046/4
f 5127/1035/4 5143/1047/4 5136/1036/4
f 5150/1048/4 5133/1039/4 5149/1049/4
f 5139/1031/4 5145/1044/4 5140/1029/4
f 5146/1050/4 5141/1027/4 5151/1051/4
f 5141/1027/4 5148/1046/4 5152/1052/4
f 5133/1039/4 5150/1048/4 5143/1047/4
f 5144/1045/4 5139/1031/4 5153/1053/4
f 5154/1054/4 5139/1031/4 5147/1055/4
f 5141/1027/4 5152/1052/4 5151/1051/4
f 5133/1039/4 5132/1042/4 5149/1049/4
f 5139/1031/4 5154/1054/4 5153/1053/4
f 5134/1028/4 5125/1037/4 5142/1026/4
f 5147/1055/4 5141/1027/4 5146/1050/4
f 5143/1047/4 5127/1035/4 5133/1039/4
f 5141/1027/4 5147/1055/4 5139/1031/4
f 5069/1056/158 5018/864/3 5067/1057/158
f 5019/88/3 5017/1058/159 5018/864/3
f 5021/1059/159 5020/1060/160 5017/1058/159
f 5023/1061/160 5022/1062/161 5020/1060/160
f 5025/1063/161 5024/1064/162 5022/1062/161
f 5027/694/162 5026/1065/163 5024/1064/162
f 5029/1066/163 5028/1067/164 5026/1065/163
f 5031/1068/164 5030/1069/165 5028/1067/164
f 5017/1058/159 5019/88/3 5021/1059/159
f 5020/1060/160 5021/1059/159 5023/1061/160
f 5022/1062/161 5023/1061/160 5025/1063/161
f 5024/1064/162 5025/1063/161 5027/694/162
f 5026/1065/163 5027/694/162 5029/1066/163
f 5028/1067/164 5029/1066/163 5031/1068/164
f 5030/1069/165 5031/1068/164 5033/1070/165
f 5032/1071/4 5033/1070/165 5035/639/4
f 5034/1072/166 5035/639/4 5037/1073/166
f 5036/1074/167 5037/1073/166 5039/1075/167
f 5038/1076/168 5039/1075/167 5041/1077/168
f 5040/1078/169 5041/1077/168 5043/739/169
f 5042/1079/170 5043/739/169 5045/1080/170
f 5044/1081/171 5045/1080/170 5047/1082/171
f 5046/1083/172 5047/1082/171 5049/1084/172
f 5048/931/5 5049/1084/172 5051/651/5
f 5050/1085/173 5051/651/5 5053/1086/173
f 5052/1087/174 5053/1086/173 5055/1088/174
f 5054/1089/175 5055/1088/174 5057/1090/175
f 5056/1091/176 5057/1090/175 5059/784/176
f 5058/1092/177 5059/784/176 5085/1093/177
f 5060/1094/178 5062/1095/179 5064/829/178
f 5063/1096/180 5064/829/178 5066/1097/180
f 5065/1098/181 5066/1097/180 5068/1099/181
f 5067/1057/158 5068/1099/181 5069/1056/158
f 5018/864/3 5069/1056/158 5019/88/3
f 5070/1100/182 5072/1101/183 5081/1102/184
f 5076/1103/185 5080/1104/186 5086/1105/187
f 5058/1092/177 5084/1106/187 5087/1107/188
f 5087/1107/188 5089/1108/184 5094/1109/189
f 5094/1109/189 5096/906/6 5103/1110/6
f 5099/1111/190 5101/1112/191 5109/1113/192
f 5104/1114/193 5108/1115/414 5113/1116/195
f 5062/1095/179 5112/1117/195 5114/1118/196
f 5114/1118/196 5116/1119/192 5121/1120/197
f 5121/1120/197 5075/929/6 5074/663/6
f 5121/1120/197 5124/1121/198 5122/1122/199
f 5121/1120/197 5123/1123/200 5124/1121/198
f 5123/1123/200 5121/1120/197 5116/1119/192
f 5075/929/6 5121/1120/197 5122/1122/199
f 5114/1118/196 5119/1124/201 5117/1125/202
f 5114/1118/196 5120/1126/414 5118/1127/415
f 5120/1126/414 5114/1118/196 5112/1117/195
f 5119/1124/201 5114/1118/196 5118/1127/415
f 5115/1128/205 5114/1118/196 5117/1125/202
f 5116/1119/192 5114/1118/196 5115/1128/205
f 5061/1129/179 5113/1116/195 5111/1130/416
f 5113/1116/195 5061/1129/179 5104/1114/193
f 5111/1130/416 5062/1095/179 5061/1129/179
f 5112/1117/195 5062/1095/179 5111/1130/416
f 5104/1114/193 5110/1131/205 5105/1132/202
f 5033/1070/165 5032/1071/4 5030/1069/165
f 5109/1113/192 5104/1114/193 5099/1111/190
f 5104/1114/193 5107/1133/415 5108/1115/414
f 5104/1114/193 5106/1134/207 5107/1133/415
f 5106/1134/207 5104/1114/193 5105/1132/202
f 5099/1111/190 5096/906/6 5102/1135/208
f 5096/906/6 5099/1111/190 5103/1110/6
f 5100/1136/198 5099/1111/190 5102/1135/208
f 5101/1112/191 5099/1111/190 5100/1136/198
f 5094/1109/189 5098/1137/209 5095/1138/210
f 5094/1109/189 5097/1139/417 5098/1137/209
f 5097/1139/417 5094/1109/189 5089/1108/184
f 5096/906/6 5094/1109/189 5095/1138/210
f 5087/1107/188 5092/1140/212 5090/1141/213
f 5087/1107/188 5093/1142/186 5091/1143/214
f 5093/1142/186 5087/1107/188 5084/1106/187
f 5092/1140/212 5087/1107/188 5091/1143/214
f 5088/1144/215 5087/1107/188 5090/1141/213
f 5089/1108/184 5087/1107/188 5088/1144/215
f 5085/1093/177 5083/1145/216 5058/1092/177
f 5085/1093/177 5086/1105/187 5083/1145/216
f 5086/1105/187 5085/1093/177 5076/1103/185
f 5084/1106/187 5058/1092/177 5083/1145/216
f 5076/1103/185 5082/1146/215 5077/1147/213
f 5076/1103/185 5081/1102/184 5082/1146/215
f 5081/1102/184 5076/1103/185 5070/1100/182
f 5076/1103/185 5079/1148/214 5080/1104/186
f 5076/1103/185 5078/1149/217 5079/1148/214
f 5078/1149/217 5076/1103/185 5077/1147/213
f 5070/1100/182 5075/929/6 5073/1150/218
f 5075/929/6 5070/1100/182 5074/663/6
f 5071/1151/209 5070/1100/182 5073/1150/218
f 5072/1101/183 5070/1100/182 5071/1151/209
f 5104/1114/193 5109/1113/192 5110/1131/205
f 5068/1099/181 5067/1057/158 5065/1098/181
f 5066/1097/180 5065/1098/181 5063/1096/180
f 5064/829/178 5063/1096/180 5060/1094/178
f 5062/1095/179 5060/1094/178 5061/1129/179
f 5059/784/176 5058/1092/177 5056/1091/176
f 5057/1090/175 5056/1091/176 5054/1089/175
f 5055/1088/174 5054/1089/175 5052/1087/174
f 5053/1086/173 5052/1087/174 5050/1085/173
f 5051/651/5 5050/1085/173 5048/931/5
f 5049/1084/172 5048/931/5 5046/1083/172
f 5047/1082/171 5046/1083/172 5044/1081/171
f 5045/1080/170 5044/1081/171 5042/1079/170
f 5043/739/169 5042/1079/170 5040/1078/169
f 5041/1077/168 5040/1078/169 5038/1076/168
f 5039/1075/167 5038/1076/168 5036/1074/167
f 5037/1073/166 5036/1074/167 5034/1072/166
f 5035/639/4 5034/1072/166 5032/1071/4
f 5013/933/3 5015/932/3 5016/934/3
f 5015/932/3 5013/933/3 5014/935/3
f 4955/1152/1 4950/1153/1 4954/1154/1
f 4958/1155/1 4956/1156/1 4957/1157/1
f 4960/1158/1 4957/1157/1 4959/1159/1
f 4963/1160/1 4961/1161/1 4962/1162/1
f 4966/1163/1 4964/1164/1 4965/1165/1
f 4968/1166/1 4965/1165/1 4967/1167/1
f 4950/1153/1 4955/1152/1 4951/1168/1
f 4970/1169/1 4954/1154/1 4969/1170/1
f 4957/1157/1 4960/1158/1 4958/1155/1
f 4960/1158/1 4971/1171/1 4972/1172/1
f 4972/1172/1 4973/1173/1 4963/1160/1
f 4961/1161/1 4963/1160/1 4973/1173/1
f 4965/1165/1 4968/1166/1 4966/1163/1
f 4975/1174/1 4967/1167/1 4974/1175/1
f 4975/1174/1 4976/1176/1 4977/1177/1
f 4977/1177/1 4953/1178/1 4952/1179/1
f 4954/1154/1 4970/1169/1 4955/1152/1
f 4980/1180/1 4978/1181/1 4979/1182/1
f 4982/1183/1 4978/1181/1 4981/1184/1
f 4962/1162/1 4961/1161/1 4964/1164/1
f 4967/1167/1 4975/1174/1 4968/1166/1
f 4953/1178/1 4977/1177/1 4976/1176/1
f 4970/1169/1 4969/1170/1 4980/1180/1
f 4979/1182/1 4978/1181/1 4983/1185/1
f 4982/1183/1 4981/1184/1 4984/1186/1
f 4973/1173/1 4972/1172/1 4971/1171/1
f 4976/1176/1 4975/1174/1 4974/1175/1
f 4978/1181/1 4980/1180/1 4969/1170/1
f 4986/1187/1 4978/1181/1 4985/1188/1
f 4984/1186/1 4981/1184/1 4987/1189/1
f 4949/1190/1 4952/1179/1 4953/1178/1
f 4978/1181/1 4986/1187/1 4983/1185/1
f 4987/1189/1 4981/1184/1 4988/1191/1
f 4991/1192/1 4989/1193/1 4990/1194/1
f 4949/1190/1 4951/1168/1 4952/1179/1
f 4993/1195/1 4978/1181/1 4992/1196/1
f 4988/1191/1 4981/1184/1 4994/1197/1
f 4996/1198/1 4981/1184/1 4995/1199/1
f 4998/1200/1 4997/1201/1 4991/1192/1
f 4989/1193/1 4991/1192/1 4997/1201/1
f 4978/1181/1 4993/1195/1 4985/1188/1
f 4994/1197/1 4981/1184/1 4999/1202/1
f 4981/1184/1 4996/1198/1 5000/1203/1
f 5002/1204/1 5001/1205/1 4998/1200/1
f 4990/1194/1 4989/1193/1 4956/1156/1
f 4978/1181/1 4982/1183/1 4992/1196/1
f 4996/1198/1 4995/1199/1 5002/1204/1
f 4997/1201/1 4998/1200/1 5001/1205/1
f 4981/1184/1 5000/1203/1 4999/1202/1
f 5005/1206/1 5003/1207/1 5004/1208/1
f 4956/1156/1 4958/1155/1 4990/1194/1
f 5003/1207/1 5005/1206/1 5006/1209/1
f 5001/1205/1 5002/1204/1 4995/1199/1
f 5004/1208/1 5003/1207/1 5007/1210/1
f 4981/1184/1 5007/1210/1 5003/1207/1
f 4981/1184/1 4978/1181/1 5007/1210/1
f 5010/1211/1 5008/1212/1 5009/1213/1
f 5003/1207/1 5006/1209/1 5011/1214/1
f 5008/1212/1 5010/1211/1 5006/1209/1
f 5006/1209/1 5010/1211/1 5011/1214/1
f 5006/1209/1 5005/1206/1 5012/1215/1
f 4964/1164/1 4966/1163/1 4962/1162/1
f 4971/1171/1 4960/1158/1 4959/1159/1
f 4951/1168/1 4949/1190/1 4950/1153/1
f 4922/1200/2 4897/1201/2 4921/1205/2
f 4940/1214/2 4939/1210/2 4943/1207/2
f 4929/1154/2 4930/1169/2 4903/1170/2
f 4939/1210/2 4941/1211/2 4942/1212/2
f 4896/1193/2 4898/1192/2 4920/1194/2
f 4941/1211/2 4939/1210/2 4940/1214/2
f 4885/1184/2 4887/1197/2 4938/1202/2
f 4913/1161/2 4915/1160/2 4895/1162/2
f 4900/1181/2 4927/1187/2 4936/1188/2
f 4885/1184/2 4934/1198/2 4923/1199/2
f 4931/1171/2 4918/1158/2 4932/1172/2
f 4907/1178/2 4909/1177/2 4889/1179/2
f 4904/1180/2 4903/1170/2 4930/1169/2
f 4900/1181/2 4937/1195/2 4901/1196/2
f 4935/1203/2 4885/1184/2 4938/1202/2
f 4921/1205/2 4924/1204/2 4922/1200/2
f 4916/1157/2 4918/1158/2 4933/1159/2
f 4887/1197/2 4885/1184/2 4886/1191/2
f 4942/1212/2 4941/1211/2 4948/1213/2
f 4942/1212/2 4946/1206/2 4947/1208/2
f 4944/1209/2 4946/1206/2 4942/1212/2
f 4939/1210/2 4942/1212/2 4947/1208/2
f 4946/1206/2 4944/1209/2 4945/1215/2
f 4900/1181/2 4885/1184/2 4943/1207/2
f 4890/1168/2 4888/1190/2 4889/1179/2
f 4893/1166/2 4891/1165/2 4892/1163/2
f 4892/1163/2 4894/1164/2 4895/1162/2
f 4898/1192/2 4896/1193/2 4897/1201/2
f 4886/1191/2 4885/1184/2 4899/1189/2
f 4902/1183/2 4900/1181/2 4901/1196/2
f 4904/1180/2 4900/1181/2 4903/1170/2
f 4906/1152/2 4905/1153/2 4890/1168/2
f 4888/1190/2 4890/1168/2 4905/1153/2
f 4909/1177/2 4907/1178/2 4908/1176/2
f 4911/1174/2 4908/1176/2 4910/1175/2
f 4911/1174/2 4912/1167/2 4893/1166/2
f 4894/1164/2 4892/1163/2 4891/1165/2
f 4915/1160/2 4913/1161/2 4914/1173/2
f 4918/1158/2 4916/1157/2 4917/1155/2
f 4917/1155/2 4919/1156/2 4920/1194/2
f 4896/1193/2 4920/1194/2 4919/1156/2
f 4900/1181/2 4943/1207/2 4939/1210/2
f 4924/1204/2 4921/1205/2 4923/1199/2
f 4899/1189/2 4885/1184/2 4925/1186/2
f 4900/1181/2 4902/1183/2 4885/1184/2
f 4927/1187/2 4900/1181/2 4926/1185/2
f 4900/1181/2 4904/1180/2 4928/1182/2
f 4930/1169/2 4929/1154/2 4906/1152/2
f 4889/1179/2 4888/1190/2 4907/1178/2
f 4908/1176/2 4911/1174/2 4909/1177/2
f 4891/1165/2 4893/1166/2 4912/1167/2
f 4914/1173/2 4932/1172/2 4915/1160/2
f 4913/1161/2 4895/1162/2 4894/1164/2
f 4932/1172/2 4914/1173/2 4931/1171/2
f 4918/1158/2 4931/1171/2 4933/1159/2
f 4919/1156/2 4917/1155/2 4916/1157/2
f 4897/1201/2 4922/1200/2 4898/1192/2
f 4924/1204/2 4923/1199/2 4934/1198/2
f 4934/1198/2 4885/1184/2 4935/1203/2
f 4885/1184/2 4902/1183/2 4925/1186/2
f 4937/1195/2 4900/1181/2 4936/1188/2
f 4900/1181/2 4928/1182/2 4926/1185/2
f 4905/1153/2 4906/1152/2 4929/1154/2
f 4912/1167/2 4911/1174/2 4910/1175/2
f 4877/1216/219 4879/1217/220 4880/1218/220
f 4880/1218/220 4881/1219/222 4882/1220/222
f 4882/1220/222 4883/1221/2 4884/1222/2
f 4883/1221/2 4882/1220/222 4881/1219/222
f 4881/1219/222 4880/1218/220 4879/1217/220
f 4879/1217/220 4877/1216/219 4878/1223/418
f 4874/1220/224 4875/1221/419 4876/1222/419
f 4869/1216/420 4871/1217/225 4872/1218/225
f 4872/1218/225 4873/1219/421 4874/1220/224
f 4873/1219/421 4872/1218/225 4871/1217/225
f 4875/1221/419 4874/1220/224 4873/1219/421
f 4871/1217/225 4869/1216/420 4870/1223/352
f 4863/1224/226 4861/1225/227 4862/1226/422
f 4861/1225/227 4863/1224/226 4864/1227/226
f 4864/1227/226 4865/1228/423 4866/1229/229
f 4866/1229/229 4867/1230/350 4868/1231/231
f 4867/1230/350 4866/1229/229 4865/1228/423
f 4865/1228/423 4864/1227/226 4863/1224/226
f 4856/1227/232 4857/1228/424 4858/1229/233
f 4858/1229/233 4859/1230/234 4860/1231/425
f 4859/1230/234 4858/1229/233 4857/1228/424
f 4857/1228/424 4856/1227/232 4855/1224/232
f 4855/1224/232 4853/1225/236 4854/1226/236
f 4853/1225/236 4855/1224/232 4856/1227/232
f 4845/643/104 4847/1232/237 4849/1233/104
f 4848/647/238 4849/1233/104 4851/1234/426
f 4850/651/239 4851/1234/426 4852/1235/427
f 4851/1234/426 4850/651/239 4848/647/238
f 4849/1233/104 4848/647/238 4845/643/104
f 4847/1232/237 4845/643/104 4846/639/237
f 4840/1236/240 4841/643/102 4843/647/240
f 4842/931/241 4843/647/240 4844/651/5
f 4843/647/240 4842/931/241 4840/1236/240
f 4841/643/102 4840/1236/240 4837/1237/102
f 4839/639/242 4837/1237/102 4838/1071/243
f 4837/1237/102 4839/639/242 4841/643/102
f 4801/1238/244 4800/1239/245 4797/1240/244
f 4803/1241/245 4802/1242/246 4800/1239/245
f 4805/1243/246 4804/1244/247 4802/1242/246
f 4807/1245/247 4806/1246/3 4804/1244/247
f 4809/1247/3 4808/1248/248 4806/1246/3
f 4811/1249/248 4810/1250/249 4808/1248/248
f 4813/1251/249 4812/1252/250 4810/1250/249
f 4815/1253/250 4814/1254/251 4812/1252/250
f 4817/1255/251 4816/1256/1 4814/1254/251
f 4819/1257/1 4818/1258/252 4816/1256/1
f 4821/1259/252 4820/1260/253 4818/1258/252
f 4823/1261/253 4822/1262/254 4820/1260/253
f 4825/1263/254 4824/1264/255 4822/1262/254
f 4827/1265/255 4826/1266/5 4824/1264/255
f 4829/1267/5 4828/1268/256 4826/1266/5
f 4831/1269/256 4830/1270/257 4828/1268/256
f 4833/1271/257 4832/1272/258 4830/1270/257
f 4835/1273/258 4834/1274/259 4832/1272/258
f 4836/1275/259 4798/1276/2 4834/1274/259
f 4798/1276/2 4836/1275/259 4799/1277/2
f 4834/1274/259 4835/1273/258 4836/1275/259
f 4826/1266/5 4827/1265/255 4829/1267/5
f 4832/1272/258 4833/1271/257 4835/1273/258
f 4830/1270/257 4831/1269/256 4833/1271/257
f 4828/1268/256 4829/1267/5 4831/1269/256
f 4799/1277/2 4797/1240/244 4798/1276/2
f 4824/1264/255 4825/1263/254 4827/1265/255
f 4822/1262/254 4823/1261/253 4825/1263/254
f 4820/1260/253 4821/1259/252 4823/1261/253
f 4818/1258/252 4819/1257/1 4821/1259/252
f 4816/1256/1 4817/1255/251 4819/1257/1
f 4814/1254/251 4815/1253/250 4817/1255/251
f 4812/1252/250 4813/1251/249 4815/1253/250
f 4810/1250/249 4811/1249/248 4813/1251/249
f 4808/1248/248 4809/1247/3 4811/1249/248
f 4806/1246/3 4807/1245/247 4809/1247/3
f 4804/1244/247 4805/1243/246 4807/1245/247
f 4802/1242/246 4803/1241/245 4805/1243/246
f 4800/1239/245 4801/1238/244 4803/1241/245
f 4797/1240/244 4799/1277/2 4801/1238/244
f 4784/1278/428 4787/1279/261 4785/1280/429
f 4786/1281/263 4789/1282/430 4787/1279/261
f 4788/1283/316 4791/1284/431 4789/1282/430
f 4790/1285/432 4793/1239/433 4791/1284/431
f 4792/1286/434 4795/1240/321 4793/1239/433
f 4794/1287/321 4796/1288/435 4795/1240/321
f 4796/1288/435 4794/1287/321 4757/1289/436
f 4795/1240/321 4792/1286/434 4794/1287/321
f 4793/1239/433 4790/1285/432 4792/1286/434
f 4791/1284/431 4788/1283/316 4790/1285/432
f 4789/1282/430 4786/1281/263 4788/1283/316
f 4787/1279/261 4784/1278/428 4786/1281/263
f 4785/1280/429 4782/1290/272 4784/1278/428
f 4782/1290/272 4785/1280/429 4783/1291/437
f 4781/1292/311 4778/1293/277 4780/1294/438
f 4779/1295/277 4776/1296/278 4778/1293/277
f 4777/1297/278 4774/1298/439 4776/1296/278
f 4775/1299/440 4772/1300/441 4774/1298/439
f 4773/1301/442 4770/1302/306 4772/1300/441
f 4771/1303/443 4768/1304/444 4770/1302/306
f 4769/1305/444 4766/1306/286 4768/1304/444
f 4767/1307/286 4764/1308/287 4766/1306/286
f 4765/1309/287 4762/1310/445 4764/1308/287
f 4763/1311/446 4760/1312/447 4762/1310/445
f 4761/1313/448 4758/1314/449 4760/1312/447
f 4759/1315/450 4757/1289/436 4758/1314/449
f 4780/1294/438 4783/1291/437 4781/1292/311
f 4778/1293/277 4781/1292/311 4779/1295/277
f 4776/1296/278 4779/1295/277 4777/1297/278
f 4774/1298/439 4777/1297/278 4775/1299/440
f 4772/1300/441 4775/1299/440 4773/1301/442
f 4770/1302/306 4773/1301/442 4771/1303/443
f 4768/1304/444 4771/1303/443 4769/1305/444
f 4766/1306/286 4769/1305/444 4767/1307/286
f 4764/1308/287 4767/1307/286 4765/1309/287
f 4762/1310/445 4765/1309/287 4763/1311/446
f 4760/1312/447 4763/1311/446 4761/1313/448
f 4758/1314/449 4761/1313/448 4759/1315/450
f 4757/1289/436 4759/1315/450 4796/1288/435
f 4783/1291/437 4780/1294/438 4782/1290/272
f 4727/1245/247 4726/1246/3 4724/1244/294
f 4721/1238/244 4720/1239/245 4717/1240/244
f 4723/1241/245 4722/1242/246 4720/1239/245
f 4725/1243/246 4724/1244/294 4722/1242/246
f 4729/1247/3 4728/1248/248 4726/1246/3
f 4731/1249/295 4730/1250/249 4728/1248/248
f 4733/1251/249 4732/1252/250 4730/1250/249
f 4735/1253/250 4734/1254/251 4732/1252/250
f 4737/1255/251 4736/1256/1 4734/1254/251
f 4739/1257/1 4738/1258/252 4736/1256/1
f 4741/1259/252 4740/1260/253 4738/1258/252
f 4743/1261/253 4742/1262/254 4740/1260/253
f 4745/1263/254 4744/1264/255 4742/1262/254
f 4747/1265/255 4746/1266/5 4744/1264/255
f 4749/1267/5 4748/1268/256 4746/1266/5
f 4751/1269/256 4750/1270/257 4748/1268/256
f 4753/1271/257 4752/1272/258 4750/1270/257
f 4755/1273/258 4754/1274/259 4752/1272/258
f 4756/1275/259 4718/1276/2 4754/1274/259
f 4718/1276/2 4756/1275/259 4719/1277/2
f 4754/1274/259 4755/1273/258 4756/1275/259
f 4752/1272/258 4753/1271/257 4755/1273/258
f 4750/1270/257 4751/1269/256 4753/1271/257
f 4748/1268/256 4749/1267/5 4751/1269/256
f 4746/1266/5 4747/1265/255 4749/1267/5
f 4744/1264/255 4745/1263/254 4747/1265/255
f 4742/1262/254 4743/1261/253 4745/1263/254
f 4740/1260/253 4741/1259/252 4743/1261/253
f 4738/1258/252 4739/1257/1 4741/1259/252
f 4736/1256/1 4737/1255/251 4739/1257/1
f 4734/1254/251 4735/1253/250 4737/1255/251
f 4732/1252/250 4733/1251/249 4735/1253/250
f 4730/1250/249 4731/1249/295 4733/1251/249
f 4728/1248/248 4729/1247/3 4731/1249/295
f 4726/1246/3 4727/1245/247 4729/1247/3
f 4724/1244/294 4725/1243/246 4727/1245/247
f 4722/1242/246 4723/1241/245 4725/1243/246
f 4720/1239/245 4721/1238/244 4723/1241/245
f 4717/1240/244 4719/1277/2 4721/1238/244
f 4719/1277/2 4717/1240/244 4718/1276/2
f 4679/1315/293 4677/1289/271 4678/1314/297
f 4681/1313/451 4678/1314/297 4680/1312/452
f 4683/1311/453 4680/1312/452 4682/1310/454
f 4685/1309/455 4682/1310/454 4684/1308/455
f 4687/1307/301 4684/1308/455 4686/1306/302
f 4689/1305/456 4686/1306/302 4688/1304/456
f 4691/1303/457 4688/1304/456 4690/1302/458
f 4693/1301/459 4690/1302/458 4692/1300/460
f 4695/1299/461 4692/1300/460 4694/1298/462
f 4697/1297/278 4694/1298/462 4696/1296/278
f 4699/1295/463 4696/1296/278 4698/1293/464
f 4701/1292/311 4698/1293/464 4700/1294/276
f 4703/1291/465 4700/1294/276 4702/1290/437
f 4705/1280/466 4702/1290/437 4704/1278/314
f 4707/1279/261 4704/1278/314 4706/1281/261
f 4709/1282/316 4706/1281/261 4708/1283/316
f 4711/1284/266 4708/1283/316 4710/1285/318
f 4713/1239/467 4710/1285/318 4712/1286/320
f 4715/1240/468 4712/1286/320 4714/1287/469
f 4716/1288/271 4714/1287/469 4677/1289/271
f 4714/1287/469 4716/1288/271 4715/1240/468
f 4712/1286/320 4715/1240/468 4713/1239/467
f 4710/1285/318 4713/1239/467 4711/1284/266
f 4708/1283/316 4711/1284/266 4709/1282/316
f 4706/1281/261 4709/1282/316 4707/1279/261
f 4704/1278/314 4707/1279/261 4705/1280/466
f 4702/1290/437 4705/1280/466 4703/1291/465
f 4700/1294/276 4703/1291/465 4701/1292/311
f 4698/1293/464 4701/1292/311 4699/1295/463
f 4696/1296/278 4699/1295/463 4697/1297/278
f 4694/1298/462 4697/1297/278 4695/1299/461
f 4692/1300/460 4695/1299/461 4693/1301/459
f 4690/1302/458 4693/1301/459 4691/1303/457
f 4688/1304/456 4691/1303/457 4689/1305/456
f 4686/1306/302 4689/1305/456 4687/1307/301
f 4684/1308/455 4687/1307/301 4685/1309/455
f 4682/1310/454 4685/1309/455 4683/1311/453
f 4680/1312/452 4683/1311/453 4681/1313/451
f 4678/1314/297 4681/1313/451 4679/1315/293
f 4677/1289/271 4679/1315/293 4716/1288/271
f 4608/1316/2 4605/1317/322 4610/1318/323
f 4613/1319/324 4611/1320/470 4612/1321/245
f 4611/1320/470 4613/1319/324 4606/1322/326
f 4606/1322/326 4613/1319/324 4607/1323/326
f 4615/1324/245 4614/1325/246 4612/1321/245
f 4618/1326/246 4616/1327/327 4617/1328/328
f 4616/1327/327 4618/1326/246 4619/1329/329
f 4616/1327/327 4619/1329/329 4620/1330/327
f 4620/1330/327 4621/1331/330 4616/1327/327
f 4623/1332/330 4622/1333/331 4621/1331/330
f 4622/1333/331 4623/1332/330 4624/1334/331
f 4625/1335/471 4622/1333/331 4624/1334/331
f 4627/1336/333 4626/1337/332 4625/1335/471
f 4626/1337/332 4627/1336/333 4628/1338/333
f 4630/1339/249 4628/1338/333 4629/1340/334
f 4629/1340/334 4628/1338/333 4627/1336/333
f 4632/1341/335 4630/1339/249 4631/1342/249
f 4633/1343/250 4631/1342/249 4630/1339/249
f 4636/1344/336 4634/1345/337 4635/1346/338
f 4636/1344/336 4635/1346/338 4637/1347/338
f 4634/1345/337 4638/1348/250 4633/1343/250
f 4641/1349/472 4639/1350/1 4640/1351/340
f 4637/1347/338 4641/1349/472 4640/1351/340
f 4641/1349/472 4637/1347/338 4635/1346/338
f 4644/1352/473 4642/1353/342 4643/1354/341
f 4642/1353/342 4639/1350/1 4645/1355/234
f 4639/1350/1 4642/1353/342 4646/1356/343
f 4649/1357/344 4647/1358/474 4648/1359/253
f 4647/1358/474 4649/1357/344 4643/1354/341
f 4643/1354/341 4649/1357/344 4644/1352/473
f 4651/1360/253 4650/1361/254 4648/1359/253
f 4654/1362/254 4652/1363/346 4653/1364/347
f 4652/1363/346 4654/1362/254 4655/1365/348
f 4652/1363/346 4655/1365/348 4656/1366/346
f 4605/1317/322 4608/1316/2 4609/1367/350
f 4659/1368/475 4658/1369/352 4657/1370/353
f 4658/1369/352 4659/1368/475 4660/1371/420
f 4661/1372/355 4658/1369/352 4660/1371/420
f 4663/1373/356 4662/1374/357 4661/1372/355
f 4662/1374/357 4663/1373/356 4664/1375/356
f 4666/1376/257 4664/1375/356 4665/1377/358
f 4665/1377/358 4664/1375/356 4663/1373/356
f 4668/1378/359 4666/1376/257 4667/1379/257
f 4669/1380/258 4667/1379/257 4666/1376/257
f 4672/1381/360 4670/1382/361 4671/1383/362
f 4672/1381/360 4671/1383/362 4673/1384/362
f 4670/1382/361 4674/1385/258 4669/1380/258
f 4676/1386/363 4608/1316/2 4675/1387/364
f 4673/1384/362 4676/1386/363 4675/1387/364
f 4676/1386/363 4673/1384/362 4671/1383/362
f 4608/1316/2 4676/1386/363 4609/1367/350
f 4670/1382/361 4672/1381/360 4674/1385/258
f 4667/1379/257 4669/1380/258 4674/1385/258
f 4664/1375/356 4666/1376/257 4668/1378/359
f 4658/1369/352 4661/1372/355 4662/1374/357
f 4657/1370/353 4656/1366/346 4659/1368/475
f 4654/1362/254 4653/1364/347 4650/1361/254
f 4650/1361/254 4651/1360/253 4654/1362/254
f 4648/1359/253 4647/1358/474 4651/1360/253
f 4642/1353/342 4644/1352/473 4646/1356/343
f 4639/1350/1 4641/1349/472 4645/1355/234
f 4634/1345/337 4636/1344/336 4638/1348/250
f 4631/1342/249 4633/1343/250 4638/1348/250
f 4628/1338/333 4630/1339/249 4632/1341/335
f 4622/1333/331 4625/1335/471 4626/1337/332
f 4621/1331/330 4620/1330/327 4623/1332/330
f 4618/1326/246 4617/1328/328 4614/1325/246
f 4614/1325/246 4615/1324/245 4618/1326/246
f 4612/1321/245 4611/1320/470 4615/1324/245
f 4605/1317/322 4607/1323/326 4610/1318/323
f 4656/1366/346 4657/1370/353 4652/1363/346
f 4607/1323/326 4605/1317/322 4606/1322/326
f 7756/1436/6 7728/1437/6 7774/1438/6
f 7764/1439/6 7773/1440/6 7772/1441/6
f 7735/1442/6 7750/1443/6 7730/1444/6
f 7720/1445/6 7746/1446/6 7745/1447/6
f 7715/1448/6 7758/1449/6 7740/1450/6
f 7735/1442/6 7748/1451/6 7764/1439/6
f 7761/1452/6 7755/1453/6 7754/1454/6
f 7764/1439/6 7768/1455/6 7756/1436/6
f 7759/1456/6 7756/1436/6 7774/1438/6
f 7715/1448/6 7767/1457/6 7738/1458/6
f 7732/1459/6 7720/1445/6 7745/1447/6
f 7764/1439/6 7766/1460/6 7773/1440/6
f 7761/1452/6 7763/1461/6 7771/1462/6
f 7720/1445/6 7761/1452/6 7770/1463/6
f 7768/1455/6 7764/1439/6 7772/1441/6
f 7756/1436/6 7769/1464/6 7726/1465/6
f 7756/1436/6 7758/1449/6 7715/1448/6
f 7753/1466/6 7755/1453/6 7742/1467/6
f 7729/1468/6 7731/1469/6 7718/1470/6
f 7765/1471/6 7764/1439/6 7748/1451/6
f 7762/1472/6 7761/1452/6 7724/1473/6
f 7755/1453/6 7761/1452/6 7771/1462/6
f 7761/1452/6 7720/1445/6 7724/1473/6
f 7746/1446/6 7720/1445/6 7770/1463/6
f 7769/1464/6 7756/1436/6 7768/1455/6
f 7726/1465/6 7728/1437/6 7756/1436/6
f 7756/1436/6 7760/1474/6 7757/1475/6
f 7753/1466/6 7742/1467/6 7740/1450/6
f 7715/1448/6 7741/1476/6 7767/1457/6
f 7715/1448/6 7752/1477/6 7725/1478/6
f 7735/1442/6 7751/1479/6 7749/1480/6
f 7718/1470/6 7720/1445/6 7733/1481/6
f 7747/1482/6 7735/1442/6 7729/1468/6
f 7766/1460/6 7764/1439/6 7765/1471/6
f 7763/1461/6 7761/1452/6 7762/1472/6
f 7726/1465/6 7746/1446/6 7744/1483/476
f 7760/1474/6 7756/1436/6 7759/1456/6
f 7758/1449/6 7756/1436/6 7757/1475/6
f 7755/1453/6 7753/1466/6 7754/1454/6
f 7740/1450/6 7743/1484/6 7741/1476/6
f 7715/1448/6 7739/1485/6 7752/1477/6
f 7715/1448/6 7736/1486/6 7721/1487/6
f 7724/1473/6 7716/1488/477 7737/1489/6
f 7735/1442/6 7722/1490/6 7751/1479/6
f 7750/1443/6 7735/1442/6 7749/1480/6
f 7718/1470/6 7734/1491/6 7719/1492/6
f 7730/1444/6 7729/1468/6 7735/1442/6
f 7748/1451/6 7735/1442/6 7747/1482/6
f 7746/1446/6 7726/1465/6 7745/1447/6
f 7727/1493/6 7726/1465/6 7744/1483/476
f 7743/1484/6 7740/1450/6 7742/1467/6
f 7741/1476/6 7715/1448/6 7740/1450/6
f 7739/1485/6 7715/1448/6 7738/1458/6
f 7716/1488/477 7725/1478/6 7737/1489/6
f 7715/1448/6 7723/1494/6 7736/1486/6
f 7715/1448/6 7722/1490/6 7735/1442/6
f 7734/1491/6 7718/1470/6 7731/1469/6
f 7733/1481/6 7720/1445/6 7732/1459/6
f 7731/1469/6 7729/1468/6 7730/1444/6
f 7728/1437/6 7726/1465/6 7727/1493/6
f 7725/1478/6 7716/1488/477 7715/1448/6
f 7716/1488/477 7724/1473/6 7720/1445/6
f 7715/1448/6 7717/1495/6 7723/1494/6
f 7722/1490/6 7715/1448/6 7721/1487/6
f 7720/1445/6 7718/1470/6 7719/1492/6
f 7717/1495/6 7715/1448/6 7716/1488/477
f 7699/1442/4 7709/1480/4 7710/1479/4
f 7711/1452/4 7712/1472/4 7656/1473/4
f 7655/1439/4 7691/1483/4 7713/1446/4
f 7655/1439/4 7685/1471/4 7700/1451/4
f 7659/1448/4 7714/1485/4 7696/1458/4
f 7656/1473/4 7708/1463/4 7711/1452/4
f 7659/1448/4 7707/1490/4 7690/1487/4
f 7697/1468/4 7703/1444/4 7699/1442/4
f 7714/1485/4 7659/1448/4 7706/1477/4
f 7693/1454/4 7695/1461/4 7712/1472/4
f 7708/1463/4 7655/1439/4 7713/1446/4
f 7712/1472/4 7711/1452/4 7693/1454/4
f 7707/1490/4 7699/1442/4 7710/1479/4
f 7687/1470/4 7689/1491/4 7698/1469/4
f 7699/1442/4 7705/1482/4 7697/1468/4
f 7699/1442/4 7704/1443/4 7709/1480/4
f 7683/1467/4 7682/1466/4 7669/1450/4
f 7665/1436/4 7702/1456/4 7692/1438/4
f 7708/1463/4 7656/1473/4 7655/1439/4
f 7707/1490/4 7659/1448/4 7699/1442/4
f 7677/1488/4 7676/1481/4 7660/1459/4
f 7659/1448/4 7675/1478/4 7706/1477/4
f 7699/1442/4 7700/1451/4 7705/1482/4
f 7697/1468/4 7698/1469/4 7703/1444/4
f 7704/1443/4 7699/1442/4 7703/1444/4
f 7669/1450/4 7671/1484/4 7683/1467/4
f 7694/1462/4 7693/1454/4 7684/1453/4
f 7665/1436/4 7667/1474/4 7702/1456/4
f 7665/1436/4 7680/1437/4 7655/1439/4
f 7660/1459/4 7663/1495/4 7677/1488/4
f 7688/1492/4 7687/1470/4 7678/1445/4
f 7655/1439/4 7686/1455/4 7701/1441/4
f 7673/1440/4 7655/1439/4 7701/1441/4
f 7700/1451/4 7699/1442/4 7655/1439/4
f 7698/1469/4 7697/1468/4 7687/1470/4
f 7672/1457/4 7659/1448/4 7696/1458/4
f 7682/1466/4 7684/1453/4 7693/1454/4
f 7695/1461/4 7693/1454/4 7694/1462/4
f 7668/1449/4 7659/1448/4 7669/1450/4
f 7680/1437/4 7665/1436/4 7692/1438/4
f 7655/1439/4 7681/1493/4 7691/1483/4
f 7679/1486/4 7659/1448/4 7690/1487/4
f 7676/1481/4 7678/1445/4 7687/1470/4
f 7689/1491/4 7687/1470/4 7688/1492/4
f 7655/1439/4 7657/1464/4 7686/1455/4
f 7655/1439/4 7674/1460/4 7685/1471/4
f 7659/1448/4 7670/1476/4 7669/1450/4
f 7684/1453/4 7682/1466/4 7683/1467/4
f 7665/1436/4 7668/1449/4 7666/1475/4
f 7681/1493/4 7655/1439/4 7680/1437/4
f 7664/1494/4 7659/1448/4 7679/1486/4
f 7678/1445/4 7676/1481/4 7677/1488/4
f 7659/1448/4 7661/1489/4 7675/1478/4
f 7674/1460/4 7655/1439/4 7673/1440/4
f 7657/1464/4 7655/1439/4 7656/1473/4
f 7657/1464/4 7656/1473/4 7658/1465/4
f 7661/1489/4 7659/1448/4 7660/1459/4
f 7656/1473/4 7660/1459/4 7662/1447/4
f 7663/1495/4 7660/1459/4 7659/1448/4
f 7658/1465/4 7656/1473/4 7662/1447/4
f 7660/1459/4 7656/1473/4 7661/1489/4
f 7663/1495/4 7659/1448/4 7664/1494/4
f 7667/1474/4 7665/1436/4 7666/1475/4
f 7668/1449/4 7665/1436/4 7659/1448/4
f 7671/1484/4 7669/1450/4 7670/1476/4
f 7670/1476/4 7659/1448/4 7672/1457/4
f 7653/1496/3 7651/1497/3 7652/88/3
f 7651/1497/3 7653/1496/3 7654/1498/3
f 7649/1499/1 7647/88/1 7648/1500/1
f 7647/88/1 7649/1499/1 7650/1496/1
f 7643/88/5 7645/1499/5 7646/1496/5
f 7645/1499/5 7643/88/5 7644/1500/5
f 7639/1497/2 7641/1496/2 7642/1498/2
f 7641/1496/2 7639/1497/2 7640/88/2
f 7611/1501/478 7613/88/2 7615/859/479
f 7614/1502/480 7615/859/479 7617/694/480
f 7616/1503/481 7617/694/480 7619/709/482
f 7618/1504/483 7619/709/482 7621/724/483
f 7620/1505/232 7621/724/483 7623/643/232
f 7622/1506/424 7623/643/232 7625/647/424
f 7624/1507/1 7625/647/424 7627/651/1
f 7626/1508/224 7627/651/1 7629/655/224
f 7628/1509/484 7629/655/224 7631/784/484
f 7630/1510/225 7631/784/484 7633/659/225
f 7632/1511/5 7633/659/225 7635/663/5
f 7634/1512/485 7635/663/5 7637/667/485
f 7636/1513/221 7637/667/485 7638/671/221
f 7612/1514/2 7638/671/221 7613/88/2
f 7638/671/221 7612/1514/2 7636/1513/221
f 7637/667/485 7636/1513/221 7634/1512/485
f 7635/663/5 7634/1512/485 7632/1511/5
f 7633/659/225 7632/1511/5 7630/1510/225
f 7631/784/484 7630/1510/225 7628/1509/484
f 7629/655/224 7628/1509/484 7626/1508/224
f 7627/651/1 7626/1508/224 7624/1507/1
f 7625/647/424 7624/1507/1 7622/1506/424
f 7623/643/232 7622/1506/424 7620/1505/232
f 7621/724/483 7620/1505/232 7618/1504/483
f 7619/709/482 7618/1504/483 7616/1503/481
f 7617/694/480 7616/1503/481 7614/1502/480
f 7615/859/479 7614/1502/480 7611/1501/478
f 7613/88/2 7611/1501/478 7612/1514/2
f 7583/1501/478 7585/88/2 7587/859/478
f 7586/1502/480 7587/859/478 7589/694/480
f 7588/1503/481 7589/694/480 7591/709/482
f 7590/1504/483 7591/709/482 7593/724/483
f 7592/1505/232 7593/724/483 7595/643/232
f 7594/1506/424 7595/643/232 7597/647/424
f 7596/1507/1 7597/647/424 7599/651/1
f 7598/1508/224 7599/651/1 7601/655/224
f 7600/1509/484 7601/655/224 7603/784/484
f 7602/1510/225 7603/784/484 7605/659/225
f 7604/1511/5 7605/659/225 7607/663/5
f 7606/1512/485 7607/663/5 7609/667/485
f 7608/1513/221 7609/667/485 7610/671/221
f 7584/1514/2 7610/671/221 7585/88/2
f 7610/671/221 7584/1514/2 7608/1513/221
f 7609/667/485 7608/1513/221 7606/1512/485
f 7607/663/5 7606/1512/485 7604/1511/5
f 7605/659/225 7604/1511/5 7602/1510/225
f 7603/784/484 7602/1510/225 7600/1509/484
f 7601/655/224 7600/1509/484 7598/1508/224
f 7599/651/1 7598/1508/224 7596/1507/1
f 7597/647/424 7596/1507/1 7594/1506/424
f 7595/643/232 7594/1506/424 7592/1505/232
f 7593/724/483 7592/1505/232 7590/1504/483
f 7591/709/482 7590/1504/483 7588/1503/481
f 7589/694/480 7588/1503/481 7586/1502/480
f 7587/859/478 7586/1502/480 7583/1501/478
f 7585/88/2 7583/1501/478 7584/1514/2
f 7555/1501/478 7557/88/2 7559/859/478
f 7558/1515/480 7559/859/478 7561/1516/480
f 7560/1503/481 7561/1516/480 7563/709/482
f 7562/1504/483 7563/709/482 7565/724/483
f 7564/1505/232 7565/724/483 7567/643/232
f 7566/1506/424 7567/643/232 7569/647/424
f 7568/1507/1 7569/647/424 7571/651/1
f 7570/1508/224 7571/651/1 7573/655/224
f 7572/1509/484 7573/655/224 7575/784/484
f 7574/1510/225 7575/784/484 7577/659/225
f 7576/1511/5 7577/659/225 7579/663/5
f 7578/1512/485 7579/663/5 7581/667/485
f 7580/1513/221 7581/667/485 7582/671/221
f 7556/1514/2 7582/671/221 7557/88/2
f 7582/671/221 7556/1514/2 7580/1513/221
f 7581/667/485 7580/1513/221 7578/1512/485
f 7579/663/5 7578/1512/485 7576/1511/5
f 7577/659/225 7576/1511/5 7574/1510/225
f 7575/784/484 7574/1510/225 7572/1509/484
f 7573/655/224 7572/1509/484 7570/1508/224
f 7571/651/1 7570/1508/224 7568/1507/1
f 7569/647/424 7568/1507/1 7566/1506/424
f 7567/643/232 7566/1506/424 7564/1505/232
f 7565/724/483 7564/1505/232 7562/1504/483
f 7563/709/482 7562/1504/483 7560/1503/481
f 7561/1516/480 7560/1503/481 7558/1515/480
f 7559/859/478 7558/1515/480 7555/1501/478
f 7557/88/2 7555/1501/478 7556/1514/2
f 7527/1501/478 7529/88/2 7531/859/479
f 7530/1515/480 7531/859/479 7533/1516/480
f 7532/1503/481 7533/1516/480 7535/709/482
f 7534/1504/483 7535/709/482 7537/724/483
f 7536/1505/232 7537/724/483 7539/643/232
f 7538/1506/424 7539/643/232 7541/647/424
f 7540/1507/1 7541/647/424 7543/651/1
f 7542/1508/224 7543/651/1 7545/655/224
f 7544/1509/484 7545/655/224 7547/784/484
f 7546/1510/225 7547/784/484 7549/659/225
f 7548/1511/5 7549/659/225 7551/663/5
f 7550/1512/485 7551/663/5 7553/667/485
f 7552/1513/221 7553/667/485 7554/671/221
f 7528/1514/2 7554/671/221 7529/88/2
f 7554/671/221 7528/1514/2 7552/1513/221
f 7553/667/485 7552/1513/221 7550/1512/485
f 7551/663/5 7550/1512/485 7548/1511/5
f 7549/659/225 7548/1511/5 7546/1510/225
f 7547/784/484 7546/1510/225 7544/1509/484
f 7545/655/224 7544/1509/484 7542/1508/224
f 7543/651/1 7542/1508/224 7540/1507/1
f 7541/647/424 7540/1507/1 7538/1506/424
f 7539/643/232 7538/1506/424 7536/1505/232
f 7537/724/483 7536/1505/232 7534/1504/483
f 7535/709/482 7534/1504/483 7532/1503/481
f 7533/1516/480 7532/1503/481 7530/1515/480
f 7531/859/479 7530/1515/480 7527/1501/478
f 7529/88/2 7527/1501/478 7528/1514/2
f 7883/1517/2 7885/1518/2 7892/1519/2
f 7886/1520/2 7889/1521/2 7887/1522/2
f 7888/1523/2 7891/1496/2 7889/1521/2
f 7891/1496/2 7888/1523/2 7890/88/2
f 7889/1521/2 7886/1520/2 7888/1523/2
f 7887/1522/2 7884/1524/2 7886/1520/2
f 7885/1518/2 7883/1517/2 7884/1524/2
f 7884/1524/2 7887/1522/2 7885/1518/2
f 7877/1525/5 7874/1526/5 7876/1527/5
f 7869/88/5 7871/1528/5 7882/1496/5
f 7870/1529/5 7873/1530/5 7871/1528/5
f 7872/1531/5 7875/1532/5 7873/1530/5
f 7878/1533/5 7881/1534/5 7879/1535/5
f 7881/1534/5 7878/1533/5 7880/1536/5
f 7879/1535/5 7876/1527/5 7878/1533/5
f 7875/1532/5 7872/1531/5 7874/1526/5
f 7873/1530/5 7870/1529/5 7872/1531/5
f 7871/1528/5 7869/88/5 7870/1529/5
f 7876/1527/5 7879/1535/5 7877/1525/5
f 7874/1526/5 7877/1525/5 7875/1532/5
f 7864/1537/1 7867/1538/1 7865/1539/1
f 7867/1538/1 7864/1537/1 7866/1540/1
f 7859/88/1 7861/1541/1 7868/1496/1
f 7865/1539/1 7862/1542/1 7864/1537/1
f 7863/1543/1 7860/1544/1 7862/1542/1
f 7861/1541/1 7859/88/1 7860/1544/1
f 7860/1544/1 7863/1543/1 7861/1541/1
f 7862/1542/1 7865/1539/1 7863/1543/1
f 7852/1545/3 7855/1546/3 7853/1547/3
f 7845/1548/3 7847/1549/3 7858/1550/3
f 7846/1551/3 7849/1552/3 7847/1549/3
f 7848/1553/3 7851/1554/3 7849/1552/3
f 7854/1555/3 7857/1496/3 7855/1546/3
f 7857/1496/3 7854/1555/3 7856/88/3
f 7855/1546/3 7852/1545/3 7854/1555/3
f 7853/1547/3 7850/1556/3 7852/1545/3
f 7851/1554/3 7848/1553/3 7850/1556/3
f 7849/1552/3 7846/1551/3 7848/1553/3
f 7850/1556/3 7853/1547/3 7851/1554/3
f 7847/1549/3 7845/1548/3 7846/1551/3
f 7816/1557/4 7823/1558/4 7822/1559/4
f 7814/1560/4 7822/1559/4 7821/1561/4
f 7812/1562/4 7821/1561/4 7820/1563/4
f 7819/1564/4 7820/1563/4 7824/1565/4
f 7815/1566/4 7818/1567/4 7816/1557/4
f 7813/1568/4 7816/1557/4 7814/1560/4
f 7811/1569/4 7814/1560/4 7812/1562/4
f 7810/1570/4 7812/1562/4 7819/1564/4
f 7824/1565/4 7825/1523/4 7829/1520/4
f 7820/1563/4 7826/88/4 7825/1523/4
f 7821/1561/4 7827/1544/4 7826/88/4
f 7822/1559/4 7828/1542/4 7827/1544/4
f 7829/1520/4 7830/1571/4 7834/1572/4
f 7825/1523/4 7831/1573/4 7830/1571/4
f 7826/88/4 7832/1574/4 7831/1573/4
f 7827/1544/4 7833/1575/4 7832/1574/4
f 7834/1572/4 7835/1576/4 7839/1577/4
f 7830/1571/4 7836/1578/4 7835/1576/4
f 7831/1573/4 7837/1579/4 7836/1578/4
f 7832/1574/4 7838/1580/4 7837/1579/4
f 7839/1577/4 7840/1581/4 7844/1582/4
f 7835/1576/4 7841/1583/4 7840/1581/4
f 7836/1578/4 7842/1584/4 7841/1583/4
f 7837/1579/4 7843/1585/4 7842/1584/4
f 7843/1585/4 7837/1579/4 7838/1580/4
f 7842/1584/4 7836/1578/4 7837/1579/4
f 7841/1583/4 7835/1576/4 7836/1578/4
f 7838/1580/4 7832/1574/4 7833/1575/4
f 7837/1579/4 7831/1573/4 7832/1574/4
f 7836/1578/4 7830/1571/4 7831/1573/4
f 7835/1576/4 7834/1572/4 7830/1571/4
f 7833/1575/4 7827/1544/4 7828/1542/4
f 7832/1574/4 7826/88/4 7827/1544/4
f 7831/1573/4 7825/1523/4 7826/88/4
f 7830/1571/4 7829/1520/4 7825/1523/4
f 7828/1542/4 7822/1559/4 7823/1558/4
f 7827/1544/4 7821/1561/4 7822/1559/4
f 7826/88/4 7820/1563/4 7821/1561/4
f 7825/1523/4 7824/1565/4 7820/1563/4
f 7823/1558/4 7816/1557/4 7818/1567/4
f 7822/1559/4 7814/1560/4 7816/1557/4
f 7821/1561/4 7812/1562/4 7814/1560/4
f 7820/1563/4 7819/1564/4 7812/1562/4
f 7818/1567/4 7815/1566/4 7817/1586/4
f 7816/1557/4 7813/1568/4 7815/1566/4
f 7814/1560/4 7811/1569/4 7813/1568/4
f 7812/1562/4 7810/1570/4 7811/1569/4
f 7840/1581/4 7839/1577/4 7835/1576/4
f 7787/1574/6 7788/1580/6 7793/1575/6
f 7786/1573/6 7782/1579/6 7787/1574/6
f 7785/1571/6 7780/1578/6 7786/1573/6
f 7784/1572/6 7778/1576/6 7785/1571/6
f 7789/1520/6 7785/1571/6 7790/1523/6
f 7780/1578/6 7781/1584/6 7782/1579/6
f 7778/1576/6 7779/1583/6 7780/1578/6
f 7775/1577/6 7777/1581/6 7778/1576/6
f 7790/1523/6 7786/1573/6 7791/88/6
f 7791/88/6 7787/1574/6 7792/1544/6
f 7792/1544/6 7793/1575/6 7798/1542/6
f 7794/1565/6 7790/1523/6 7795/1563/6
f 7795/1563/6 7791/88/6 7796/1561/6
f 7796/1561/6 7792/1544/6 7797/1559/6
f 7797/1559/6 7798/1542/6 7803/1558/6
f 7799/1564/6 7795/1563/6 7800/1562/6
f 7800/1562/6 7796/1561/6 7801/1560/6
f 7801/1560/6 7797/1559/6 7802/1557/6
f 7802/1557/6 7803/1558/6 7808/1567/6
f 7804/1570/6 7800/1562/6 7805/1569/6
f 7805/1569/6 7801/1560/6 7806/1568/6
f 7806/1568/6 7802/1557/6 7807/1566/6
f 7807/1566/6 7808/1567/6 7809/1586/6
f 7808/1567/6 7807/1566/6 7802/1557/6
f 7802/1557/6 7806/1568/6 7801/1560/6
f 7801/1560/6 7805/1569/6 7800/1562/6
f 7800/1562/6 7804/1570/6 7799/1564/6
f 7803/1558/6 7802/1557/6 7797/1559/6
f 7777/1581/6 7775/1577/6 7776/1582/6
f 7797/1559/6 7801/1560/6 7796/1561/6
f 7796/1561/6 7800/1562/6 7795/1563/6
f 7795/1563/6 7799/1564/6 7794/1565/6
f 7798/1542/6 7797/1559/6 7792/1544/6
f 7792/1544/6 7796/1561/6 7791/88/6
f 7791/88/6 7795/1563/6 7790/1523/6
f 7790/1523/6 7794/1565/6 7789/1520/6
f 7793/1575/6 7792/1544/6 7787/1574/6
f 7787/1574/6 7791/88/6 7786/1573/6
f 7786/1573/6 7790/1523/6 7785/1571/6
f 7785/1571/6 7789/1520/6 7784/1572/6
f 7788/1580/6 7787/1574/6 7782/1579/6
f 7782/1579/6 7786/1573/6 7780/1578/6
f 7780/1578/6 7785/1571/6 7778/1576/6
f 7778/1576/6 7784/1572/6 7775/1577/6
f 7783/1585/6 7782/1579/6 7781/1584/6
f 7781/1584/6 7780/1578/6 7779/1583/6
f 7779/1583/6 7778/1576/6 7777/1581/6
f 7782/1579/6 7783/1585/6 7788/1580/6
f 7936/1587/5 7934/1588/5 7933/1589/5
f 7933/1589/5 7935/1590/5 7940/1591/5
f 7939/1592/5 7936/1587/5 7938/1593/5
f 7936/1587/5 7939/1592/5 7937/1594/5
f 7935/1590/5 7938/1593/5 7940/1591/5
f 7938/1593/5 7935/1590/5 7939/1592/5
f 7935/1590/5 7933/1589/5 7934/1588/5
f 7934/1588/5 7936/1587/5 7937/1594/5
f 7925/1587/3 7927/1588/3 7932/1594/3
f 7925/1587/3 7931/1592/3 7930/1593/3
f 7927/1588/3 7925/1587/3 7926/1589/3
f 7929/1590/3 7926/1589/3 7928/1591/3
f 7926/1589/3 7929/1590/3 7927/1588/3
f 7931/1592/3 7928/1591/3 7930/1593/3
f 7928/1591/3 7931/1592/3 7929/1590/3
f 7931/1592/3 7925/1587/3 7932/1594/3
f 7923/88/6 7921/1595/6 7922/1596/6
f 7921/1595/6 7923/88/6 7924/1597/6
f 7919/1598/1 7917/1596/1 7918/1599/1
f 7917/1596/1 7919/1598/1 7920/88/1
f 7915/1598/4 7913/1596/4 7914/1599/4
f 7913/1596/4 7915/1598/4 7916/88/4
f 7911/88/2 7909/1595/2 7910/1596/2
f 7909/1595/2 7911/88/2 7912/1597/2
f 7907/88/4 7905/1600/4 7906/1597/4
f 7905/1600/4 7907/88/4 7908/1601/4
f 7901/1601/2 7903/1598/2 7904/1602/2
f 7903/1598/2 7901/1601/2 7902/88/2
f 7899/1603/6 7897/88/6 7898/1604/6
f 7897/88/6 7899/1603/6 7900/1605/6
f 7895/88/1 7893/1600/1 7894/1597/1
f 7893/1600/1 7895/88/1 7896/1601/1
f 7984/1587/2 7982/1588/2 7981/1589/2
f 7981/1589/2 7983/1590/2 7988/1591/2
f 7987/1592/2 7984/1587/2 7986/1593/2
f 7984/1587/2 7987/1592/2 7985/1594/2
f 7983/1590/2 7986/1593/2 7988/1591/2
f 7986/1593/2 7983/1590/2 7987/1592/2
f 7983/1590/2 7981/1589/2 7982/1588/2
f 7982/1588/2 7984/1587/2 7985/1594/2
f 7973/1587/1 7975/1588/1 7980/1594/1
f 7973/1587/1 7979/1592/1 7978/1593/1
f 7975/1588/1 7973/1587/1 7974/1589/1
f 7977/1590/1 7974/1589/1 7976/1591/1
f 7974/1589/1 7977/1590/1 7975/1588/1
f 7979/1592/1 7976/1591/1 7978/1593/1
f 7976/1591/1 7979/1592/1 7977/1590/1
f 7979/1592/1 7973/1587/1 7980/1594/1
f 7971/88/3 7969/1595/3 7970/1596/3
f 7969/1595/3 7971/88/3 7972/1597/3
f 7967/1598/6 7965/1596/6 7966/1599/6
f 7965/1596/6 7967/1598/6 7968/88/6
f 7963/1598/5 7961/1596/5 7962/1599/5
f 7961/1596/5 7963/1598/5 7964/88/5
f 7959/88/4 7957/1595/4 7958/1596/4
f 7957/1595/4 7959/88/4 7960/1597/4
f 7955/88/5 7953/1600/5 7954/1597/5
f 7953/1600/5 7955/88/5 7956/1601/5
f 7949/1601/4 7951/1598/4 7952/1602/4
f 7951/1598/4 7949/1601/4 7950/88/4
f 7947/1603/3 7945/88/3 7946/1604/3
f 7945/88/3 7947/1603/3 7948/1605/3
f 7943/88/6 7941/1600/6 7942/1597/6
f 7941/1600/6 7943/88/6 7944/1601/6
f 8032/1587/5 8030/1588/5 8029/1589/5
f 8029/1589/5 8031/1590/5 8036/1591/5
f 8035/1592/5 8032/1587/5 8034/1593/5
f 8032/1587/5 8035/1592/5 8033/1594/5
f 8031/1590/5 8034/1593/5 8036/1591/5
f 8034/1593/5 8031/1590/5 8035/1592/5
f 8031/1590/5 8029/1589/5 8030/1588/5
f 8030/1588/5 8032/1587/5 8033/1594/5
f 8021/1587/3 8023/1588/3 8028/1594/3
f 8021/1587/3 8027/1592/3 8026/1593/3
f 8023/1588/3 8021/1587/3 8022/1589/3
f 8025/1590/3 8022/1589/3 8024/1591/3
f 8022/1589/3 8025/1590/3 8023/1588/3
f 8027/1592/3 8024/1591/3 8026/1593/3
f 8024/1591/3 8027/1592/3 8025/1590/3
f 8027/1592/3 8021/1587/3 8028/1594/3
f 8019/88/6 8017/1595/6 8018/1596/6
f 8017/1595/6 8019/88/6 8020/1597/6
f 8015/1598/1 8013/1596/1 8014/1599/1
f 8013/1596/1 8015/1598/1 8016/88/1
f 8011/1598/4 8009/1596/4 8010/1599/4
f 8009/1596/4 8011/1598/4 8012/88/4
f 8007/88/2 8005/1595/2 8006/1596/2
f 8005/1595/2 8007/88/2 8008/1597/2
f 8003/88/4 8001/1600/4 8002/1597/4
f 8001/1600/4 8003/88/4 8004/1601/4
f 7997/1601/2 7999/1598/2 8000/1602/2
f 7999/1598/2 7997/1601/2 7998/88/2
f 7995/1603/6 7993/88/6 7994/1604/6
f 7993/88/6 7995/1603/6 7996/1605/6
f 7991/88/1 7989/1600/1 7990/1597/1
f 7989/1600/1 7991/88/1 7992/1601/1
f 8638/1593/5 8636/1594/5 8635/1587/5
f 8641/1590/5 8638/1593/5 8640/1591/5
f 8637/1588/5 8640/1591/5 8642/1589/5
f 8638/1593/5 8641/1590/5 8639/1592/5
f 8635/1587/5 8637/1588/5 8642/1589/5
f 8637/1588/5 8635/1587/5 8636/1594/5
f 8636/1594/5 8638/1593/5 8639/1592/5
f 8640/1591/5 8637/1588/5 8641/1590/5
f 8627/1591/3 8629/1588/3 8634/1589/3
f 8628/1590/3 8630/1593/3 8631/1592/3
f 8633/1594/3 8630/1593/3 8632/1587/3
f 8629/1588/3 8632/1587/3 8634/1589/3
f 8630/1593/3 8628/1590/3 8627/1591/3
f 8632/1587/3 8629/1588/3 8633/1594/3
f 8630/1593/3 8633/1594/3 8631/1592/3
f 8629/1588/3 8627/1591/3 8628/1590/3
f 8621/273/1 8620/1606/1 8619/275/1
f 8623/277/1 8622/1607/1 8621/273/1
f 8625/279/1 8624/1608/1 8623/277/1
f 8624/1608/1 8625/279/1 8626/1609/1
f 8622/1607/1 8623/277/1 8624/1608/1
f 8620/1606/1 8621/273/1 8622/1607/1
f 8617/1610/1 8619/275/1 8620/1606/1
f 8619/275/1 8617/1610/1 8618/88/1
f 8609/1611/4 8607/88/4 8608/1612/4
f 8610/275/4 8611/1613/4 8612/273/4
f 8612/273/4 8613/1614/4 8614/277/4
f 8614/277/4 8615/1615/4 8616/279/4
f 8615/1615/4 8614/277/4 8613/1614/4
f 8613/1614/4 8612/273/4 8611/1613/4
f 8611/1613/4 8610/275/4 8609/1611/4
f 8607/88/4 8609/1611/4 8610/275/4
f 8600/275/2 8601/1613/2 8602/273/2
f 8602/273/2 8603/1614/2 8604/277/2
f 8604/277/2 8605/1615/2 8606/279/2
f 8605/1615/2 8604/277/2 8603/1614/2
f 8603/1614/2 8602/273/2 8601/1613/2
f 8599/1611/2 8597/88/2 8598/1612/2
f 8597/88/2 8599/1611/2 8600/275/2
f 8601/1613/2 8600/275/2 8599/1611/2
f 8592/1607/6 8593/277/6 8594/1608/6
f 8594/1608/6 8595/279/6 8596/1609/6
f 8595/279/6 8594/1608/6 8593/277/6
f 8593/277/6 8592/1607/6 8591/273/6
f 8591/273/6 8590/1606/6 8589/275/6
f 8587/1610/6 8589/275/6 8590/1606/6
f 8590/1606/6 8591/273/6 8592/1607/6
f 8589/275/6 8587/1610/6 8588/88/6
f 8577/1616/2 8579/279/2 8581/277/2
f 8583/273/2 8582/1617/2 8580/1618/2
f 8585/275/2 8584/1619/2 8582/1617/2
f 8584/1619/2 8585/275/2 8586/88/2
f 8579/279/2 8577/1616/2 8578/1620/2
f 8582/1617/2 8583/273/2 8585/275/2
f 8580/1618/2 8581/277/2 8583/273/2
f 8581/277/2 8580/1618/2 8577/1616/2
f 8571/1621/6 8570/273/6 8567/277/6
f 8573/1622/6 8572/275/6 8570/273/6
f 8574/88/6 8575/1623/6 8576/1605/6
f 8575/1623/6 8574/88/6 8572/275/6
f 8572/275/6 8573/1622/6 8575/1623/6
f 8570/273/6 8571/1621/6 8573/1622/6
f 8567/277/6 8569/1624/6 8571/1621/6
f 8569/1624/6 8567/277/6 8568/279/6
f 8561/1621/1 8560/273/1 8557/277/1
f 8563/1622/1 8562/275/1 8560/273/1
f 8564/88/1 8565/1623/1 8566/1605/1
f 8562/275/1 8563/1622/1 8565/1623/1
f 8560/273/1 8561/1621/1 8563/1622/1
f 8557/277/1 8559/1624/1 8561/1621/1
f 8565/1623/1 8564/88/1 8562/275/1
f 8559/1624/1 8557/277/1 8558/279/1
f 8550/1618/4 8551/277/4 8553/273/4
f 8552/1617/4 8553/273/4 8555/275/4
f 8554/1619/4 8555/275/4 8556/88/4
f 8555/275/4 8554/1619/4 8552/1617/4
f 8553/273/4 8552/1617/4 8550/1618/4
f 8551/277/4 8550/1618/4 8547/1616/4
f 8549/279/4 8547/1616/4 8548/1620/4
f 8547/1616/4 8549/279/4 8551/277/4
f 8747/1587/1 8749/1588/1 8754/1589/1
f 8750/1593/1 8753/1590/1 8751/1592/1
f 8749/1588/1 8752/1591/1 8754/1589/1
f 8753/1590/1 8750/1593/1 8752/1591/1
f 8750/1593/1 8748/1594/1 8747/1587/1
f 8748/1594/1 8750/1593/1 8751/1592/1
f 8749/1588/1 8747/1587/1 8748/1594/1
f 8752/1591/1 8749/1588/1 8753/1590/1
f 8742/1593/2 8745/1594/2 8743/1592/2
f 8744/1587/2 8741/1588/2 8745/1594/2
f 8741/1588/2 8739/1591/2 8740/1590/2
f 8740/1590/2 8742/1593/2 8743/1592/2
f 8745/1594/2 8742/1593/2 8744/1587/2
f 8741/1588/2 8744/1587/2 8746/1589/2
f 8742/1593/2 8740/1590/2 8739/1591/2
f 8739/1591/2 8741/1588/2 8746/1589/2
f 8736/1625/3 8737/1626/3 8738/1627/3
f 8737/1626/3 8736/1625/3 8735/1628/3
f 8735/1628/3 8734/1629/3 8733/1630/3
f 8733/1630/3 8732/1631/3 8731/1632/3
f 8731/1632/3 8730/1633/3 8729/1634/3
f 8729/1634/3 8727/1610/3 8728/88/3
f 8734/1629/3 8735/1628/3 8736/1625/3
f 8732/1631/3 8733/1630/3 8734/1629/3
f 8730/1633/3 8731/1632/3 8732/1631/3
f 8727/1610/3 8729/1634/3 8730/1633/3
f 8720/1632/4 8721/1635/4 8722/1630/4
f 8718/1634/4 8719/1636/4 8720/1632/4
f 8722/1630/4 8723/1637/4 8724/1628/4
f 8724/1628/4 8725/1638/4 8726/1626/4
f 8725/1638/4 8724/1628/4 8723/1637/4
f 8723/1637/4 8722/1630/4 8721/1635/4
f 8721/1635/4 8720/1632/4 8719/1636/4
f 8719/1636/4 8718/1634/4 8717/1639/4
f 8717/1639/4 8715/88/4 8716/1612/4
f 8715/88/4 8717/1639/4 8718/1634/4
f 8706/1634/5 8707/1636/5 8708/1632/5
f 8708/1632/5 8709/1635/5 8710/1630/5
f 8710/1630/5 8711/1637/5 8712/1628/5
f 8705/1639/5 8703/88/5 8704/1612/5
f 8707/1636/5 8706/1634/5 8705/1639/5
f 8709/1635/5 8708/1632/5 8707/1636/5
f 8711/1637/5 8710/1630/5 8709/1635/5
f 8712/1628/5 8713/1638/5 8714/1626/5
f 8713/1638/5 8712/1628/5 8711/1637/5
f 8703/88/5 8705/1639/5 8706/1634/5
f 8700/1625/6 8701/1626/6 8702/1627/6
f 8696/1631/6 8697/1630/6 8698/1629/6
f 8694/1633/6 8695/1632/6 8696/1631/6
f 8691/1610/6 8693/1634/6 8694/1633/6
f 8701/1626/6 8700/1625/6 8699/1628/6
f 8699/1628/6 8698/1629/6 8697/1630/6
f 8697/1630/6 8696/1631/6 8695/1632/6
f 8695/1632/6 8694/1633/6 8693/1634/6
f 8693/1634/6 8691/1610/6 8692/88/6
f 8698/1629/6 8699/1628/6 8700/1625/6
f 8679/1640/5 8681/1626/5 8683/1628/5
f 8682/1641/5 8683/1628/5 8685/1630/5
f 8684/1642/5 8685/1630/5 8687/1632/5
f 8686/1643/5 8687/1632/5 8689/1634/5
f 8688/1619/5 8689/1634/5 8690/88/5
f 8689/1634/5 8688/1619/5 8686/1643/5
f 8687/1632/5 8686/1643/5 8684/1642/5
f 8685/1630/5 8684/1642/5 8682/1641/5
f 8683/1628/5 8682/1641/5 8679/1640/5
f 8681/1626/5 8679/1640/5 8680/1644/5
f 8667/1628/6 8669/1645/6 8671/1646/6
f 8670/1630/6 8671/1646/6 8673/1647/6
f 8672/1632/6 8673/1647/6 8675/1648/6
f 8674/1634/6 8675/1648/6 8677/1649/6
f 8676/88/6 8677/1649/6 8678/1605/6
f 8677/1649/6 8676/88/6 8674/1634/6
f 8675/1648/6 8674/1634/6 8672/1632/6
f 8673/1647/6 8672/1632/6 8670/1630/6
f 8671/1646/6 8670/1630/6 8667/1628/6
f 8669/1645/6 8667/1628/6 8668/1626/6
f 8655/1628/3 8657/1645/3 8659/1646/3
f 8658/1630/3 8659/1646/3 8661/1647/3
f 8660/1632/3 8661/1647/3 8663/1648/3
f 8662/1634/3 8663/1648/3 8665/1649/3
f 8664/88/3 8665/1649/3 8666/1605/3
f 8665/1649/3 8664/88/3 8662/1634/3
f 8663/1648/3 8662/1634/3 8660/1632/3
f 8661/1647/3 8660/1632/3 8658/1630/3
f 8659/1646/3 8658/1630/3 8655/1628/3
f 8657/1645/3 8655/1628/3 8656/1626/3
f 8643/1640/4 8645/1626/4 8647/1628/4
f 8646/1641/4 8647/1628/4 8649/1630/4
f 8648/1642/4 8649/1630/4 8651/1632/4
f 8650/1643/4 8651/1632/4 8653/1634/4
f 8652/1619/4 8653/1634/4 8654/88/4
f 8653/1634/4 8652/1619/4 8650/1643/4
f 8651/1632/4 8650/1643/4 8648/1642/4
f 8649/1630/4 8648/1642/4 8646/1641/4
f 8647/1628/4 8646/1641/4 8643/1640/4
f 8645/1626/4 8643/1640/4 8644/1644/4
f 8812/1587/6 8815/1592/6 8813/1594/6
f 8813/1594/6 8811/1589/6 8812/1587/6
f 8811/1589/6 8817/1590/6 8816/1591/6
f 8817/1590/6 8811/1589/6 8818/1588/6
f 8816/1591/6 8815/1592/6 8814/1593/6
f 8811/1589/6 8813/1594/6 8818/1588/6
f 8815/1592/6 8816/1591/6 8817/1590/6
f 8815/1592/6 8812/1587/6 8814/1593/6
f 8809/1594/4 8806/1593/4 8808/1587/4
f 8807/1592/4 8804/1591/4 8806/1593/4
f 8809/1594/4 8803/1589/4 8810/1588/4
f 8804/1591/4 8807/1592/4 8805/1590/4
f 8803/1589/4 8805/1590/4 8810/1588/4
f 8806/1593/4 8809/1594/4 8807/1592/4
f 8803/1589/4 8809/1594/4 8808/1587/4
f 8805/1590/4 8803/1589/4 8804/1591/4
f 8797/1610/3 8799/1650/3 8800/1651/3
f 8800/1651/3 8801/1652/3 8802/1653/3
f 8801/1652/3 8800/1651/3 8799/1650/3
f 8799/1650/3 8797/1610/3 8798/88/3
f 8791/88/1 8793/1654/1 8794/1650/1
f 8794/1650/1 8795/1655/1 8796/1652/1
f 8795/1655/1 8794/1650/1 8793/1654/1
f 8793/1654/1 8791/88/1 8792/1612/1
f 8785/88/5 8787/1654/5 8788/1650/5
f 8788/1650/5 8789/1655/5 8790/1652/5
f 8789/1655/5 8788/1650/5 8787/1654/5
f 8787/1654/5 8785/88/5 8786/1612/5
f 8779/1610/2 8781/1650/2 8782/1651/2
f 8782/1651/2 8783/1652/2 8784/1653/2
f 8783/1652/2 8782/1651/2 8781/1650/2
f 8781/1650/2 8779/1610/2 8780/88/2
f 8776/1619/5 8777/1650/5 8778/88/5
f 8777/1650/5 8776/1619/5 8773/1656/5
f 8775/1652/5 8773/1656/5 8774/1657/5
f 8773/1656/5 8775/1652/5 8777/1650/5
f 8767/1650/2 8769/1658/2 8771/1659/2
f 8770/88/2 8771/1659/2 8772/1605/2
f 8771/1659/2 8770/88/2 8767/1650/2
f 8769/1658/2 8767/1650/2 8768/1652/2
f 8761/1650/3 8763/1658/3 8765/1659/3
f 8764/88/3 8765/1659/3 8766/1605/3
f 8765/1659/3 8764/88/3 8761/1650/3
f 8763/1658/3 8761/1650/3 8762/1652/3
f 8758/1619/1 8759/1650/1 8760/88/1
f 8759/1650/1 8758/1619/1 8755/1656/1
f 8757/1652/1 8755/1656/1 8756/1657/1
f 8755/1656/1 8757/1652/1 8759/1650/1
f 8876/1587/6 8879/1592/6 8877/1594/6
f 8877/1594/6 8875/1589/6 8876/1587/6
f 8875/1589/6 8881/1590/6 8880/1591/6
f 8881/1590/6 8875/1589/6 8882/1588/6
f 8880/1591/6 8879/1592/6 8878/1593/6
f 8875/1589/6 8877/1594/6 8882/1588/6
f 8879/1592/6 8880/1591/6 8881/1590/6
f 8879/1592/6 8876/1587/6 8878/1593/6
f 8873/1594/4 8870/1593/4 8872/1587/4
f 8871/1592/4 8868/1591/4 8870/1593/4
f 8873/1594/4 8867/1589/4 8874/1588/4
f 8868/1591/4 8871/1592/4 8869/1590/4
f 8867/1589/4 8869/1590/4 8874/1588/4
f 8870/1593/4 8873/1594/4 8871/1592/4
f 8867/1589/4 8873/1594/4 8872/1587/4
f 8869/1590/4 8867/1589/4 8868/1591/4
f 8861/1610/3 8863/1650/3 8864/1651/3
f 8864/1651/3 8865/1652/3 8866/1653/3
f 8865/1652/3 8864/1651/3 8863/1650/3
f 8863/1650/3 8861/1610/3 8862/88/3
f 8855/88/1 8857/1654/1 8858/1650/1
f 8858/1650/1 8859/1655/1 8860/1652/1
f 8859/1655/1 8858/1650/1 8857/1654/1
f 8857/1654/1 8855/88/1 8856/1612/1
f 8849/88/5 8851/1654/5 8852/1650/5
f 8852/1650/5 8853/1655/5 8854/1652/5
f 8853/1655/5 8852/1650/5 8851/1654/5
f 8851/1654/5 8849/88/5 8850/1612/5
f 8843/1610/2 8845/1650/2 8846/1651/2
f 8846/1651/2 8847/1652/2 8848/1653/2
f 8847/1652/2 8846/1651/2 8845/1650/2
f 8845/1650/2 8843/1610/2 8844/88/2
f 8840/1619/5 8841/1650/5 8842/88/5
f 8841/1650/5 8840/1619/5 8837/1656/5
f 8839/1652/5 8837/1656/5 8838/1657/5
f 8837/1656/5 8839/1652/5 8841/1650/5
f 8831/1650/2 8833/1658/2 8835/1659/2
f 8834/88/2 8835/1659/2 8836/1605/2
f 8835/1659/2 8834/88/2 8831/1650/2
f 8833/1658/2 8831/1650/2 8832/1652/2
f 8825/1650/3 8827/1658/3 8829/1659/3
f 8828/88/3 8829/1659/3 8830/1605/3
f 8829/1659/3 8828/88/3 8825/1650/3
f 8827/1658/3 8825/1650/3 8826/1652/3
f 8822/1619/1 8823/1650/1 8824/88/1
f 8823/1650/1 8822/1619/1 8819/1656/1
f 8821/1652/1 8819/1656/1 8820/1657/1
f 8819/1656/1 8821/1652/1 8823/1650/1
f 8974/1593/5 8972/1594/5 8971/1587/5
f 8977/1590/5 8974/1593/5 8976/1591/5
f 8973/1588/5 8976/1591/5 8978/1589/5
f 8974/1593/5 8977/1590/5 8975/1592/5
f 8971/1587/5 8973/1588/5 8978/1589/5
f 8973/1588/5 8971/1587/5 8972/1594/5
f 8972/1594/5 8974/1593/5 8975/1592/5
f 8976/1591/5 8973/1588/5 8977/1590/5
f 8963/1591/3 8965/1588/3 8970/1589/3
f 8964/1590/3 8966/1593/3 8967/1592/3
f 8969/1594/3 8966/1593/3 8968/1587/3
f 8965/1588/3 8968/1587/3 8970/1589/3
f 8966/1593/3 8964/1590/3 8963/1591/3
f 8968/1587/3 8965/1588/3 8969/1594/3
f 8966/1593/3 8969/1594/3 8967/1592/3
f 8965/1588/3 8963/1591/3 8964/1590/3
f 8957/273/1 8956/1606/1 8955/275/1
f 8959/277/1 8958/1607/1 8957/273/1
f 8961/279/1 8960/1608/1 8959/277/1
f 8960/1608/1 8961/279/1 8962/1609/1
f 8958/1607/1 8959/277/1 8960/1608/1
f 8956/1606/1 8957/273/1 8958/1607/1
f 8953/1610/1 8955/275/1 8956/1606/1
f 8955/275/1 8953/1610/1 8954/88/1
f 8945/1611/4 8943/88/4 8944/1612/4
f 8946/275/4 8947/1613/4 8948/273/4
f 8948/273/4 8949/1614/4 8950/277/4
f 8950/277/4 8951/1615/4 8952/279/4
f 8951/1615/4 8950/277/4 8949/1614/4
f 8949/1614/4 8948/273/4 8947/1613/4
f 8947/1613/4 8946/275/4 8945/1611/4
f 8943/88/4 8945/1611/4 8946/275/4
f 8936/275/2 8937/1613/2 8938/273/2
f 8938/273/2 8939/1614/2 8940/277/2
f 8940/277/2 8941/1615/2 8942/279/2
f 8941/1615/2 8940/277/2 8939/1614/2
f 8939/1614/2 8938/273/2 8937/1613/2
f 8935/1611/2 8933/88/2 8934/1612/2
f 8933/88/2 8935/1611/2 8936/275/2
f 8937/1613/2 8936/275/2 8935/1611/2
f 8928/1607/6 8929/277/6 8930/1608/6
f 8930/1608/6 8931/279/6 8932/1609/6
f 8931/279/6 8930/1608/6 8929/277/6
f 8929/277/6 8928/1607/6 8927/273/6
f 8927/273/6 8926/1606/6 8925/275/6
f 8923/1610/6 8925/275/6 8926/1606/6
f 8926/1606/6 8927/273/6 8928/1607/6
f 8925/275/6 8923/1610/6 8924/88/6
f 8913/1616/2 8915/279/2 8917/277/2
f 8919/273/2 8918/1617/2 8916/1618/2
f 8921/275/2 8920/1619/2 8918/1617/2
f 8920/1619/2 8921/275/2 8922/88/2
f 8915/279/2 8913/1616/2 8914/1620/2
f 8918/1617/2 8919/273/2 8921/275/2
f 8916/1618/2 8917/277/2 8919/273/2
f 8917/277/2 8916/1618/2 8913/1616/2
f 8907/1621/6 8906/273/6 8903/277/6
f 8909/1622/6 8908/275/6 8906/273/6
f 8910/88/6 8911/1623/6 8912/1605/6
f 8911/1623/6 8910/88/6 8908/275/6
f 8908/275/6 8909/1622/6 8911/1623/6
f 8906/273/6 8907/1621/6 8909/1622/6
f 8903/277/6 8905/1624/6 8907/1621/6
f 8905/1624/6 8903/277/6 8904/279/6
f 8897/1621/1 8896/273/1 8893/277/1
f 8899/1622/1 8898/275/1 8896/273/1
f 8900/88/1 8901/1623/1 8902/1605/1
f 8898/275/1 8899/1622/1 8901/1623/1
f 8896/273/1 8897/1621/1 8899/1622/1
f 8893/277/1 8895/1624/1 8897/1621/1
f 8901/1623/1 8900/88/1 8898/275/1
f 8895/1624/1 8893/277/1 8894/279/1
f 8886/1618/4 8887/277/4 8889/273/4
f 8888/1617/4 8889/273/4 8891/275/4
f 8890/1619/4 8891/275/4 8892/88/4
f 8891/275/4 8890/1619/4 8888/1617/4
f 8889/273/4 8888/1617/4 8886/1618/4
f 8887/277/4 8886/1618/4 8883/1616/4
f 8885/279/4 8883/1616/4 8884/1620/4
f 8883/1616/4 8885/279/4 8887/277/4
f 9083/1587/1 9085/1588/1 9090/1589/1
f 9086/1593/1 9089/1590/1 9087/1592/1
f 9085/1588/1 9088/1591/1 9090/1589/1
f 9089/1590/1 9086/1593/1 9088/1591/1
f 9086/1593/1 9084/1594/1 9083/1587/1
f 9084/1594/1 9086/1593/1 9087/1592/1
f 9085/1588/1 9083/1587/1 9084/1594/1
f 9088/1591/1 9085/1588/1 9089/1590/1
f 9078/1593/2 9081/1594/2 9079/1592/2
f 9080/1587/2 9077/1588/2 9081/1594/2
f 9077/1588/2 9075/1591/2 9076/1590/2
f 9076/1590/2 9078/1593/2 9079/1592/2
f 9081/1594/2 9078/1593/2 9080/1587/2
f 9077/1588/2 9080/1587/2 9082/1589/2
f 9078/1593/2 9076/1590/2 9075/1591/2
f 9075/1591/2 9077/1588/2 9082/1589/2
f 9072/1625/3 9073/1626/3 9074/1627/3
f 9073/1626/3 9072/1625/3 9071/1628/3
f 9071/1628/3 9070/1629/3 9069/1630/3
f 9069/1630/3 9068/1631/3 9067/1632/3
f 9067/1632/3 9066/1633/3 9065/1634/3
f 9065/1634/3 9063/1610/3 9064/88/3
f 9070/1629/3 9071/1628/3 9072/1625/3
f 9068/1631/3 9069/1630/3 9070/1629/3
f 9066/1633/3 9067/1632/3 9068/1631/3
f 9063/1610/3 9065/1634/3 9066/1633/3
f 9056/1632/4 9057/1635/4 9058/1630/4
f 9054/1634/4 9055/1636/4 9056/1632/4
f 9058/1630/4 9059/1637/4 9060/1628/4
f 9060/1628/4 9061/1638/4 9062/1626/4
f 9061/1638/4 9060/1628/4 9059/1637/4
f 9059/1637/4 9058/1630/4 9057/1635/4
f 9057/1635/4 9056/1632/4 9055/1636/4
f 9055/1636/4 9054/1634/4 9053/1639/4
f 9053/1639/4 9051/88/4 9052/1612/4
f 9051/88/4 9053/1639/4 9054/1634/4
f 9042/1634/5 9043/1636/5 9044/1632/5
f 9044/1632/5 9045/1635/5 9046/1630/5
f 9046/1630/5 9047/1637/5 9048/1628/5
f 9041/1639/5 9039/88/5 9040/1612/5
f 9043/1636/5 9042/1634/5 9041/1639/5
f 9045/1635/5 9044/1632/5 9043/1636/5
f 9047/1637/5 9046/1630/5 9045/1635/5
f 9048/1628/5 9049/1638/5 9050/1626/5
f 9049/1638/5 9048/1628/5 9047/1637/5
f 9039/88/5 9041/1639/5 9042/1634/5
f 9036/1625/6 9037/1626/6 9038/1627/6
f 9032/1631/6 9033/1630/6 9034/1629/6
f 9030/1633/6 9031/1632/6 9032/1631/6
f 9027/1610/6 9029/1634/6 9030/1633/6
f 9037/1626/6 9036/1625/6 9035/1628/6
f 9035/1628/6 9034/1629/6 9033/1630/6
f 9033/1630/6 9032/1631/6 9031/1632/6
f 9031/1632/6 9030/1633/6 9029/1634/6
f 9029/1634/6 9027/1610/6 9028/88/6
f 9034/1629/6 9035/1628/6 9036/1625/6
f 9015/1640/5 9017/1626/5 9019/1628/5
f 9018/1641/5 9019/1628/5 9021/1630/5
f 9020/1642/5 9021/1630/5 9023/1632/5
f 9022/1643/5 9023/1632/5 9025/1634/5
f 9024/1619/5 9025/1634/5 9026/88/5
f 9025/1634/5 9024/1619/5 9022/1643/5
f 9023/1632/5 9022/1643/5 9020/1642/5
f 9021/1630/5 9020/1642/5 9018/1641/5
f 9019/1628/5 9018/1641/5 9015/1640/5
f 9017/1626/5 9015/1640/5 9016/1644/5
f 9003/1628/6 9005/1645/6 9007/1646/6
f 9006/1630/6 9007/1646/6 9009/1647/6
f 9008/1632/6 9009/1647/6 9011/1648/6
f 9010/1634/6 9011/1648/6 9013/1649/6
f 9012/88/6 9013/1649/6 9014/1605/6
f 9013/1649/6 9012/88/6 9010/1634/6
f 9011/1648/6 9010/1634/6 9008/1632/6
f 9009/1647/6 9008/1632/6 9006/1630/6
f 9007/1646/6 9006/1630/6 9003/1628/6
f 9005/1645/6 9003/1628/6 9004/1626/6
f 8991/1628/3 8993/1645/3 8995/1646/3
f 8994/1630/3 8995/1646/3 8997/1647/3
f 8996/1632/3 8997/1647/3 8999/1648/3
f 8998/1634/3 8999/1648/3 9001/1649/3
f 9000/88/3 9001/1649/3 9002/1605/3
f 9001/1649/3 9000/88/3 8998/1634/3
f 8999/1648/3 8998/1634/3 8996/1632/3
f 8997/1647/3 8996/1632/3 8994/1630/3
f 8995/1646/3 8994/1630/3 8991/1628/3
f 8993/1645/3 8991/1628/3 8992/1626/3
f 8979/1640/4 8981/1626/4 8983/1628/4
f 8982/1641/4 8983/1628/4 8985/1630/4
f 8984/1642/4 8985/1630/4 8987/1632/4
f 8986/1643/4 8987/1632/4 8989/1634/4
f 8988/1619/4 8989/1634/4 8990/88/4
f 8989/1634/4 8988/1619/4 8986/1643/4
f 8987/1632/4 8986/1643/4 8984/1642/4
f 8985/1630/4 8984/1642/4 8982/1641/4
f 8983/1628/4 8982/1641/4 8979/1640/4
f 8981/1626/4 8979/1640/4 8980/1644/4
f 9195/1587/1 9197/1588/1 9202/1589/1
f 9198/1593/1 9201/1590/1 9199/1592/1
f 9197/1588/1 9200/1591/1 9202/1589/1
f 9201/1590/1 9198/1593/1 9200/1591/1
f 9198/1593/1 9196/1594/1 9195/1587/1
f 9196/1594/1 9198/1593/1 9199/1592/1
f 9197/1588/1 9195/1587/1 9196/1594/1
f 9200/1591/1 9197/1588/1 9201/1590/1
f 9190/1593/2 9193/1594/2 9191/1592/2
f 9192/1587/2 9189/1588/2 9193/1594/2
f 9189/1588/2 9187/1591/2 9188/1590/2
f 9188/1590/2 9190/1593/2 9191/1592/2
f 9193/1594/2 9190/1593/2 9192/1587/2
f 9189/1588/2 9192/1587/2 9194/1589/2
f 9190/1593/2 9188/1590/2 9187/1591/2
f 9187/1591/2 9189/1588/2 9194/1589/2
f 9184/1625/3 9185/1626/3 9186/1627/3
f 9185/1626/3 9184/1625/3 9183/1628/3
f 9183/1628/3 9182/1629/3 9181/1630/3
f 9181/1630/3 9180/1631/3 9179/1632/3
f 9179/1632/3 9178/1633/3 9177/1634/3
f 9177/1634/3 9175/1610/3 9176/88/3
f 9182/1629/3 9183/1628/3 9184/1625/3
f 9180/1631/3 9181/1630/3 9182/1629/3
f 9178/1633/3 9179/1632/3 9180/1631/3
f 9175/1610/3 9177/1634/3 9178/1633/3
f 9168/1632/4 9169/1635/4 9170/1630/4
f 9166/1634/4 9167/1636/4 9168/1632/4
f 9170/1630/4 9171/1637/4 9172/1628/4
f 9172/1628/4 9173/1638/4 9174/1626/4
f 9173/1638/4 9172/1628/4 9171/1637/4
f 9171/1637/4 9170/1630/4 9169/1635/4
f 9169/1635/4 9168/1632/4 9167/1636/4
f 9167/1636/4 9166/1634/4 9165/1639/4
f 9165/1639/4 9163/88/4 9164/1612/4
f 9163/88/4 9165/1639/4 9166/1634/4
f 9154/1634/5 9155/1636/5 9156/1632/5
f 9156/1632/5 9157/1635/5 9158/1630/5
f 9158/1630/5 9159/1637/5 9160/1628/5
f 9153/1639/5 9151/88/5 9152/1612/5
f 9155/1636/5 9154/1634/5 9153/1639/5
f 9157/1635/5 9156/1632/5 9155/1636/5
f 9159/1637/5 9158/1630/5 9157/1635/5
f 9160/1628/5 9161/1638/5 9162/1626/5
f 9161/1638/5 9160/1628/5 9159/1637/5
f 9151/88/5 9153/1639/5 9154/1634/5
f 9148/1625/6 9149/1626/6 9150/1627/6
f 9144/1631/6 9145/1630/6 9146/1629/6
f 9142/1633/6 9143/1632/6 9144/1631/6
f 9139/1610/6 9141/1634/6 9142/1633/6
f 9149/1626/6 9148/1625/6 9147/1628/6
f 9147/1628/6 9146/1629/6 9145/1630/6
f 9145/1630/6 9144/1631/6 9143/1632/6
f 9143/1632/6 9142/1633/6 9141/1634/6
f 9141/1634/6 9139/1610/6 9140/88/6
f 9146/1629/6 9147/1628/6 9148/1625/6
f 9127/1640/5 9129/1626/5 9131/1628/5
f 9130/1641/5 9131/1628/5 9133/1630/5
f 9132/1642/5 9133/1630/5 9135/1632/5
f 9134/1643/5 9135/1632/5 9137/1634/5
f 9136/1619/5 9137/1634/5 9138/88/5
f 9137/1634/5 9136/1619/5 9134/1643/5
f 9135/1632/5 9134/1643/5 9132/1642/5
f 9133/1630/5 9132/1642/5 9130/1641/5
f 9131/1628/5 9130/1641/5 9127/1640/5
f 9129/1626/5 9127/1640/5 9128/1644/5
f 9115/1628/6 9117/1645/6 9119/1646/6
f 9118/1630/6 9119/1646/6 9121/1647/6
f 9120/1632/6 9121/1647/6 9123/1648/6
f 9122/1634/6 9123/1648/6 9125/1649/6
f 9124/88/6 9125/1649/6 9126/1605/6
f 9125/1649/6 9124/88/6 9122/1634/6
f 9123/1648/6 9122/1634/6 9120/1632/6
f 9121/1647/6 9120/1632/6 9118/1630/6
f 9119/1646/6 9118/1630/6 9115/1628/6
f 9117/1645/6 9115/1628/6 9116/1626/6
f 9103/1628/3 9105/1645/3 9107/1646/3
f 9106/1630/3 9107/1646/3 9109/1647/3
f 9108/1632/3 9109/1647/3 9111/1648/3
f 9110/1634/3 9111/1648/3 9113/1649/3
f 9112/88/3 9113/1649/3 9114/1605/3
f 9113/1649/3 9112/88/3 9110/1634/3
f 9111/1648/3 9110/1634/3 9108/1632/3
f 9109/1647/3 9108/1632/3 9106/1630/3
f 9107/1646/3 9106/1630/3 9103/1628/3
f 9105/1645/3 9103/1628/3 9104/1626/3
f 9091/1640/4 9093/1626/4 9095/1628/4
f 9094/1641/4 9095/1628/4 9097/1630/4
f 9096/1642/4 9097/1630/4 9099/1632/4
f 9098/1643/4 9099/1632/4 9101/1634/4
f 9100/1619/4 9101/1634/4 9102/88/4
f 9101/1634/4 9100/1619/4 9098/1643/4
f 9099/1632/4 9098/1643/4 9096/1642/4
f 9097/1630/4 9096/1642/4 9094/1641/4
f 9095/1628/4 9094/1641/4 9091/1640/4
f 9093/1626/4 9091/1640/4 9092/1644/4
f 9294/1593/3 9292/1594/3 9291/1587/3
f 9297/1590/3 9294/1593/3 9296/1591/3
f 9293/1588/3 9296/1591/3 9298/1589/3
f 9294/1593/3 9297/1590/3 9295/1592/3
f 9291/1587/3 9293/1588/3 9298/1589/3
f 9293/1588/3 9291/1587/3 9292/1594/3
f 9292/1594/3 9294/1593/3 9295/1592/3
f 9296/1591/3 9293/1588/3 9297/1590/3
f 9283/1591/5 9285/1588/5 9290/1589/5
f 9284/1590/5 9286/1593/5 9287/1592/5
f 9289/1594/5 9286/1593/5 9288/1587/5
f 9285/1588/5 9288/1587/5 9290/1589/5
f 9286/1593/5 9284/1590/5 9283/1591/5
f 9288/1587/5 9285/1588/5 9289/1594/5
f 9286/1593/5 9289/1594/5 9287/1592/5
f 9285/1588/5 9283/1591/5 9284/1590/5
f 9277/273/2 9276/1606/2 9275/275/2
f 9279/277/2 9278/1607/2 9277/273/2
f 9281/279/2 9280/1608/2 9279/277/2
f 9280/1608/2 9281/279/2 9282/1609/2
f 9278/1607/2 9279/277/2 9280/1608/2
f 9276/1606/2 9277/273/2 9278/1607/2
f 9273/1610/2 9275/275/2 9276/1606/2
f 9275/275/2 9273/1610/2 9274/88/2
f 9265/1611/4 9263/88/4 9264/1612/4
f 9266/275/4 9267/1613/4 9268/273/4
f 9268/273/4 9269/1614/4 9270/277/4
f 9270/277/4 9271/1615/4 9272/279/4
f 9271/1615/4 9270/277/4 9269/1614/4
f 9269/1614/4 9268/273/4 9267/1613/4
f 9267/1613/4 9266/275/4 9265/1611/4
f 9263/88/4 9265/1611/4 9266/275/4
f 9256/275/1 9257/1613/1 9258/273/1
f 9258/273/1 9259/1614/1 9260/277/1
f 9260/277/1 9261/1615/1 9262/279/1
f 9261/1615/1 9260/277/1 9259/1614/1
f 9259/1614/1 9258/273/1 9257/1613/1
f 9255/1611/1 9253/88/1 9254/1612/1
f 9253/88/1 9255/1611/1 9256/275/1
f 9257/1613/1 9256/275/1 9255/1611/1
f 9248/1607/6 9249/277/6 9250/1608/6
f 9250/1608/6 9251/279/6 9252/1609/6
f 9251/279/6 9250/1608/6 9249/277/6
f 9249/277/6 9248/1607/6 9247/273/6
f 9247/273/6 9246/1606/6 9245/275/6
f 9243/1610/6 9245/275/6 9246/1606/6
f 9246/1606/6 9247/273/6 9248/1607/6
f 9245/275/6 9243/1610/6 9244/88/6
f 9233/1616/1 9235/279/1 9237/277/1
f 9239/273/1 9238/1617/1 9236/1618/1
f 9241/275/1 9240/1619/1 9238/1617/1
f 9240/1619/1 9241/275/1 9242/88/1
f 9235/279/1 9233/1616/1 9234/1620/1
f 9238/1617/1 9239/273/1 9241/275/1
f 9236/1618/1 9237/277/1 9239/273/1
f 9237/277/1 9236/1618/1 9233/1616/1
f 9227/1621/6 9226/273/6 9223/277/6
f 9229/1622/6 9228/275/6 9226/273/6
f 9230/88/6 9231/1623/6 9232/1605/6
f 9231/1623/6 9230/88/6 9228/275/6
f 9228/275/6 9229/1622/6 9231/1623/6
f 9226/273/6 9227/1621/6 9229/1622/6
f 9223/277/6 9225/1624/6 9227/1621/6
f 9225/1624/6 9223/277/6 9224/279/6
f 9217/1621/2 9216/273/2 9213/277/2
f 9219/1622/2 9218/275/2 9216/273/2
f 9220/88/2 9221/1623/2 9222/1605/2
f 9218/275/2 9219/1622/2 9221/1623/2
f 9216/273/2 9217/1621/2 9219/1622/2
f 9213/277/2 9215/1624/2 9217/1621/2
f 9221/1623/2 9220/88/2 9218/275/2
f 9215/1624/2 9213/277/2 9214/279/2
f 9206/1618/4 9207/277/4 9209/273/4
f 9208/1617/4 9209/273/4 9211/275/4
f 9210/1619/4 9211/275/4 9212/88/4
f 9211/275/4 9210/1619/4 9208/1617/4
f 9209/273/4 9208/1617/4 9206/1618/4
f 9207/277/4 9206/1618/4 9203/1616/4
f 9205/279/4 9203/1616/4 9204/1620/4
f 9203/1616/4 9205/279/4 9207/277/4
f 9356/1587/4 9359/1592/4 9357/1594/4
f 9357/1594/4 9355/1589/4 9356/1587/4
f 9355/1589/4 9361/1590/4 9360/1591/4
f 9361/1590/4 9355/1589/4 9362/1588/4
f 9360/1591/4 9359/1592/4 9358/1593/4
f 9355/1589/4 9357/1594/4 9362/1588/4
f 9359/1592/4 9360/1591/4 9361/1590/4
f 9359/1592/4 9356/1587/4 9358/1593/4
f 9353/1594/6 9350/1593/6 9352/1587/6
f 9351/1592/6 9348/1591/6 9350/1593/6
f 9353/1594/6 9347/1589/6 9354/1588/6
f 9348/1591/6 9351/1592/6 9349/1590/6
f 9347/1589/6 9349/1590/6 9354/1588/6
f 9350/1593/6 9353/1594/6 9351/1592/6
f 9347/1589/6 9353/1594/6 9352/1587/6
f 9349/1590/6 9347/1589/6 9348/1591/6
f 9341/1610/5 9343/1650/5 9344/1651/5
f 9344/1651/5 9345/1652/5 9346/1653/5
f 9345/1652/5 9344/1651/5 9343/1650/5
f 9343/1650/5 9341/1610/5 9342/88/5
f 9335/88/1 9337/1654/1 9338/1650/1
f 9338/1650/1 9339/1655/1 9340/1652/1
f 9339/1655/1 9338/1650/1 9337/1654/1
f 9337/1654/1 9335/88/1 9336/1612/1
f 9329/88/3 9331/1654/3 9332/1650/3
f 9332/1650/3 9333/1655/3 9334/1652/3
f 9333/1655/3 9332/1650/3 9331/1654/3
f 9331/1654/3 9329/88/3 9330/1612/3
f 9323/1610/2 9325/1650/2 9326/1651/2
f 9326/1651/2 9327/1652/2 9328/1653/2
f 9327/1652/2 9326/1651/2 9325/1650/2
f 9325/1650/2 9323/1610/2 9324/88/2
f 9320/1619/3 9321/1650/3 9322/88/3
f 9321/1650/3 9320/1619/3 9317/1656/3
f 9319/1652/3 9317/1656/3 9318/1657/3
f 9317/1656/3 9319/1652/3 9321/1650/3
f 9311/1650/2 9313/1658/2 9315/1659/2
f 9314/88/2 9315/1659/2 9316/1605/2
f 9315/1659/2 9314/88/2 9311/1650/2
f 9313/1658/2 9311/1650/2 9312/1652/2
f 9305/1650/5 9307/1658/5 9309/1659/5
f 9308/88/5 9309/1659/5 9310/1605/5
f 9309/1659/5 9308/88/5 9305/1650/5
f 9307/1658/5 9305/1650/5 9306/1652/5
f 9302/1619/1 9303/1650/1 9304/88/1
f 9303/1650/1 9302/1619/1 9299/1656/1
f 9301/1652/1 9299/1656/1 9300/1657/1
f 9299/1656/1 9301/1652/1 9303/1650/1
f 9420/1587/6 9423/1592/6 9421/1594/6
f 9421/1594/6 9419/1589/6 9420/1587/6
f 9419/1589/6 9425/1590/6 9424/1591/6
f 9425/1590/6 9419/1589/6 9426/1588/6
f 9424/1591/6 9423/1592/6 9422/1593/6
f 9419/1589/6 9421/1594/6 9426/1588/6
f 9423/1592/6 9424/1591/6 9425/1590/6
f 9423/1592/6 9420/1587/6 9422/1593/6
f 9417/1594/4 9414/1593/4 9416/1587/4
f 9415/1592/4 9412/1591/4 9414/1593/4
f 9417/1594/4 9411/1589/4 9418/1588/4
f 9412/1591/4 9415/1592/4 9413/1590/4
f 9411/1589/4 9413/1590/4 9418/1588/4
f 9414/1593/4 9417/1594/4 9415/1592/4
f 9411/1589/4 9417/1594/4 9416/1587/4
f 9413/1590/4 9411/1589/4 9412/1591/4
f 9405/1610/3 9407/1650/3 9408/1651/3
f 9408/1651/3 9409/1652/3 9410/1653/3
f 9409/1652/3 9408/1651/3 9407/1650/3
f 9407/1650/3 9405/1610/3 9406/88/3
f 9399/88/1 9401/1654/1 9402/1650/1
f 9402/1650/1 9403/1655/1 9404/1652/1
f 9403/1655/1 9402/1650/1 9401/1654/1
f 9401/1654/1 9399/88/1 9400/1612/1
f 9393/88/5 9395/1654/5 9396/1650/5
f 9396/1650/5 9397/1655/5 9398/1652/5
f 9397/1655/5 9396/1650/5 9395/1654/5
f 9395/1654/5 9393/88/5 9394/1612/5
f 9387/1610/2 9389/1650/2 9390/1651/2
f 9390/1651/2 9391/1652/2 9392/1653/2
f 9391/1652/2 9390/1651/2 9389/1650/2
f 9389/1650/2 9387/1610/2 9388/88/2
f 9384/1619/5 9385/1650/5 9386/88/5
f 9385/1650/5 9384/1619/5 9381/1656/5
f 9383/1652/5 9381/1656/5 9382/1657/5
f 9381/1656/5 9383/1652/5 9385/1650/5
f 9375/1650/2 9377/1658/2 9379/1659/2
f 9378/88/2 9379/1659/2 9380/1605/2
f 9379/1659/2 9378/88/2 9375/1650/2
f 9377/1658/2 9375/1650/2 9376/1652/2
f 9369/1650/3 9371/1658/3 9373/1659/3
f 9372/88/3 9373/1659/3 9374/1605/3
f 9373/1659/3 9372/88/3 9369/1650/3
f 9371/1658/3 9369/1650/3 9370/1652/3
f 9366/1619/1 9367/1650/1 9368/88/1
f 9367/1650/1 9366/1619/1 9363/1656/1
f 9365/1652/1 9363/1656/1 9364/1657/1
f 9363/1656/1 9365/1652/1 9367/1650/1
f 9518/1593/5 9516/1594/5 9515/1587/5
f 9521/1590/5 9518/1593/5 9520/1591/5
f 9517/1588/5 9520/1591/5 9522/1589/5
f 9518/1593/5 9521/1590/5 9519/1592/5
f 9515/1587/5 9517/1588/5 9522/1589/5
f 9517/1588/5 9515/1587/5 9516/1594/5
f 9516/1594/5 9518/1593/5 9519/1592/5
f 9520/1591/5 9517/1588/5 9521/1590/5
f 9507/1591/3 9509/1588/3 9514/1589/3
f 9508/1590/3 9510/1593/3 9511/1592/3
f 9513/1594/3 9510/1593/3 9512/1587/3
f 9509/1588/3 9512/1587/3 9514/1589/3
f 9510/1593/3 9508/1590/3 9507/1591/3
f 9512/1587/3 9509/1588/3 9513/1594/3
f 9510/1593/3 9513/1594/3 9511/1592/3
f 9509/1588/3 9507/1591/3 9508/1590/3
f 9501/273/1 9500/1606/1 9499/275/1
f 9503/277/1 9502/1607/1 9501/273/1
f 9505/279/1 9504/1608/1 9503/277/1
f 9504/1608/1 9505/279/1 9506/1609/1
f 9502/1607/1 9503/277/1 9504/1608/1
f 9500/1606/1 9501/273/1 9502/1607/1
f 9497/1610/1 9499/275/1 9500/1606/1
f 9499/275/1 9497/1610/1 9498/88/1
f 9489/1611/4 9487/88/4 9488/1612/4
f 9490/275/4 9491/1613/4 9492/273/4
f 9492/273/4 9493/1614/4 9494/277/4
f 9494/277/4 9495/1615/4 9496/279/4
f 9495/1615/4 9494/277/4 9493/1614/4
f 9493/1614/4 9492/273/4 9491/1613/4
f 9491/1613/4 9490/275/4 9489/1611/4
f 9487/88/4 9489/1611/4 9490/275/4
f 9480/275/2 9481/1613/2 9482/273/2
f 9482/273/2 9483/1614/2 9484/277/2
f 9484/277/2 9485/1615/2 9486/279/2
f 9485/1615/2 9484/277/2 9483/1614/2
f 9483/1614/2 9482/273/2 9481/1613/2
f 9479/1611/2 9477/88/2 9478/1612/2
f 9477/88/2 9479/1611/2 9480/275/2
f 9481/1613/2 9480/275/2 9479/1611/2
f 9472/1607/6 9473/277/6 9474/1608/6
f 9474/1608/6 9475/279/6 9476/1609/6
f 9475/279/6 9474/1608/6 9473/277/6
f 9473/277/6 9472/1607/6 9471/273/6
f 9471/273/6 9470/1606/6 9469/275/6
f 9467/1610/6 9469/275/6 9470/1606/6
f 9470/1606/6 9471/273/6 9472/1607/6
f 9469/275/6 9467/1610/6 9468/88/6
f 9457/1616/2 9459/279/2 9461/277/2
f 9463/273/2 9462/1617/2 9460/1618/2
f 9465/275/2 9464/1619/2 9462/1617/2
f 9464/1619/2 9465/275/2 9466/88/2
f 9459/279/2 9457/1616/2 9458/1620/2
f 9462/1617/2 9463/273/2 9465/275/2
f 9460/1618/2 9461/277/2 9463/273/2
f 9461/277/2 9460/1618/2 9457/1616/2
f 9451/1621/6 9450/273/6 9447/277/6
f 9453/1622/6 9452/275/6 9450/273/6
f 9454/88/6 9455/1623/6 9456/1605/6
f 9455/1623/6 9454/88/6 9452/275/6
f 9452/275/6 9453/1622/6 9455/1623/6
f 9450/273/6 9451/1621/6 9453/1622/6
f 9447/277/6 9449/1624/6 9451/1621/6
f 9449/1624/6 9447/277/6 9448/279/6
f 9441/1621/1 9440/273/1 9437/277/1
f 9443/1622/1 9442/275/1 9440/273/1
f 9444/88/1 9445/1623/1 9446/1605/1
f 9442/275/1 9443/1622/1 9445/1623/1
f 9440/273/1 9441/1621/1 9443/1622/1
f 9437/277/1 9439/1624/1 9441/1621/1
f 9445/1623/1 9444/88/1 9442/275/1
f 9439/1624/1 9437/277/1 9438/279/1
f 9430/1618/4 9431/277/4 9433/273/4
f 9432/1617/4 9433/273/4 9435/275/4
f 9434/1619/4 9435/275/4 9436/88/4
f 9435/275/4 9434/1619/4 9432/1617/4
f 9433/273/4 9432/1617/4 9430/1618/4
f 9431/277/4 9430/1618/4 9427/1616/4
f 9429/279/4 9427/1616/4 9428/1620/4
f 9427/1616/4 9429/279/4 9431/277/4
f 10479/1660/3 10478/1661/3 10480/1662/3
f 10482/1663/3 10481/1664/3 10483/1665/3
f 10477/1666/3 10479/1660/3 10486/1667/3
f 10484/88/3 10483/1665/3 10481/1664/3
f 10483/1665/3 10484/88/3 10485/1668/3
f 10478/1661/3 10482/1663/3 10480/1662/3
f 10479/1660/3 10477/1666/3 10478/1661/3
f 10482/1663/3 10478/1661/3 10481/1664/3
f 10467/1669/3 10469/1670/3 10476/1671/3
f 10470/1672/3 10475/1673/3 10471/1674/3
f 10473/1675/3 10475/1673/3 10470/1672/3
f 10475/1673/3 10473/1675/3 10474/1676/3
f 10470/1672/3 10472/1677/3 10469/1670/3
f 10472/1677/3 10470/1672/3 10471/1674/3
f 10469/1670/3 10467/1669/3 10468/1678/3
f 10469/1670/3 10472/1677/3 10476/1671/3
f 10451/1679/6 10422/1680/6 10450/1681/6
f 10368/1682/6 10370/1683/6 10371/1684/6
f 10371/1684/6 10370/1683/6 10372/1685/6
f 10369/1686/6 10368/1682/6 10373/1687/6
f 10376/1688/6 10374/1689/6 10375/1690/6
f 10371/1684/6 10372/1685/6 10377/1691/6
f 10374/1689/6 10376/1688/6 10378/1692/6
f 10371/1684/6 10377/1691/6 10379/1693/6
f 10373/1687/6 10378/1692/6 10380/1694/6
f 10375/1690/6 10374/1689/6 10381/1695/6
f 10382/1696/6 10374/1689/6 10371/1684/6
f 10371/1684/6 10379/1693/6 10383/1697/6
f 10378/1692/6 10376/1688/6 10380/1694/6
f 10374/1689/6 10382/1696/6 10384/1698/6
f 10378/1692/6 10373/1687/6 10368/1682/6
f 10374/1689/6 10384/1698/6 10385/1699/6
f 10374/1689/6 10385/1699/6 10381/1695/6
f 10387/1700/6 10368/1682/6 10386/1701/6
f 10389/845/6 10386/1701/6 10388/846/6
f 10391/1702/6 10388/846/6 10390/1703/6
f 10393/1704/6 10390/1703/6 10392/1705/6
f 10396/1706/6 10394/1707/6 10395/1708/6
f 10394/1707/6 10396/1706/6 10397/1709/6
f 10399/1710/6 10394/1707/6 10398/1711/6
f 10395/1708/6 10394/1707/6 10400/1712/6
f 10394/1707/6 10397/1709/6 10398/1711/6
f 10403/1713/6 10401/1714/6 10402/1715/6
f 10394/1707/6 10399/1710/6 10392/1705/6
f 10400/1712/6 10401/1714/6 10404/1716/6
f 10402/1715/6 10401/1714/6 10405/1717/6
f 10406/1718/6 10393/1704/6 10392/1705/6
f 10392/1705/6 10399/1710/6 10407/1719/6
f 10401/1714/6 10403/1713/6 10404/1716/6
f 10405/1717/6 10393/1704/6 10408/1720/6
f 10393/1704/6 10406/1718/6 10409/1721/6
f 10401/1714/6 10400/1712/6 10394/1707/6
f 10393/1704/6 10409/1721/6 10408/1720/6
f 10393/1704/6 10405/1717/6 10401/1714/6
f 10410/1545/6 10374/1689/6 10378/1692/6
f 10411/1555/6 10378/1692/6 10387/1700/6
f 10412/88/6 10387/1700/6 10389/845/6
f 10413/1529/6 10389/845/6 10391/1702/6
f 10414/1531/6 10391/1702/6 10393/1704/6
f 10415/1526/6 10393/1704/6 10401/1714/6
f 10417/1722/6 10416/1556/6 10410/1545/6
f 10418/1723/6 10410/1545/6 10411/1555/6
f 10419/275/6 10411/1555/6 10412/88/6
f 10420/1724/6 10412/88/6 10413/1529/6
f 10421/1725/6 10413/1529/6 10414/1531/6
f 10422/1680/6 10414/1531/6 10415/1526/6
f 10424/1726/6 10423/1727/6 10417/1722/6
f 10426/1728/6 10417/1722/6 10425/1729/6
f 10417/1722/6 10426/1728/6 10424/1726/6
f 10428/1730/6 10417/1722/6 10427/1731/6
f 10417/1722/6 10428/1730/6 10425/1729/6
f 10431/1732/6 10429/1733/6 10430/1734/6
f 10423/1727/6 10424/1726/6 10432/1735/6
f 10429/1733/6 10431/1732/6 10433/1736/6
f 10423/1727/6 10432/1735/6 10434/1737/6
f 10433/1736/6 10428/1730/6 10427/1731/6
f 10430/1734/6 10429/1733/6 10435/1738/6
f 10436/1739/6 10429/1733/6 10423/1727/6
f 10423/1727/6 10434/1737/6 10437/1740/6
f 10433/1736/6 10431/1732/6 10438/1741/6
f 10429/1733/6 10436/1739/6 10439/1742/6
f 10428/1730/6 10433/1736/6 10438/1741/6
f 10449/1743/6 10422/1680/6 10448/1744/6
f 10422/1680/6 10446/1745/6 10447/1746/6
f 10446/1745/6 10422/1680/6 10445/1747/6
f 10421/1725/6 10444/1748/6 10420/1724/6
f 10444/1748/6 10421/1725/6 10443/1749/6
f 10441/1750/6 10418/1723/6 10442/1751/6
f 10441/1750/6 10417/1722/6 10418/1723/6
f 10429/1733/6 10440/1752/6 10435/1738/6
f 10371/1684/6 10383/1697/6 10382/1696/6
f 10368/1682/6 10387/1700/6 10378/1692/6
f 10386/1701/6 10389/845/6 10387/1700/6
f 10388/846/6 10391/1702/6 10389/845/6
f 10390/1703/6 10393/1704/6 10391/1702/6
f 10392/1705/6 10407/1719/6 10406/1718/6
f 10374/1689/6 10410/1545/6 10416/1556/6
f 10378/1692/6 10411/1555/6 10410/1545/6
f 10387/1700/6 10412/88/6 10411/1555/6
f 10389/845/6 10413/1529/6 10412/88/6
f 10391/1702/6 10414/1531/6 10413/1529/6
f 10393/1704/6 10415/1526/6 10414/1531/6
f 10416/1556/6 10417/1722/6 10423/1727/6
f 10410/1545/6 10418/1723/6 10417/1722/6
f 10411/1555/6 10419/275/6 10418/1723/6
f 10412/88/6 10420/1724/6 10419/275/6
f 10413/1529/6 10421/1725/6 10420/1724/6
f 10414/1531/6 10422/1680/6 10421/1725/6
f 10423/1727/6 10437/1740/6 10436/1739/6
f 10417/1722/6 10441/1750/6 10427/1731/6
f 10420/1724/6 10444/1748/6 10462/1753/6
f 10421/1725/6 10455/1754/6 10443/1749/6
f 10419/275/6 10461/1755/6 10465/1756/6
f 10442/1751/6 10464/1757/6 10466/1758/6
f 10419/275/6 10464/1757/6 10418/1723/6
f 10464/1757/6 10419/275/6 10465/1756/6
f 10464/1757/6 10442/1751/6 10418/1723/6
f 10462/1753/6 10461/1755/6 10420/1724/6
f 10461/1755/6 10462/1753/6 10463/1759/6
f 10461/1755/6 10419/275/6 10420/1724/6
f 10458/1760/6 10456/1761/6 10448/1744/6
f 10448/1744/6 10459/1762/6 10449/1743/6
f 10458/1760/6 10457/1763/6 10460/1764/6
f 10455/1754/6 10458/1760/6 10443/1749/6
f 10456/1761/6 10458/1760/6 10460/1764/6
f 10448/1744/6 10453/1765/6 10459/1762/6
f 10421/1725/6 10451/1679/6 10454/1766/6
f 10458/1760/6 10455/1754/6 10457/1763/6
f 10452/1767/6 10448/1744/6 10456/1761/6
f 10422/1680/6 10451/1679/6 10421/1725/6
f 10455/1754/6 10421/1725/6 10454/1766/6
f 10453/1765/6 10448/1744/6 10452/1767/6
f 10422/1680/6 10447/1746/6 10450/1681/6
f 10422/1680/6 10449/1743/6 10445/1747/6
f 10429/1733/6 10439/1742/6 10440/1752/6
f 10370/1683/6 10368/1682/6 10369/1686/6
f 10350/1721/4 10325/1704/4 10355/1720/4
f 10357/1717/4 10325/1704/4 10356/1714/4
f 10359/1713/4 10356/1714/4 10358/1716/4
f 10354/1710/4 10353/1705/4 10360/1719/4
f 10325/1704/4 10357/1717/4 10355/1720/4
f 10356/1714/4 10359/1713/4 10361/1715/4
f 10362/1712/4 10356/1714/4 10346/1707/4
f 10353/1705/4 10351/1718/4 10360/1719/4
f 10356/1714/4 10362/1712/4 10358/1716/4
f 10356/1714/4 10361/1715/4 10357/1717/4
f 10363/1755/4 10293/1753/4 10292/1724/4
f 10363/1755/4 10316/275/4 10364/1756/4
f 10316/275/4 10363/1755/4 10292/1724/4
f 10365/1757/4 10316/275/4 10314/1723/4
f 10365/1757/4 10291/1751/4 10366/1758/4
f 10291/1751/4 10365/1757/4 10314/1723/4
f 10316/275/4 10365/1757/4 10364/1756/4
f 10293/1753/4 10363/1755/4 10367/1759/4
f 10346/1707/4 10352/1708/4 10362/1712/4
f 10345/1703/4 10325/1704/4 10353/1705/4
f 10344/846/4 10324/1702/4 10345/1703/4
f 10343/1701/4 10323/845/4 10344/846/4
f 10327/1682/4 10322/1700/4 10343/1701/4
f 10327/1682/4 10334/1686/4 10342/1687/4
f 10325/1704/4 10326/1526/4 10356/1714/4
f 10324/1702/4 10319/1531/4 10325/1704/4
f 10323/845/4 10318/1529/4 10324/1702/4
f 10322/1700/4 10317/88/4 10323/845/4
f 10321/1692/4 10315/1555/4 10322/1700/4
f 10320/1689/4 10313/1545/4 10321/1692/4
f 10319/1531/4 10295/1680/4 10326/1526/4
f 10318/1529/4 10303/1725/4 10319/1531/4
f 10317/88/4 10292/1724/4 10318/1529/4
f 10315/1555/4 10316/275/4 10317/88/4
f 10313/1545/4 10314/1723/4 10315/1555/4
f 10312/1556/4 10273/1722/4 10313/1545/4
f 10295/1680/4 10299/1743/4 10307/1744/4
f 10292/1724/4 10294/1749/4 10303/1725/4
f 10273/1722/4 10291/1751/4 10314/1723/4
f 10346/1707/4 10354/1710/4 10349/1711/4
f 10292/1724/4 10317/88/4 10316/275/4
f 10316/275/4 10315/1555/4 10314/1723/4
f 10314/1723/4 10313/1545/4 10273/1722/4
f 10273/1722/4 10312/1556/4 10276/1727/4
f 10307/1744/4 10311/1767/4 10308/1761/4
f 10309/1762/4 10307/1744/4 10299/1743/4
f 10307/1744/4 10310/1765/4 10311/1767/4
f 10294/1749/4 10308/1761/4 10306/1764/4
f 10304/1679/4 10303/1725/4 10305/1766/4
f 10310/1765/4 10307/1744/4 10309/1762/4
f 10308/1761/4 10294/1749/4 10307/1744/4
f 10301/1763/4 10294/1749/4 10306/1764/4
f 10295/1680/4 10304/1679/4 10300/1681/4
f 10303/1725/4 10302/1754/4 10305/1766/4
f 10294/1749/4 10302/1754/4 10303/1725/4
f 10304/1679/4 10295/1680/4 10303/1725/4
f 10302/1754/4 10294/1749/4 10301/1763/4
f 10296/1746/4 10295/1680/4 10300/1681/4
f 10299/1743/4 10295/1680/4 10298/1747/157
f 10297/1745/4 10295/1680/4 10296/1746/4
f 10294/1749/4 10292/1724/4 10293/1753/4
f 10291/1751/4 10273/1722/4 10283/1731/4
f 10280/1733/4 10290/1734/4 10289/1738/4
f 10287/1741/4 10283/1731/4 10279/1730/4
f 10276/1727/4 10282/1739/4 10288/1740/4
f 10280/1733/4 10284/1732/4 10290/1734/4
f 10286/1752/4 10280/1733/4 10289/1738/4
f 10285/1737/4 10276/1727/4 10288/1740/4
f 10284/1732/4 10283/1731/4 10287/1741/4
f 10281/1742/486 10280/1733/4 10286/1752/4
f 10277/1735/4 10276/1727/4 10285/1737/4
f 10284/1732/4 10280/1733/4 10283/1731/4
f 10280/1733/4 10282/1739/4 10276/1727/4
f 10273/1722/4 10275/1728/4 10278/1729/4
f 10282/1739/4 10280/1733/4 10281/1742/486
f 10276/1727/4 10274/1726/4 10273/1722/4
f 10279/1730/4 10273/1722/4 10278/1729/4
f 10274/1726/4 10276/1727/4 10277/1735/4
f 10275/1728/4 10273/1722/4 10274/1726/4
f 10325/1704/4 10351/1718/4 10353/1705/4
f 10354/1710/4 10346/1707/4 10353/1705/4
f 10346/1707/4 10348/1706/4 10352/1708/4
f 10351/1718/4 10325/1704/4 10350/1721/4
f 10347/1709/4 10346/1707/4 10349/1711/4
f 10348/1706/4 10346/1707/4 10347/1709/4
f 10324/1702/4 10344/846/4 10323/845/4
f 10325/1704/4 10345/1703/4 10324/1702/4
f 10323/845/4 10343/1701/4 10322/1700/4
f 10322/1700/4 10327/1682/4 10321/1692/4
f 10320/1689/4 10341/1690/4 10340/1695/4
f 10321/1692/4 10342/1687/4 10338/1694/4
f 10328/1684/4 10333/1696/4 10339/1697/4
f 10342/1687/4 10321/1692/4 10327/1682/4
f 10320/1689/4 10335/1688/4 10341/1690/4
f 10337/1699/4 10320/1689/4 10340/1695/4
f 10336/1693/4 10328/1684/4 10339/1697/4
f 10335/1688/4 10321/1692/4 10338/1694/4
f 10331/1691/4 10328/1684/4 10336/1693/4
f 10332/1698/4 10320/1689/4 10337/1699/4
f 10335/1688/4 10320/1689/4 10321/1692/4
f 10320/1689/4 10333/1696/4 10328/1684/4
f 10327/1682/4 10330/1683/4 10334/1686/4
f 10333/1696/4 10320/1689/4 10332/1698/4
f 10329/1685/4 10328/1684/4 10331/1691/4
f 10327/1682/4 10329/1685/4 10330/1683/4
f 10326/1526/4 10325/1704/4 10319/1531/4
f 10329/1685/4 10327/1682/4 10328/1684/4
f 10319/1531/4 10324/1702/4 10318/1529/4
f 10318/1529/4 10323/845/4 10317/88/4
f 10317/88/4 10322/1700/4 10315/1555/4
f 10315/1555/4 10321/1692/4 10313/1545/4
f 10313/1545/4 10320/1689/4 10312/1556/4
f 10295/1680/4 10319/1531/4 10303/1725/4
f 10273/1722/4 10279/1730/4 10283/1731/4
f 10303/1725/4 10318/1529/4 10292/1724/4
f 10295/1680/4 10297/1745/4 10298/1747/157
f 10265/847/1 10263/1768/1 10264/848/1
f 10269/845/1 10268/1769/1 10267/846/1
f 10271/88/1 10270/1770/1 10269/845/1
f 10270/1770/1 10271/88/1 10272/1668/1
f 10268/1769/1 10269/845/1 10270/1770/1
f 10266/1771/1 10267/846/1 10268/1769/1
f 10263/1768/1 10265/847/1 10266/1771/1
f 10267/846/1 10266/1771/1 10265/847/1
f 10251/1772/5 10249/1678/5 10250/1773/5
f 10255/1774/5 10254/1775/5 10253/1776/5
f 10257/1777/5 10256/1568/5 10255/1774/5
f 10259/1778/5 10258/1560/5 10257/1777/5
f 10261/1779/5 10260/1561/5 10259/1778/5
f 10260/1561/5 10261/1779/5 10262/88/5
f 10258/1560/5 10259/1778/5 10260/1561/5
f 10256/1568/5 10257/1777/5 10258/1560/5
f 10254/1775/5 10255/1774/5 10256/1568/5
f 10252/1780/5 10253/1776/5 10254/1775/5
f 10249/1678/5 10251/1772/5 10252/1780/5
f 10253/1776/5 10252/1780/5 10251/1772/5
f 10241/1781/2 10239/848/2 10240/1782/2
f 10245/1783/2 10244/846/2 10243/1784/2
f 10247/1779/2 10246/845/2 10245/1783/2
f 10246/845/2 10247/1779/2 10248/88/2
f 10244/846/2 10245/1783/2 10246/845/2
f 10242/847/2 10243/1784/2 10244/846/2
f 10239/848/2 10241/1781/2 10242/847/2
f 10243/1784/2 10242/847/2 10241/1781/2
f 10211/1785/487 10213/1786/2 10215/1787/487
f 10214/1788/488 10215/1787/487 10217/1789/488
f 10216/1790/489 10217/1789/488 10219/1791/489
f 10218/1792/490 10219/1791/489 10221/1793/490
f 10220/1794/225 10221/1793/490 10223/1795/225
f 10222/1796/421 10223/1795/225 10225/1797/421
f 10224/1798/1 10225/1797/421 10227/1799/1
f 10226/1800/233 10227/1799/1 10229/1801/233
f 10228/1802/491 10229/1801/233 10231/1803/491
f 10230/1804/232 10231/1803/491 10233/1805/232
f 10232/1806/3 10233/1805/232 10235/1807/3
f 10234/1808/492 10235/1807/3 10237/1809/492
f 10236/1810/493 10237/1809/492 10238/1811/228
f 10212/1812/2 10238/1811/228 10213/1786/2
f 10238/1811/228 10212/1812/2 10236/1810/493
f 10237/1809/492 10236/1810/493 10234/1808/492
f 10235/1807/3 10234/1808/492 10232/1806/3
f 10233/1805/232 10232/1806/3 10230/1804/232
f 10231/1803/491 10230/1804/232 10228/1802/491
f 10229/1801/233 10228/1802/491 10226/1800/233
f 10227/1799/1 10226/1800/233 10224/1798/1
f 10225/1797/421 10224/1798/1 10222/1796/421
f 10223/1795/225 10222/1796/421 10220/1794/225
f 10221/1793/490 10220/1794/225 10218/1792/490
f 10219/1791/489 10218/1792/490 10216/1790/489
f 10217/1789/488 10216/1790/489 10214/1788/488
f 10215/1787/487 10214/1788/488 10211/1785/487
f 10213/1786/2 10211/1785/487 10212/1812/2
f 10183/1785/487 10185/1786/2 10187/1787/487
f 10186/1788/488 10187/1787/487 10189/1789/488
f 10188/1790/489 10189/1789/488 10191/1791/494
f 10190/1792/490 10191/1791/494 10193/1793/490
f 10192/1794/225 10193/1793/490 10195/1795/225
f 10194/1796/421 10195/1795/225 10197/1797/421
f 10196/1798/1 10197/1797/421 10199/1799/1
f 10198/1800/233 10199/1799/1 10201/1801/233
f 10200/1802/491 10201/1801/233 10203/1803/491
f 10202/1804/232 10203/1803/491 10205/1805/232
f 10204/1806/3 10205/1805/232 10207/1807/3
f 10206/1808/492 10207/1807/3 10209/1809/492
f 10208/1810/228 10209/1809/492 10210/1811/228
f 10184/1812/2 10210/1811/228 10185/1786/2
f 10210/1811/228 10184/1812/2 10208/1810/228
f 10209/1809/492 10208/1810/228 10206/1808/492
f 10207/1807/3 10206/1808/492 10204/1806/3
f 10205/1805/232 10204/1806/3 10202/1804/232
f 10203/1803/491 10202/1804/232 10200/1802/491
f 10201/1801/233 10200/1802/491 10198/1800/233
f 10199/1799/1 10198/1800/233 10196/1798/1
f 10197/1797/421 10196/1798/1 10194/1796/421
f 10195/1795/225 10194/1796/421 10192/1794/225
f 10193/1793/490 10192/1794/225 10190/1792/490
f 10191/1791/494 10190/1792/490 10188/1790/489
f 10189/1789/488 10188/1790/489 10186/1788/488
f 10187/1787/487 10186/1788/488 10183/1785/487
f 10185/1786/2 10183/1785/487 10184/1812/2
f 10157/1786/2 10155/1785/487 10156/1812/2
f 10163/1791/489 10162/1792/490 10160/1790/489
f 10165/1793/490 10164/1794/225 10162/1792/490
f 10167/1795/225 10166/1796/421 10164/1794/225
f 10169/1797/421 10168/1798/1 10166/1796/421
f 10171/1799/1 10170/1800/233 10168/1798/1
f 10173/1801/233 10172/1802/491 10170/1800/233
f 10175/1803/491 10174/1804/232 10172/1802/491
f 10177/1805/232 10176/1806/3 10174/1804/232
f 10159/1787/487 10158/1788/488 10155/1785/487
f 10181/1809/492 10180/1810/228 10178/1808/492
f 10182/1811/228 10156/1812/2 10180/1810/228
f 10156/1812/2 10182/1811/228 10157/1786/2
f 10180/1810/228 10181/1809/492 10182/1811/228
f 10178/1808/492 10179/1807/3 10181/1809/492
f 10176/1806/3 10177/1805/232 10179/1807/3
f 10174/1804/232 10175/1803/491 10177/1805/232
f 10172/1802/491 10173/1801/233 10175/1803/491
f 10170/1800/233 10171/1799/1 10173/1801/233
f 10179/1807/3 10178/1808/492 10176/1806/3
f 10168/1798/1 10169/1797/421 10171/1799/1
f 10166/1796/421 10167/1795/225 10169/1797/421
f 10164/1794/225 10165/1793/490 10167/1795/225
f 10162/1792/490 10163/1791/489 10165/1793/490
f 10160/1790/489 10161/1789/488 10163/1791/489
f 10158/1788/488 10159/1787/487 10161/1789/488
f 10155/1785/487 10157/1786/2 10159/1787/487
f 10161/1789/488 10160/1790/489 10158/1788/488
f 10129/1786/2 10127/1785/487 10128/1812/2
f 10131/1787/495 10130/1788/488 10127/1785/487
f 10133/1789/488 10132/1790/489 10130/1788/488
f 10135/1791/489 10134/1792/490 10132/1790/489
f 10137/1793/490 10136/1794/225 10134/1792/490
f 10139/1795/225 10138/1796/421 10136/1794/225
f 10141/1797/421 10140/1798/1 10138/1796/421
f 10143/1799/1 10142/1800/233 10140/1798/1
f 10145/1801/233 10144/1802/491 10142/1800/233
f 10147/1803/491 10146/1804/232 10144/1802/491
f 10149/1805/232 10148/1806/3 10146/1804/232
f 10151/1807/3 10150/1808/492 10148/1806/3
f 10153/1809/492 10152/1810/493 10150/1808/492
f 10154/1811/228 10128/1812/2 10152/1810/493
f 10128/1812/2 10154/1811/228 10129/1786/2
f 10152/1810/493 10153/1809/492 10154/1811/228
f 10150/1808/492 10151/1807/3 10153/1809/492
f 10148/1806/3 10149/1805/232 10151/1807/3
f 10146/1804/232 10147/1803/491 10149/1805/232
f 10144/1802/491 10145/1801/233 10147/1803/491
f 10142/1800/233 10143/1799/1 10145/1801/233
f 10140/1798/1 10141/1797/421 10143/1799/1
f 10138/1796/421 10139/1795/225 10141/1797/421
f 10136/1794/225 10137/1793/490 10139/1795/225
f 10134/1792/490 10135/1791/489 10137/1793/490
f 10132/1790/489 10133/1789/488 10135/1791/489
f 10130/1788/488 10131/1787/495 10133/1789/488
f 10127/1785/487 10129/1786/2 10131/1787/495
f 10123/1813/1 10125/1814/1 10126/1815/1
f 10125/1814/1 10123/1813/1 10124/1816/1
f 10121/1817/3 10119/1818/3 10120/1819/3
f 10119/1818/3 10121/1817/3 10122/1820/3
f 10115/1821/2 10117/1822/2 10118/1823/2
f 10117/1822/2 10115/1821/2 10116/1824/2
f 10591/1587/1 10593/1588/1 10598/1589/1
f 10594/1593/1 10597/1590/1 10595/1592/1
f 10593/1588/1 10596/1591/1 10598/1589/1
f 10597/1590/1 10594/1593/1 10596/1591/1
f 10594/1593/1 10592/1594/1 10591/1587/1
f 10592/1594/1 10594/1593/1 10595/1592/1
f 10593/1588/1 10591/1587/1 10592/1594/1
f 10596/1591/1 10593/1588/1 10597/1590/1
f 10586/1593/2 10589/1594/2 10587/1592/2
f 10588/1587/2 10585/1588/2 10589/1594/2
f 10585/1588/2 10583/1591/2 10584/1590/2
f 10584/1590/2 10586/1593/2 10587/1592/2
f 10589/1594/2 10586/1593/2 10588/1587/2
f 10585/1588/2 10588/1587/2 10590/1589/2
f 10586/1593/2 10584/1590/2 10583/1591/2
f 10583/1591/2 10585/1588/2 10590/1589/2
f 10580/1625/3 10581/1626/3 10582/1627/3
f 10581/1626/3 10580/1625/3 10579/1628/3
f 10579/1628/3 10578/1629/3 10577/1630/3
f 10577/1630/3 10576/1631/3 10575/1632/3
f 10575/1632/3 10574/1633/3 10573/1634/3
f 10573/1634/3 10571/1610/3 10572/88/3
f 10578/1629/3 10579/1628/3 10580/1625/3
f 10576/1631/3 10577/1630/3 10578/1629/3
f 10574/1633/3 10575/1632/3 10576/1631/3
f 10571/1610/3 10573/1634/3 10574/1633/3
f 10564/1632/4 10565/1635/4 10566/1630/4
f 10562/1634/4 10563/1636/4 10564/1632/4
f 10566/1630/4 10567/1637/4 10568/1628/4
f 10568/1628/4 10569/1638/4 10570/1626/4
f 10569/1638/4 10568/1628/4 10567/1637/4
f 10567/1637/4 10566/1630/4 10565/1635/4
f 10565/1635/4 10564/1632/4 10563/1636/4
f 10563/1636/4 10562/1634/4 10561/1639/4
f 10561/1639/4 10559/88/4 10560/1612/4
f 10559/88/4 10561/1639/4 10562/1634/4
f 10550/1634/5 10551/1636/5 10552/1632/5
f 10552/1632/5 10553/1635/5 10554/1630/5
f 10554/1630/5 10555/1637/5 10556/1628/5
f 10549/1639/5 10547/88/5 10548/1612/5
f 10551/1636/5 10550/1634/5 10549/1639/5
f 10553/1635/5 10552/1632/5 10551/1636/5
f 10555/1637/5 10554/1630/5 10553/1635/5
f 10556/1628/5 10557/1638/5 10558/1626/5
f 10557/1638/5 10556/1628/5 10555/1637/5
f 10547/88/5 10549/1639/5 10550/1634/5
f 10544/1625/6 10545/1626/6 10546/1627/6
f 10540/1631/6 10541/1630/6 10542/1629/6
f 10538/1633/6 10539/1632/6 10540/1631/6
f 10535/1610/6 10537/1634/6 10538/1633/6
f 10545/1626/6 10544/1625/6 10543/1628/6
f 10543/1628/6 10542/1629/6 10541/1630/6
f 10541/1630/6 10540/1631/6 10539/1632/6
f 10539/1632/6 10538/1633/6 10537/1634/6
f 10537/1634/6 10535/1610/6 10536/88/6
f 10542/1629/6 10543/1628/6 10544/1625/6
f 10523/1640/5 10525/1626/5 10527/1628/5
f 10526/1641/5 10527/1628/5 10529/1630/5
f 10528/1642/5 10529/1630/5 10531/1632/5
f 10530/1643/5 10531/1632/5 10533/1634/5
f 10532/1619/5 10533/1634/5 10534/88/5
f 10533/1634/5 10532/1619/5 10530/1643/5
f 10531/1632/5 10530/1643/5 10528/1642/5
f 10529/1630/5 10528/1642/5 10526/1641/5
f 10527/1628/5 10526/1641/5 10523/1640/5
f 10525/1626/5 10523/1640/5 10524/1644/5
f 10511/1628/6 10513/1645/6 10515/1646/6
f 10514/1630/6 10515/1646/6 10517/1647/6
f 10516/1632/6 10517/1647/6 10519/1648/6
f 10518/1634/6 10519/1648/6 10521/1649/6
f 10520/88/6 10521/1649/6 10522/1605/6
f 10521/1649/6 10520/88/6 10518/1634/6
f 10519/1648/6 10518/1634/6 10516/1632/6
f 10517/1647/6 10516/1632/6 10514/1630/6
f 10515/1646/6 10514/1630/6 10511/1628/6
f 10513/1645/6 10511/1628/6 10512/1626/6
f 10499/1628/3 10501/1645/3 10503/1646/3
f 10502/1630/3 10503/1646/3 10505/1647/3
f 10504/1632/3 10505/1647/3 10507/1648/3
f 10506/1634/3 10507/1648/3 10509/1649/3
f 10508/88/3 10509/1649/3 10510/1605/3
f 10509/1649/3 10508/88/3 10506/1634/3
f 10507/1648/3 10506/1634/3 10504/1632/3
f 10505/1647/3 10504/1632/3 10502/1630/3
f 10503/1646/3 10502/1630/3 10499/1628/3
f 10501/1645/3 10499/1628/3 10500/1626/3
f 10487/1640/4 10489/1626/4 10491/1628/4
f 10490/1641/4 10491/1628/4 10493/1630/4
f 10492/1642/4 10493/1630/4 10495/1632/4
f 10494/1643/4 10495/1632/4 10497/1634/4
f 10496/1619/4 10497/1634/4 10498/88/4
f 10497/1634/4 10496/1619/4 10494/1643/4
f 10495/1632/4 10494/1643/4 10492/1642/4
f 10493/1630/4 10492/1642/4 10490/1641/4
f 10491/1628/4 10490/1641/4 10487/1640/4
f 10489/1626/4 10487/1640/4 10488/1644/4
usemtl mat4.005
f 8422/1825/1 8420/1520/1 8421/1826/1
f 8420/1520/1 8422/1825/1 8423/1523/1
f 8424/1827/1 8421/1826/1 8420/1520/1
f 8430/1828/1 8428/1829/1 8429/1830/1
f 8431/1831/1 8428/1829/1 8423/1523/1
f 8423/1523/1 8422/1825/1 8432/1832/1
f 8424/1827/1 8420/1520/1 8433/1833/1
f 8435/1834/419 8420/1520/1 8434/1835/1
f 8437/1836/1 8427/1837/1 8436/1838/1
f 8439/1839/1 8428/1829/1 8438/1840/1
f 8429/1830/1 8428/1829/1 8440/1841/1
f 8423/1523/1 8432/1832/1 8431/1831/1
f 8420/1520/1 8435/1834/419 8433/1833/1
f 8436/1838/1 8427/1837/1 8441/1842/1
f 8428/1829/1 8430/1828/1 8438/1840/1
f 8421/1826/1 8424/1827/1 8427/1837/1
f 8443/1843/1 8442/1844/1 8425/1845/1
f 8426/1846/1 8425/1845/1 8442/1844/1
f 8428/1829/1 8439/1839/1 8444/1847/1
f 8434/1835/1 8420/1520/1 8445/1848/1
f 8425/1845/1 8427/1837/1 8437/1836/1
f 8447/1849/1 8444/1847/1 8446/1850/1
f 8428/1829/1 8431/1831/1 8440/1841/1
f 8448/1851/1 8420/1520/1 8444/1847/1
f 8442/1844/1 8443/1843/1 8444/1847/1
f 8444/1847/1 8439/1839/1 8446/1850/1
f 8420/1520/1 8448/1851/1 8449/1852/234
f 8451/1853/1 8444/1847/1 8450/1854/1
f 8441/1842/1 8427/1837/1 8424/1827/1
f 8420/1520/1 8449/1852/234 8445/1848/1
f 8444/1847/1 8443/1843/1 8450/1854/1
f 8444/1847/1 8451/1853/1 8448/1851/1
f 8453/88/1 8428/1829/1 8452/1855/1
f 8455/1544/1 8452/1855/1 8454/1856/1
f 8458/1857/1 8456/1858/1 8457/1859/1
f 8461/1860/1 8459/1861/1 8460/1862/1
f 8456/1858/1 8459/1861/1 8462/1863/1
f 8460/1862/1 8459/1861/1 8458/1857/1
f 8462/1863/1 8459/1861/1 8463/1864/1
f 8465/1865/1 8456/1858/1 8464/1866/1
f 8468/1867/1 8466/1542/1 8467/1868/419
f 8469/1869/1 8454/1856/1 8459/1861/1
f 8459/1861/1 8461/1860/1 8470/1870/1
f 8456/1858/1 8465/1865/1 8457/1859/1
f 8472/1871/1 8456/1858/1 8471/1872/1
f 8463/1864/1 8466/1542/1 8473/1873/1
f 8467/1868/419 8466/1542/1 8474/1874/1
f 8471/1872/1 8475/1875/1 8454/1856/1
f 8459/1861/1 8470/1870/1 8469/1869/1
f 8456/1858/1 8472/1871/1 8464/1866/1
f 8456/1858/1 8458/1857/1 8459/1861/1
f 8466/1542/1 8468/1867/1 8473/1873/1
f 8474/1874/1 8455/1544/1 8476/1876/1
f 8471/1872/1 8454/1856/1 8477/1877/1
f 8455/1544/1 8474/1874/1 8466/1542/1
f 8477/1877/1 8454/1856/1 8478/1878/1
f 8479/1879/1 8471/1872/1 8456/1858/1
f 8481/1880/1 8454/1856/1 8480/1881/1
f 8427/1837/1 8425/1845/1 8426/1846/1
f 8483/1882/1 8471/1872/1 8482/1883/1
f 8471/1872/1 8479/1879/1 8484/1884/1
f 8454/1856/1 8469/1869/1 8480/1881/1
f 8471/1872/1 8484/1884/1 8482/1883/1
f 8485/1885/1 8454/1856/1 8475/1875/1
f 8475/1875/1 8471/1872/1 8483/1882/1
f 8454/1856/1 8485/1885/1 8455/1544/1
f 8455/1544/1 8485/1885/1 8476/1876/1
f 8488/1886/1 8486/1887/1 8487/1888/1
f 8490/1889/1 8487/1888/1 8489/1890/1
f 8492/1891/1 8491/1892/1 8486/1887/1
f 8495/1893/1 8493/1894/1 8494/1895/1
f 8496/1896/1 8489/1890/1 8487/1888/1
f 8487/1888/1 8490/1889/1 8488/1886/1
f 8491/1892/1 8492/1891/1 8420/1520/1
f 8498/1897/1 8423/1523/1 8497/1898/1
f 8497/1898/1 8499/1899/1 8500/1900/1
f 8493/1894/1 8495/1893/1 8499/1899/1
f 8486/1887/1 8488/1886/1 8501/1901/1
f 8420/1520/1 8492/1891/1 8502/1902/1
f 8491/1892/1 8423/1523/1 8503/1903/1
f 8499/1899/1 8497/1898/1 8423/1523/1
f 8499/1899/1 8495/1893/1 8504/1904/1
f 8489/1890/1 8496/1896/1 8493/1894/1
f 8420/1520/1 8502/1902/1 8505/1905/1
f 8423/1523/1 8498/1897/1 8503/1903/1
f 8499/1899/1 8504/1904/1 8506/1906/1
f 8508/1907/419 8486/1887/1 8507/1908/1
f 8489/1890/1 8493/1894/1 8509/1909/1
f 8423/1523/1 8491/1892/1 8420/1520/1
f 8494/1895/1 8493/1894/1 8510/1910/1
f 8486/1887/1 8501/1901/1 8507/1908/1
f 8499/1899/1 8506/1906/1 8500/1900/1
f 8512/1911/419 8420/1520/1 8511/1912/1
f 8420/1520/1 8505/1905/1 8511/1912/1
f 8513/1913/1 8493/1894/1 8420/1520/1
f 8486/1887/1 8508/1907/419 8492/1891/1
f 8444/1847/1 8447/1849/1 8442/1844/1
f 8493/1894/1 8513/1913/1 8514/1914/1
f 8493/1894/1 8514/1914/1 8509/1909/1
f 8515/1915/1 8493/1894/1 8496/1896/1
f 8493/1894/1 8515/1915/1 8510/1910/1
f 8516/1916/1 8423/1523/1 8453/88/1
f 8517/1917/1 8453/88/1 8455/1544/1
f 8520/1918/1 8518/1919/1 8519/1920/1
f 8523/1921/1 8521/1922/1 8522/1923/1
f 8519/1920/1 8518/1919/1 8524/1924/1
f 8526/1925/1 8523/1921/1 8525/1926/1
f 8528/1927/1 8518/1919/1 8527/1928/1
f 8524/1924/1 8518/1919/1 8529/1929/1
f 8530/1930/1 8522/1923/1 8521/1922/1
f 8525/1926/1 8523/1921/1 8531/1931/234
f 8518/1919/1 8520/1918/1 8527/1928/1
f 8532/1932/1 8518/1919/1 8517/1917/1
f 8521/1922/1 8523/1921/1 8526/1925/1
f 8534/1933/1 8466/1542/1 8533/1934/234
f 8535/1935/1 8466/1542/1 8518/1919/1
f 8518/1919/1 8532/1932/1 8529/1929/1
f 8522/1923/1 8455/1544/1 8536/1936/1
f 8466/1542/1 8535/1935/1 8533/1934/234
f 8518/1919/1 8528/1927/1 8537/1937/1
f 8538/1938/1 8517/1917/1 8455/1544/1
f 8522/1923/1 8530/1930/1 8455/1544/1
f 8536/1936/1 8466/1542/1 8539/1939/1
f 8466/1542/1 8534/1933/1 8540/1940/1
f 8520/1918/1 8519/1920/1 8541/1941/1
f 8538/1938/1 8455/1544/1 8542/1942/1
f 8531/1931/234 8523/1921/1 8519/1920/1
f 8466/1542/1 8540/1940/1 8539/1939/1
f 8532/1932/1 8517/1917/1 8543/1943/1
f 8455/1544/1 8530/1930/1 8542/1942/1
f 8518/1919/1 8537/1937/1 8535/1935/1
f 8466/1542/1 8536/1936/1 8455/1544/1
f 8544/1944/419 8519/1920/1 8523/1921/1
f 8519/1920/1 8544/1944/419 8541/1941/1
f 8546/1945/1 8517/1917/1 8545/1946/1
f 8517/1917/1 8546/1945/1 8543/1943/1
f 8517/1917/1 8538/1938/1 8545/1946/1
f 8453/88/1 8517/1917/1 8516/1916/1
f 8423/1523/1 8516/1916/1 8499/1899/1
f 8420/1520/1 8512/1911/419 8513/1913/1
f 8454/1856/1 8481/1880/1 8478/1878/1
f 8452/1855/1 8455/1544/1 8453/88/1
f 8428/1829/1 8453/88/1 8423/1523/1
f 8466/1542/1 8463/1864/1 8459/1861/1
f 8306/1894/2 8314/1913/2 8293/1520/2
f 8344/1919/2 8355/1932/2 8327/1917/2
f 8334/1918/2 8333/1926/2 8358/1931/2
f 8356/1920/2 8344/1919/2 8358/1931/2
f 8353/1930/2 8335/1941/2 8328/1942/2
f 8331/1544/2 8351/1923/2 8350/1936/2
f 8344/1919/2 8357/1924/2 8354/1929/2
f 8344/1919/2 8334/1918/2 8358/1931/2
f 8327/1917/2 8332/1938/2 8331/1544/2
f 8336/1542/2 8350/1936/2 8349/1939/2
f 8357/1924/2 8344/1919/2 8356/1920/2
f 8355/1932/2 8344/1919/2 8354/1929/2
f 8346/1937/2 8344/1919/2 8338/1935/2
f 8342/1922/2 8335/1941/2 8353/1930/2
f 8348/1945/2 8327/1917/2 8352/1943/2
f 8331/1544/2 8330/1921/2 8351/1923/2
f 8350/1936/2 8336/1542/2 8331/1544/2
f 8339/1940/2 8336/1542/2 8349/1939/2
f 8344/1919/2 8347/1927/2 8345/1928/2
f 8333/1926/2 8335/1941/2 8343/1925/2
f 8341/1946/2 8327/1917/2 8348/1945/2
f 8329/1944/2 8328/1942/2 8335/1941/2
f 8336/1542/2 8340/1933/2 8337/1934/496
f 8347/1927/2 8344/1919/2 8346/1937/2
f 8334/1918/2 8344/1919/2 8345/1928/2
f 8343/1925/2 8335/1941/2 8342/1922/2
f 8332/1938/2 8327/1917/2 8341/1946/2
f 8328/1942/2 8330/1921/2 8331/1544/2
f 8340/1933/2 8336/1542/2 8339/1940/2
f 8338/1935/2 8336/1542/2 8337/1934/496
f 8335/1941/2 8333/1926/2 8334/1918/2
f 8328/1942/2 8331/1544/2 8332/1938/2
f 8330/1921/2 8328/1942/2 8329/1944/2
f 8327/1917/2 8326/88/2 8325/1916/2
f 8325/1916/2 8300/1523/2 8299/1899/2
f 8306/1894/2 8323/1890/2 8320/1909/2
f 8293/1520/2 8322/1911/230 8317/1912/2
f 8321/1906/2 8299/1899/2 8324/1900/2
f 8306/1894/2 8298/1889/2 8323/1890/2
f 8293/1520/2 8314/1913/2 8322/1911/230
f 8315/1904/2 8299/1899/2 8321/1906/2
f 8319/1901/2 8296/1910/2 8310/1908/2
f 8313/1914/2 8306/1894/2 8320/1909/2
f 8310/1908/2 8312/1896/2 8318/1888/2
f 8306/1894/2 8316/1893/2 8307/1895/2
f 8299/1899/2 8316/1893/2 8306/1894/2
f 8297/1886/2 8296/1910/2 8319/1901/2
f 8311/1915/2 8310/1908/2 8296/1910/2
f 8318/1888/2 8309/1907/2 8310/1908/2
f 8305/1887/2 8309/1907/2 8318/1888/2
f 8308/1905/2 8293/1520/2 8317/1912/2
f 8300/1523/2 8304/1892/2 8302/1903/2
f 8316/1893/2 8299/1899/2 8315/1904/2
f 8296/1910/2 8298/1889/2 8306/1894/2
f 8314/1913/2 8306/1894/2 8313/1914/2
f 8312/1896/2 8310/1908/2 8311/1915/2
f 8309/1907/2 8305/1887/2 8295/1891/2
f 8294/1902/2 8293/1520/2 8308/1905/2
f 8304/1892/2 8300/1523/2 8293/1520/2
f 8300/1523/2 8303/1897/2 8301/1898/2
f 8296/1910/2 8306/1894/2 8307/1895/2
f 8304/1892/2 8295/1891/2 8305/1887/2
f 8293/1520/2 8295/1891/2 8304/1892/2
f 8303/1897/2 8300/1523/2 8302/1903/2
f 8301/1898/2 8299/1899/2 8300/1523/2
f 8298/1889/2 8296/1910/2 8297/1886/2
f 8295/1891/2 8293/1520/2 8294/1902/2
f 8361/1846/2 8359/1847/2 8360/1854/2
f 8360/1854/2 8359/1847/2 8362/1853/2
f 8365/1828/2 8363/1829/2 8364/1840/2
f 8359/1847/2 8361/1846/2 8366/1844/2
f 8368/1851/2 8293/1520/2 8367/1852/2
f 8369/1833/2 8293/1520/2 8300/1523/2
f 8372/1837/2 8370/1838/2 8371/1826/2
f 8374/1832/2 8373/1842/2 8363/1829/2
f 8363/1829/2 8365/1828/2 8375/1830/2
f 8376/1839/2 8363/1829/2 8359/1847/2
f 8361/1846/2 8360/1854/2 8372/1837/2
f 8293/1520/2 8368/1851/2 8359/1847/2
f 8293/1520/2 8369/1833/2 8377/1834/2
f 8379/1836/2 8372/1837/2 8378/1845/2
f 8373/1842/2 8374/1832/2 8380/1825/2
f 8363/1829/2 8376/1839/2 8364/1840/2
f 8359/1847/2 8366/1844/2 8381/1849/2
f 8367/1852/2 8293/1520/2 8382/1848/2
f 8369/1833/2 8300/1523/2 8383/1827/2
f 8373/1842/2 8300/1523/2 8363/1829/2
f 8370/1838/2 8372/1837/2 8379/1836/2
f 8374/1832/2 8363/1829/2 8384/1831/2
f 8376/1839/2 8359/1847/2 8385/1850/2
f 8359/1847/2 8368/1851/2 8362/1853/2
f 8300/1523/2 8373/1842/2 8383/1827/2
f 8378/1845/2 8372/1837/2 8386/1843/350
f 8384/1831/2 8363/1829/2 8387/1841/2
f 8359/1847/2 8381/1849/2 8385/1850/2
f 8293/1520/2 8377/1834/2 8388/1835/2
f 8373/1842/2 8380/1825/2 8371/1826/2
f 8293/1520/2 8388/1835/2 8382/1848/2
f 8386/1843/350 8372/1837/2 8360/1854/2
f 8371/1826/2 8370/1838/2 8373/1842/2
f 8326/88/2 8363/1829/2 8300/1523/2
f 8331/1544/2 8389/1855/2 8326/88/2
f 8392/1884/2 8390/1860/2 8391/1883/2
f 8394/1876/2 8393/1866/2 8336/1542/2
f 8397/1858/2 8395/1861/2 8396/1879/2
f 8390/1860/2 8395/1861/2 8398/1870/2
f 8394/1876/2 8336/1542/2 8399/1874/2
f 8395/1861/2 8397/1858/2 8400/1863/2
f 8398/1870/2 8395/1861/2 8401/1869/2
f 8401/1869/2 8402/1856/2 8403/1881/2
f 8404/1862/2 8391/1883/2 8390/1860/2
f 8407/1875/350 8405/1857/2 8406/1885/496
f 8408/1871/2 8336/1542/2 8393/1866/2
f 8410/1865/2 8394/1876/2 8409/1859/2
f 8396/1879/2 8395/1861/2 8392/1884/2
f 8402/1856/2 8401/1869/2 8395/1861/2
f 8391/1883/2 8404/1862/2 8411/1882/2
f 8411/1882/2 8404/1862/2 8405/1857/2
f 8406/1885/496 8405/1857/2 8394/1876/2
f 8413/1878/2 8402/1856/2 8412/1877/2
f 8412/1877/2 8331/1544/2 8414/1872/2
f 8393/1866/2 8394/1876/2 8410/1865/2
f 8416/1867/2 8336/1542/2 8415/1873/2
f 8390/1860/2 8392/1884/2 8395/1861/2
f 8405/1857/2 8407/1875/350 8411/1882/2
f 8331/1544/2 8412/1877/2 8402/1856/2
f 8409/1859/2 8394/1876/2 8405/1857/2
f 8336/1542/2 8416/1867/2 8417/1868/2
f 8418/1864/2 8336/1542/2 8395/1861/2
f 8402/1856/2 8413/1878/2 8419/1880/2
f 8336/1542/2 8408/1871/2 8331/1544/2
f 8336/1542/2 8418/1864/2 8415/1873/2
f 8402/1856/2 8419/1880/2 8403/1881/2
f 8336/1542/2 8417/1868/2 8399/1874/2
f 8331/1544/2 8408/1871/2 8414/1872/2
f 8395/1861/2 8400/1863/2 8418/1864/2
f 8389/1855/2 8331/1544/2 8402/1856/2
f 8363/1829/2 8326/88/2 8389/1855/2
f 8363/1829/2 8375/1830/2 8387/1841/2
f 8336/1542/2 8338/1935/2 8344/1919/2
f 8326/88/2 8327/1917/2 8331/1544/2
f 8300/1523/2 8325/1916/2 8326/88/2
f 8299/1899/2 8301/1898/2 8324/1900/2
f 8327/1917/2 8355/1932/2 8352/1943/2
f 8291/88/3 8290/1947/3 8289/1855/3
f 8290/1947/3 8291/88/3 8292/1668/3
f 8287/1948/3 8289/1855/3 8290/1947/3
f 8289/1855/3 8287/1948/3 8288/1949/3
f 8279/1781/4 8277/848/4 8278/1782/4
f 8281/1784/4 8280/847/4 8279/1781/4
f 8283/1783/4 8282/846/4 8281/1784/4
f 8285/1779/4 8284/845/4 8283/1783/4
f 8284/845/4 8285/1779/4 8286/88/4
f 8282/846/4 8283/1783/4 8284/845/4
f 8280/847/4 8281/1784/4 8282/846/4
f 8277/848/4 8279/1781/4 8280/847/4
f 8273/1950/5 8271/1949/5 8272/1951/5
f 8275/1779/5 8274/1855/5 8273/1950/5
f 8274/1855/5 8275/1779/5 8276/88/5
f 8271/1949/5 8273/1950/5 8274/1855/5
f 8265/846/6 8264/1771/6 8263/847/6
f 8267/845/6 8266/1769/6 8265/846/6
f 8269/88/6 8268/1770/6 8267/845/6
f 8268/1770/6 8269/88/6 8270/1668/6
f 8266/1769/6 8267/845/6 8268/1770/6
f 8264/1771/6 8265/846/6 8266/1769/6
f 8261/1768/6 8263/847/6 8264/1771/6
f 8263/847/6 8261/1768/6 8262/848/6
f 8233/1785/497 8235/1786/5 8237/1787/497
f 8236/1788/169 8237/1787/497 8239/1789/169
f 8238/1790/498 8239/1789/169 8241/1791/499
f 8240/1792/500 8241/1791/499 8243/1793/500
f 8242/1794/104 8243/1793/500 8245/1795/104
f 8244/1796/64 8245/1795/104 8247/1797/64
f 8246/1798/3 8247/1797/64 8249/1799/3
f 8248/1800/501 8249/1799/3 8251/1801/501
f 8250/1802/178 8251/1801/501 8253/1803/178
f 8252/1804/502 8253/1803/178 8255/1805/502
f 8254/1806/6 8255/1805/502 8257/1807/6
f 8256/1808/103 8257/1807/6 8259/1809/103
f 8258/1810/70 8259/1809/103 8260/1811/70
f 8234/1812/5 8260/1811/70 8235/1786/5
f 8260/1811/70 8234/1812/5 8258/1810/70
f 8259/1809/103 8258/1810/70 8256/1808/103
f 8257/1807/6 8256/1808/103 8254/1806/6
f 8255/1805/502 8254/1806/6 8252/1804/502
f 8253/1803/178 8252/1804/502 8250/1802/178
f 8251/1801/501 8250/1802/178 8248/1800/501
f 8249/1799/3 8248/1800/501 8246/1798/3
f 8247/1797/64 8246/1798/3 8244/1796/64
f 8245/1795/104 8244/1796/64 8242/1794/104
f 8243/1793/500 8242/1794/104 8240/1792/500
f 8241/1791/499 8240/1792/500 8238/1790/498
f 8239/1789/169 8238/1790/498 8236/1788/169
f 8237/1787/497 8236/1788/169 8233/1785/497
f 8235/1786/5 8233/1785/497 8234/1812/5
f 8205/1785/497 8207/1786/5 8209/1787/497
f 8208/1788/169 8209/1787/497 8211/1789/169
f 8210/1790/498 8211/1789/169 8213/1791/499
f 8212/1792/500 8213/1791/499 8215/1793/500
f 8214/1794/104 8215/1793/500 8217/1795/104
f 8216/1796/64 8217/1795/104 8219/1797/64
f 8218/1798/3 8219/1797/64 8221/1799/3
f 8220/1800/501 8221/1799/3 8223/1801/501
f 8222/1802/178 8223/1801/501 8225/1803/178
f 8224/1804/502 8225/1803/178 8227/1805/502
f 8226/1806/6 8227/1805/502 8229/1807/6
f 8228/1808/103 8229/1807/6 8231/1809/103
f 8230/1810/70 8231/1809/103 8232/1811/70
f 8206/1812/5 8232/1811/70 8207/1786/5
f 8232/1811/70 8206/1812/5 8230/1810/70
f 8231/1809/103 8230/1810/70 8228/1808/103
f 8229/1807/6 8228/1808/103 8226/1806/6
f 8227/1805/502 8226/1806/6 8224/1804/502
f 8225/1803/178 8224/1804/502 8222/1802/178
f 8223/1801/501 8222/1802/178 8220/1800/501
f 8221/1799/3 8220/1800/501 8218/1798/3
f 8219/1797/64 8218/1798/3 8216/1796/64
f 8217/1795/104 8216/1796/64 8214/1794/104
f 8215/1793/500 8214/1794/104 8212/1792/500
f 8213/1791/499 8212/1792/500 8210/1790/498
f 8211/1789/169 8210/1790/498 8208/1788/169
f 8209/1787/497 8208/1788/169 8205/1785/497
f 8207/1786/5 8205/1785/497 8206/1812/5
f 8187/1793/500 8186/1794/104 8184/1792/500
f 8189/1795/104 8188/1796/64 8186/1794/104
f 8191/1797/64 8190/1798/3 8188/1796/64
f 8193/1799/3 8192/1800/501 8190/1798/3
f 8195/1801/501 8194/1802/178 8192/1800/501
f 8197/1803/178 8196/1804/502 8194/1802/178
f 8199/1805/502 8198/1806/6 8196/1804/502
f 8201/1807/6 8200/1808/103 8198/1806/6
f 8203/1809/103 8202/1810/70 8200/1808/103
f 8204/1811/70 8178/1812/5 8202/1810/70
f 8178/1812/5 8204/1811/70 8179/1786/5
f 8202/1810/70 8203/1809/103 8204/1811/70
f 8200/1808/103 8201/1807/6 8203/1809/103
f 8198/1806/6 8199/1805/502 8201/1807/6
f 8185/1791/499 8184/1792/500 8182/1790/498
f 8194/1802/178 8195/1801/501 8197/1803/178
f 8192/1800/501 8193/1799/3 8195/1801/501
f 8190/1798/3 8191/1797/64 8193/1799/3
f 8188/1796/64 8189/1795/104 8191/1797/64
f 8186/1794/104 8187/1793/500 8189/1795/104
f 8184/1792/500 8185/1791/499 8187/1793/500
f 8182/1790/498 8183/1789/169 8185/1791/499
f 8180/1788/169 8181/1787/497 8183/1789/169
f 8177/1785/497 8179/1786/5 8181/1787/497
f 8196/1804/502 8197/1803/178 8199/1805/502
f 8179/1786/5 8177/1785/497 8178/1812/5
f 8181/1787/497 8180/1788/169 8177/1785/497
f 8183/1789/169 8182/1790/498 8180/1788/169
f 8149/1785/497 8151/1786/5 8153/1787/497
f 8152/1788/169 8153/1787/497 8155/1789/169
f 8154/1790/499 8155/1789/169 8157/1791/499
f 8156/1792/500 8157/1791/499 8159/1793/500
f 8158/1794/104 8159/1793/500 8161/1795/104
f 8160/1796/64 8161/1795/104 8163/1797/64
f 8162/1798/3 8163/1797/64 8165/1799/3
f 8164/1800/501 8165/1799/3 8167/1801/501
f 8166/1802/178 8167/1801/501 8169/1803/178
f 8168/1804/502 8169/1803/178 8171/1805/502
f 8170/1806/6 8171/1805/502 8173/1807/6
f 8172/1808/103 8173/1807/6 8175/1809/103
f 8174/1810/503 8175/1809/103 8176/1811/70
f 8150/1812/5 8176/1811/70 8151/1786/5
f 8176/1811/70 8150/1812/5 8174/1810/503
f 8175/1809/103 8174/1810/503 8172/1808/103
f 8173/1807/6 8172/1808/103 8170/1806/6
f 8171/1805/502 8170/1806/6 8168/1804/502
f 8169/1803/178 8168/1804/502 8166/1802/178
f 8167/1801/501 8166/1802/178 8164/1800/501
f 8165/1799/3 8164/1800/501 8162/1798/3
f 8163/1797/64 8162/1798/3 8160/1796/64
f 8161/1795/104 8160/1796/64 8158/1794/104
f 8159/1793/500 8158/1794/104 8156/1792/500
f 8157/1791/499 8156/1792/500 8154/1790/499
f 8155/1789/169 8154/1790/499 8152/1788/169
f 8153/1787/497 8152/1788/169 8149/1785/497
f 8151/1786/5 8149/1785/497 8150/1812/5
f 8121/1785/497 8123/1786/5 8125/1787/497
f 8124/1788/169 8125/1787/497 8127/1789/169
f 8126/1790/498 8127/1789/169 8129/1791/498
f 8128/1792/500 8129/1791/498 8131/1793/500
f 8130/1794/104 8131/1793/500 8133/1795/104
f 8132/1796/64 8133/1795/104 8135/1797/64
f 8134/1798/3 8135/1797/64 8137/1799/3
f 8136/1800/501 8137/1799/3 8139/1801/501
f 8138/1802/178 8139/1801/501 8141/1803/178
f 8140/1804/502 8141/1803/178 8143/1805/502
f 8142/1806/6 8143/1805/502 8145/1807/6
f 8144/1808/103 8145/1807/6 8147/1809/504
f 8146/1810/70 8147/1809/504 8148/1811/70
f 8122/1812/5 8148/1811/70 8123/1786/5
f 8148/1811/70 8122/1812/5 8146/1810/70
f 8147/1809/504 8146/1810/70 8144/1808/103
f 8145/1807/6 8144/1808/103 8142/1806/6
f 8143/1805/502 8142/1806/6 8140/1804/502
f 8141/1803/178 8140/1804/502 8138/1802/178
f 8139/1801/501 8138/1802/178 8136/1800/501
f 8137/1799/3 8136/1800/501 8134/1798/3
f 8135/1797/64 8134/1798/3 8132/1796/64
f 8133/1795/104 8132/1796/64 8130/1794/104
f 8131/1793/500 8130/1794/104 8128/1792/500
f 8129/1791/498 8128/1792/500 8126/1790/498
f 8127/1789/169 8126/1790/498 8124/1788/169
f 8125/1787/497 8124/1788/169 8121/1785/497
f 8123/1786/5 8121/1785/497 8122/1812/5
f 8093/1785/497 8095/1786/5 8097/1787/497
f 8096/1788/169 8097/1787/497 8099/1789/169
f 8098/1790/498 8099/1789/169 8101/1791/498
f 8100/1792/500 8101/1791/498 8103/1793/500
f 8102/1794/104 8103/1793/500 8105/1795/104
f 8104/1796/64 8105/1795/104 8107/1797/64
f 8106/1798/3 8107/1797/64 8109/1799/3
f 8108/1800/501 8109/1799/3 8111/1801/501
f 8110/1802/178 8111/1801/501 8113/1803/178
f 8112/1804/502 8113/1803/178 8115/1805/502
f 8114/1806/6 8115/1805/502 8117/1807/6
f 8116/1808/103 8117/1807/6 8119/1809/103
f 8118/1810/70 8119/1809/103 8120/1811/70
f 8094/1812/5 8120/1811/70 8095/1786/5
f 8120/1811/70 8094/1812/5 8118/1810/70
f 8119/1809/103 8118/1810/70 8116/1808/103
f 8117/1807/6 8116/1808/103 8114/1806/6
f 8115/1805/502 8114/1806/6 8112/1804/502
f 8113/1803/178 8112/1804/502 8110/1802/178
f 8111/1801/501 8110/1802/178 8108/1800/501
f 8109/1799/3 8108/1800/501 8106/1798/3
f 8107/1797/64 8106/1798/3 8104/1796/64
f 8105/1795/104 8104/1796/64 8102/1794/104
f 8103/1793/500 8102/1794/104 8100/1792/500
f 8101/1791/498 8100/1792/500 8098/1790/498
f 8099/1789/169 8098/1790/498 8096/1788/169
f 8097/1787/497 8096/1788/169 8093/1785/497
f 8095/1786/5 8093/1785/497 8094/1812/5
f 8065/1785/497 8067/1786/5 8069/1787/497
f 8068/1788/169 8069/1787/497 8071/1789/169
f 8070/1790/499 8071/1789/169 8073/1791/499
f 8072/1792/500 8073/1791/499 8075/1793/500
f 8074/1794/104 8075/1793/500 8077/1795/104
f 8076/1796/64 8077/1795/104 8079/1797/64
f 8078/1798/3 8079/1797/64 8081/1799/3
f 8080/1800/501 8081/1799/3 8083/1801/501
f 8082/1802/178 8083/1801/501 8085/1803/178
f 8084/1804/502 8085/1803/178 8087/1805/502
f 8086/1806/6 8087/1805/502 8089/1807/6
f 8088/1808/103 8089/1807/6 8091/1809/103
f 8090/1810/503 8091/1809/103 8092/1811/70
f 8066/1812/5 8092/1811/70 8067/1786/5
f 8092/1811/70 8066/1812/5 8090/1810/503
f 8091/1809/103 8090/1810/503 8088/1808/103
f 8089/1807/6 8088/1808/103 8086/1806/6
f 8087/1805/502 8086/1806/6 8084/1804/502
f 8085/1803/178 8084/1804/502 8082/1802/178
f 8083/1801/501 8082/1802/178 8080/1800/501
f 8081/1799/3 8080/1800/501 8078/1798/3
f 8079/1797/64 8078/1798/3 8076/1796/64
f 8077/1795/104 8076/1796/64 8074/1794/104
f 8075/1793/500 8074/1794/104 8072/1792/500
f 8073/1791/499 8072/1792/500 8070/1790/499
f 8071/1789/169 8070/1790/499 8068/1788/169
f 8069/1787/497 8068/1788/169 8065/1785/497
f 8067/1786/5 8065/1785/497 8066/1812/5
f 8037/1785/497 8039/1786/5 8041/1787/497
f 8040/1788/169 8041/1787/497 8043/1789/169
f 8042/1790/498 8043/1789/169 8045/1791/499
f 8044/1792/500 8045/1791/499 8047/1793/500
f 8046/1794/104 8047/1793/500 8049/1795/104
f 8048/1796/64 8049/1795/104 8051/1797/64
f 8050/1798/3 8051/1797/64 8053/1799/3
f 8052/1800/501 8053/1799/3 8055/1801/501
f 8054/1802/178 8055/1801/501 8057/1803/178
f 8056/1804/502 8057/1803/178 8059/1805/502
f 8058/1806/6 8059/1805/502 8061/1807/6
f 8060/1808/103 8061/1807/6 8063/1809/103
f 8062/1810/70 8063/1809/103 8064/1811/70
f 8038/1812/5 8064/1811/70 8039/1786/5
f 8064/1811/70 8038/1812/5 8062/1810/70
f 8063/1809/103 8062/1810/70 8060/1808/103
f 8061/1807/6 8060/1808/103 8058/1806/6
f 8059/1805/502 8058/1806/6 8056/1804/502
f 8057/1803/178 8056/1804/502 8054/1802/178
f 8055/1801/501 8054/1802/178 8052/1800/501
f 8053/1799/3 8052/1800/501 8050/1798/3
f 8051/1797/64 8050/1798/3 8048/1796/64
f 8049/1795/104 8048/1796/64 8046/1794/104
f 8047/1793/500 8046/1794/104 8044/1792/500
f 8045/1791/499 8044/1792/500 8042/1790/498
f 8043/1789/169 8042/1790/498 8040/1788/169
f 8041/1787/497 8040/1788/169 8037/1785/497
f 8039/1786/5 8037/1785/497 8038/1812/5
f 9908/1825/1 9906/1520/1 9907/1826/1
f 9906/1520/1 9908/1825/1 9909/1523/1
f 9910/1827/1 9907/1826/1 9906/1520/1
f 9916/1828/1 9914/1829/1 9915/1830/1
f 9917/1831/1 9914/1829/1 9909/1523/1
f 9909/1523/1 9908/1825/1 9918/1832/1
f 9910/1827/1 9906/1520/1 9919/1833/419
f 9921/1834/1 9906/1520/1 9920/1835/1
f 9923/1836/1 9913/1837/1 9922/1838/1
f 9925/1839/1 9914/1829/1 9924/1840/1
f 9915/1830/1 9914/1829/1 9926/1841/1
f 9909/1523/1 9918/1832/1 9917/1831/1
f 9906/1520/1 9921/1834/1 9919/1833/419
f 9922/1838/1 9913/1837/1 9927/1842/1
f 9914/1829/1 9916/1828/1 9924/1840/1
f 9907/1826/1 9910/1827/1 9913/1837/1
f 9929/1843/1 9928/1844/1 9911/1845/1
f 9912/1846/1 9911/1845/1 9928/1844/1
f 9914/1829/1 9925/1839/1 9930/1847/1
f 9920/1835/1 9906/1520/1 9931/1848/1
f 9911/1845/1 9913/1837/1 9923/1836/1
f 9933/1849/1 9930/1847/1 9932/1850/1
f 9914/1829/1 9917/1831/1 9926/1841/1
f 9934/1851/1 9906/1520/1 9930/1847/1
f 9928/1844/1 9929/1843/1 9930/1847/1
f 9930/1847/1 9925/1839/1 9932/1850/1
f 9906/1520/1 9934/1851/1 9935/1852/419
f 9937/1853/1 9930/1847/1 9936/1854/1
f 9927/1842/1 9913/1837/1 9910/1827/1
f 9906/1520/1 9935/1852/419 9931/1848/1
f 9930/1847/1 9929/1843/1 9936/1854/1
f 9930/1847/1 9937/1853/1 9934/1851/1
f 9939/88/1 9914/1829/1 9938/1855/1
f 9941/1544/1 9938/1855/1 9940/1856/1
f 9944/1857/1 9942/1858/1 9943/1859/1
f 9947/1860/1 9945/1861/1 9946/1862/1
f 9942/1858/1 9945/1861/1 9948/1863/1
f 9946/1862/1 9945/1861/1 9944/1857/1
f 9948/1863/1 9945/1861/1 9949/1864/1
f 9951/1865/1 9942/1858/1 9950/1866/1
f 9954/1867/1 9952/1542/1 9953/1868/1
f 9955/1869/1 9940/1856/1 9945/1861/1
f 9945/1861/1 9947/1860/1 9956/1870/1
f 9942/1858/1 9951/1865/1 9943/1859/1
f 9958/1871/1 9942/1858/1 9957/1872/1
f 9949/1864/1 9952/1542/1 9959/1873/1
f 9953/1868/1 9952/1542/1 9960/1874/1
f 9957/1872/1 9961/1875/1 9940/1856/1
f 9945/1861/1 9956/1870/1 9955/1869/1
f 9942/1858/1 9958/1871/1 9950/1866/1
f 9942/1858/1 9944/1857/1 9945/1861/1
f 9952/1542/1 9954/1867/1 9959/1873/1
f 9960/1874/1 9941/1544/1 9962/1876/1
f 9957/1872/1 9940/1856/1 9963/1877/1
f 9941/1544/1 9960/1874/1 9952/1542/1
f 9963/1877/1 9940/1856/1 9964/1878/1
f 9965/1879/1 9957/1872/1 9942/1858/1
f 9967/1880/1 9940/1856/1 9966/1881/1
f 9913/1837/1 9911/1845/1 9912/1846/1
f 9969/1882/1 9957/1872/1 9968/1883/1
f 9957/1872/1 9965/1879/1 9970/1884/1
f 9940/1856/1 9955/1869/1 9966/1881/1
f 9957/1872/1 9970/1884/1 9968/1883/1
f 9971/1885/1 9940/1856/1 9961/1875/1
f 9961/1875/1 9957/1872/1 9969/1882/1
f 9940/1856/1 9971/1885/1 9941/1544/1
f 9941/1544/1 9971/1885/1 9962/1876/1
f 9974/1886/1 9972/1887/1 9973/1888/1
f 9976/1889/1 9973/1888/1 9975/1890/1
f 9978/1891/1 9977/1892/1 9972/1887/1
f 9981/1893/1 9979/1894/1 9980/1895/1
f 9982/1896/1 9975/1890/1 9973/1888/1
f 9973/1888/1 9976/1889/1 9974/1886/1
f 9977/1892/1 9978/1891/1 9906/1520/1
f 9984/1897/1 9909/1523/1 9983/1898/1
f 9983/1898/1 9985/1899/1 9986/1900/1
f 9979/1894/1 9981/1893/1 9985/1899/1
f 9972/1887/1 9974/1886/1 9987/1901/1
f 9906/1520/1 9978/1891/1 9988/1902/1
f 9977/1892/1 9909/1523/1 9989/1903/1
f 9985/1899/1 9983/1898/1 9909/1523/1
f 9985/1899/1 9981/1893/1 9990/1904/1
f 9975/1890/1 9982/1896/1 9979/1894/1
f 9906/1520/1 9988/1902/1 9991/1905/1
f 9909/1523/1 9984/1897/1 9989/1903/1
f 9985/1899/1 9990/1904/1 9992/1906/1
f 9994/1907/505 9972/1887/1 9993/1908/1
f 9975/1890/1 9979/1894/1 9995/1909/1
f 9909/1523/1 9977/1892/1 9906/1520/1
f 9980/1895/1 9979/1894/1 9996/1910/1
f 9972/1887/1 9987/1901/1 9993/1908/1
f 9985/1899/1 9992/1906/1 9986/1900/1
f 9998/1911/506 9906/1520/1 9997/1912/1
f 9906/1520/1 9991/1905/1 9997/1912/1
f 9999/1913/1 9979/1894/1 9906/1520/1
f 9972/1887/1 9994/1907/505 9978/1891/1
f 9930/1847/1 9933/1849/1 9928/1844/1
f 9979/1894/1 9999/1913/1 10000/1914/1
f 9979/1894/1 10000/1914/1 9995/1909/1
f 10001/1915/1 9979/1894/1 9982/1896/1
f 9979/1894/1 10001/1915/1 9996/1910/1
f 10002/1916/1 9909/1523/1 9939/88/1
f 10003/1917/1 9939/88/1 9941/1544/1
f 10006/1918/1 10004/1919/1 10005/1920/1
f 10009/1921/1 10007/1922/1 10008/1923/1
f 10005/1920/1 10004/1919/1 10010/1924/1
f 10012/1925/1 10009/1921/1 10011/1926/1
f 10014/1927/1 10004/1919/1 10013/1928/1
f 10010/1924/1 10004/1919/1 10015/1929/1
f 10016/1930/1 10008/1923/1 10007/1922/1
f 10011/1926/1 10009/1921/1 10017/1931/1
f 10004/1919/1 10006/1918/1 10013/1928/1
f 10018/1932/1 10004/1919/1 10003/1917/1
f 10007/1922/1 10009/1921/1 10012/1925/1
f 10020/1933/1 9952/1542/1 10019/1934/505
f 10021/1935/1 9952/1542/1 10004/1919/1
f 10004/1919/1 10018/1932/1 10015/1929/1
f 10008/1923/1 9941/1544/1 10022/1936/1
f 9952/1542/1 10021/1935/1 10019/1934/505
f 10004/1919/1 10014/1927/1 10023/1937/1
f 10024/1938/1 10003/1917/1 9941/1544/1
f 10008/1923/1 10016/1930/1 9941/1544/1
f 10022/1936/1 9952/1542/1 10025/1939/1
f 9952/1542/1 10020/1933/1 10026/1940/1
f 10006/1918/1 10005/1920/1 10027/1941/1
f 10024/1938/1 9941/1544/1 10028/1942/1
f 10017/1931/1 10009/1921/1 10005/1920/1
f 9952/1542/1 10026/1940/1 10025/1939/1
f 10018/1932/1 10003/1917/1 10029/1943/1
f 9941/1544/1 10016/1930/1 10028/1942/1
f 10004/1919/1 10023/1937/1 10021/1935/1
f 9952/1542/1 10022/1936/1 9941/1544/1
f 10030/1944/234 10005/1920/1 10009/1921/1
f 10005/1920/1 10030/1944/234 10027/1941/1
f 10032/1945/1 10003/1917/1 10031/1946/1
f 10003/1917/1 10032/1945/1 10029/1943/1
f 10003/1917/1 10024/1938/1 10031/1946/1
f 9939/88/1 10003/1917/1 10002/1916/1
f 9909/1523/1 10002/1916/1 9985/1899/1
f 9906/1520/1 9998/1911/506 9999/1913/1
f 9940/1856/1 9967/1880/1 9964/1878/1
f 9938/1855/1 9941/1544/1 9939/88/1
f 9914/1829/1 9939/88/1 9909/1523/1
f 9952/1542/1 9949/1864/1 9945/1861/1
f 9792/1894/2 9800/1913/2 9779/1520/2
f 9830/1919/2 9841/1932/2 9813/1917/2
f 9820/1918/2 9819/1926/2 9844/1931/2
f 9842/1920/2 9830/1919/2 9844/1931/2
f 9839/1930/2 9821/1941/2 9814/1942/2
f 9817/1544/2 9837/1923/2 9836/1936/2
f 9830/1919/2 9843/1924/2 9840/1929/2
f 9830/1919/2 9820/1918/2 9844/1931/2
f 9813/1917/2 9818/1938/2 9817/1544/2
f 9822/1542/2 9836/1936/2 9835/1939/2
f 9843/1924/2 9830/1919/2 9842/1920/2
f 9841/1932/2 9830/1919/2 9840/1929/2
f 9832/1937/2 9830/1919/2 9824/1935/2
f 9828/1922/2 9821/1941/2 9839/1930/2
f 9834/1945/2 9813/1917/2 9838/1943/2
f 9817/1544/2 9816/1921/2 9837/1923/2
f 9836/1936/2 9822/1542/2 9817/1544/2
f 9825/1940/2 9822/1542/2 9835/1939/2
f 9830/1919/2 9833/1927/2 9831/1928/2
f 9819/1926/2 9821/1941/2 9829/1925/2
f 9827/1946/2 9813/1917/2 9834/1945/2
f 9815/1944/2 9814/1942/2 9821/1941/2
f 9822/1542/2 9826/1933/2 9823/1934/230
f 9833/1927/2 9830/1919/2 9832/1937/2
f 9820/1918/2 9830/1919/2 9831/1928/2
f 9829/1925/2 9821/1941/2 9828/1922/2
f 9818/1938/2 9813/1917/2 9827/1946/2
f 9814/1942/2 9816/1921/2 9817/1544/2
f 9826/1933/2 9822/1542/2 9825/1940/2
f 9824/1935/2 9822/1542/2 9823/1934/230
f 9821/1941/2 9819/1926/2 9820/1918/2
f 9814/1942/2 9817/1544/2 9818/1938/2
f 9816/1921/2 9814/1942/2 9815/1944/2
f 9813/1917/2 9812/88/2 9811/1916/2
f 9811/1916/2 9786/1523/2 9785/1899/2
f 9792/1894/2 9809/1890/2 9806/1909/2
f 9779/1520/2 9808/1911/223 9803/1912/2
f 9807/1906/2 9785/1899/2 9810/1900/2
f 9792/1894/2 9784/1889/2 9809/1890/2
f 9779/1520/2 9800/1913/2 9808/1911/223
f 9801/1904/2 9785/1899/2 9807/1906/2
f 9805/1901/2 9782/1910/2 9796/1908/2
f 9799/1914/2 9792/1894/2 9806/1909/2
f 9796/1908/2 9798/1896/2 9804/1888/2
f 9792/1894/2 9802/1893/2 9793/1895/2
f 9785/1899/2 9802/1893/2 9792/1894/2
f 9783/1886/2 9782/1910/2 9805/1901/2
f 9797/1915/2 9796/1908/2 9782/1910/2
f 9804/1888/2 9795/1907/2 9796/1908/2
f 9791/1887/2 9795/1907/2 9804/1888/2
f 9794/1905/2 9779/1520/2 9803/1912/2
f 9786/1523/2 9790/1892/2 9788/1903/2
f 9802/1893/2 9785/1899/2 9801/1904/2
f 9782/1910/2 9784/1889/2 9792/1894/2
f 9800/1913/2 9792/1894/2 9799/1914/2
f 9798/1896/2 9796/1908/2 9797/1915/2
f 9795/1907/2 9791/1887/2 9781/1891/2
f 9780/1902/2 9779/1520/2 9794/1905/2
f 9790/1892/2 9786/1523/2 9779/1520/2
f 9786/1523/2 9789/1897/2 9787/1898/2
f 9782/1910/2 9792/1894/2 9793/1895/2
f 9790/1892/2 9781/1891/2 9791/1887/2
f 9779/1520/2 9781/1891/2 9790/1892/2
f 9789/1897/2 9786/1523/2 9788/1903/2
f 9787/1898/2 9785/1899/2 9786/1523/2
f 9784/1889/2 9782/1910/2 9783/1886/2
f 9781/1891/2 9779/1520/2 9780/1902/2
f 9847/1846/2 9845/1847/2 9846/1854/2
f 9846/1854/2 9845/1847/2 9848/1853/2
f 9851/1828/2 9849/1829/2 9850/1840/2
f 9845/1847/2 9847/1846/2 9852/1844/2
f 9854/1851/2 9779/1520/2 9853/1852/2
f 9855/1833/2 9779/1520/2 9786/1523/2
f 9858/1837/2 9856/1838/2 9857/1826/2
f 9860/1832/2 9859/1842/2 9849/1829/2
f 9849/1829/2 9851/1828/2 9861/1830/2
f 9862/1839/2 9849/1829/2 9845/1847/2
f 9847/1846/2 9846/1854/2 9858/1837/2
f 9779/1520/2 9854/1851/2 9845/1847/2
f 9779/1520/2 9855/1833/2 9863/1834/223
f 9865/1836/2 9858/1837/2 9864/1845/2
f 9859/1842/2 9860/1832/2 9866/1825/2
f 9849/1829/2 9862/1839/2 9850/1840/2
f 9845/1847/2 9852/1844/2 9867/1849/2
f 9853/1852/2 9779/1520/2 9868/1848/2
f 9855/1833/2 9786/1523/2 9869/1827/2
f 9859/1842/2 9786/1523/2 9849/1829/2
f 9856/1838/2 9858/1837/2 9865/1836/2
f 9860/1832/2 9849/1829/2 9870/1831/2
f 9862/1839/2 9845/1847/2 9871/1850/2
f 9845/1847/2 9854/1851/2 9848/1853/2
f 9786/1523/2 9859/1842/2 9869/1827/2
f 9864/1845/2 9858/1837/2 9872/1843/2
f 9870/1831/2 9849/1829/2 9873/1841/2
f 9845/1847/2 9867/1849/2 9871/1850/2
f 9779/1520/2 9863/1834/223 9874/1835/2
f 9859/1842/2 9866/1825/2 9857/1826/2
f 9779/1520/2 9874/1835/2 9868/1848/2
f 9872/1843/2 9858/1837/2 9846/1854/2
f 9857/1826/2 9856/1838/2 9859/1842/2
f 9812/88/2 9849/1829/2 9786/1523/2
f 9817/1544/2 9875/1855/2 9812/88/2
f 9878/1884/2 9876/1860/2 9877/1883/2
f 9880/1876/2 9879/1866/2 9822/1542/2
f 9883/1858/2 9881/1861/2 9882/1879/2
f 9876/1860/2 9881/1861/2 9884/1870/2
f 9880/1876/2 9822/1542/2 9885/1874/2
f 9881/1861/2 9883/1858/2 9886/1863/2
f 9884/1870/2 9881/1861/2 9887/1869/2
f 9887/1869/2 9888/1856/2 9889/1881/2
f 9890/1862/2 9877/1883/2 9876/1860/2
f 9893/1875/2 9891/1857/2 9892/1885/2
f 9894/1871/2 9822/1542/2 9879/1866/2
f 9896/1865/2 9880/1876/2 9895/1859/2
f 9882/1879/2 9881/1861/2 9878/1884/2
f 9888/1856/2 9887/1869/2 9881/1861/2
f 9877/1883/2 9890/1862/2 9897/1882/2
f 9897/1882/2 9890/1862/2 9891/1857/2
f 9892/1885/2 9891/1857/2 9880/1876/2
f 9899/1878/2 9888/1856/2 9898/1877/2
f 9898/1877/2 9817/1544/2 9900/1872/2
f 9879/1866/2 9880/1876/2 9896/1865/2
f 9902/1867/2 9822/1542/2 9901/1873/2
f 9876/1860/2 9878/1884/2 9881/1861/2
f 9891/1857/2 9893/1875/2 9897/1882/2
f 9817/1544/2 9898/1877/2 9888/1856/2
f 9895/1859/2 9880/1876/2 9891/1857/2
f 9822/1542/2 9902/1867/2 9903/1868/2
f 9904/1864/2 9822/1542/2 9881/1861/2
f 9888/1856/2 9899/1878/2 9905/1880/2
f 9822/1542/2 9894/1871/2 9817/1544/2
f 9822/1542/2 9904/1864/2 9901/1873/2
f 9888/1856/2 9905/1880/2 9889/1881/2
f 9822/1542/2 9903/1868/2 9885/1874/2
f 9817/1544/2 9894/1871/2 9900/1872/2
f 9881/1861/2 9886/1863/2 9904/1864/2
f 9875/1855/2 9817/1544/2 9888/1856/2
f 9849/1829/2 9812/88/2 9875/1855/2
f 9849/1829/2 9861/1830/2 9873/1841/2
f 9822/1542/2 9824/1935/2 9830/1919/2
f 9812/88/2 9813/1917/2 9817/1544/2
f 9786/1523/2 9811/1916/2 9812/88/2
f 9785/1899/2 9787/1898/2 9810/1900/2
f 9813/1917/2 9841/1932/2 9838/1943/2
f 9777/88/3 9776/1947/3 9775/1855/3
f 9776/1947/3 9777/88/3 9778/1668/3
f 9773/1948/3 9775/1855/3 9776/1947/3
f 9775/1855/3 9773/1948/3 9774/1949/3
f 9765/1781/4 9763/848/4 9764/1782/4
f 9767/1784/4 9766/847/4 9765/1781/4
f 9769/1783/4 9768/846/4 9767/1784/4
f 9771/1779/4 9770/845/4 9769/1783/4
f 9770/845/4 9771/1779/4 9772/88/4
f 9768/846/4 9769/1783/4 9770/845/4
f 9766/847/4 9767/1784/4 9768/846/4
f 9763/848/4 9765/1781/4 9766/847/4
f 9759/1950/5 9757/1949/5 9758/1951/5
f 9761/1779/5 9760/1855/5 9759/1950/5
f 9760/1855/5 9761/1779/5 9762/88/5
f 9757/1949/5 9759/1950/5 9760/1855/5
f 9751/846/6 9750/1771/6 9749/847/6
f 9753/845/6 9752/1769/6 9751/846/6
f 9755/88/6 9754/1770/6 9753/845/6
f 9754/1770/6 9755/88/6 9756/1668/6
f 9752/1769/6 9753/845/6 9754/1770/6
f 9750/1771/6 9751/846/6 9752/1769/6
f 9747/1768/6 9749/847/6 9750/1771/6
f 9749/847/6 9747/1768/6 9748/848/6
f 9719/1785/497 9721/1786/5 9723/1787/497
f 9722/1788/169 9723/1787/497 9725/1789/169
f 9724/1790/498 9725/1789/169 9727/1791/499
f 9726/1792/500 9727/1791/499 9729/1793/500
f 9728/1794/104 9729/1793/500 9731/1795/104
f 9730/1796/64 9731/1795/104 9733/1797/64
f 9732/1798/3 9733/1797/64 9735/1799/3
f 9734/1800/501 9735/1799/3 9737/1801/501
f 9736/1802/178 9737/1801/501 9739/1803/178
f 9738/1804/502 9739/1803/178 9741/1805/502
f 9740/1806/6 9741/1805/502 9743/1807/6
f 9742/1808/103 9743/1807/6 9745/1809/103
f 9744/1810/70 9745/1809/103 9746/1811/70
f 9720/1812/5 9746/1811/70 9721/1786/5
f 9746/1811/70 9720/1812/5 9744/1810/70
f 9745/1809/103 9744/1810/70 9742/1808/103
f 9743/1807/6 9742/1808/103 9740/1806/6
f 9741/1805/502 9740/1806/6 9738/1804/502
f 9739/1803/178 9738/1804/502 9736/1802/178
f 9737/1801/501 9736/1802/178 9734/1800/501
f 9735/1799/3 9734/1800/501 9732/1798/3
f 9733/1797/64 9732/1798/3 9730/1796/64
f 9731/1795/104 9730/1796/64 9728/1794/104
f 9729/1793/500 9728/1794/104 9726/1792/500
f 9727/1791/499 9726/1792/500 9724/1790/498
f 9725/1789/169 9724/1790/498 9722/1788/169
f 9723/1787/497 9722/1788/169 9719/1785/497
f 9721/1786/5 9719/1785/497 9720/1812/5
f 9691/1785/497 9693/1786/5 9695/1787/497
f 9694/1788/169 9695/1787/497 9697/1789/169
f 9696/1790/498 9697/1789/169 9699/1791/499
f 9698/1792/500 9699/1791/499 9701/1793/500
f 9700/1794/104 9701/1793/500 9703/1795/104
f 9702/1796/64 9703/1795/104 9705/1797/64
f 9704/1798/3 9705/1797/64 9707/1799/3
f 9706/1800/501 9707/1799/3 9709/1801/501
f 9708/1802/178 9709/1801/501 9711/1803/178
f 9710/1804/502 9711/1803/178 9713/1805/502
f 9712/1806/6 9713/1805/502 9715/1807/6
f 9714/1808/103 9715/1807/6 9717/1809/103
f 9716/1810/70 9717/1809/103 9718/1811/70
f 9692/1812/5 9718/1811/70 9693/1786/5
f 9718/1811/70 9692/1812/5 9716/1810/70
f 9717/1809/103 9716/1810/70 9714/1808/103
f 9715/1807/6 9714/1808/103 9712/1806/6
f 9713/1805/502 9712/1806/6 9710/1804/502
f 9711/1803/178 9710/1804/502 9708/1802/178
f 9709/1801/501 9708/1802/178 9706/1800/501
f 9707/1799/3 9706/1800/501 9704/1798/3
f 9705/1797/64 9704/1798/3 9702/1796/64
f 9703/1795/104 9702/1796/64 9700/1794/104
f 9701/1793/500 9700/1794/104 9698/1792/500
f 9699/1791/499 9698/1792/500 9696/1790/498
f 9697/1789/169 9696/1790/498 9694/1788/169
f 9695/1787/497 9694/1788/169 9691/1785/497
f 9693/1786/5 9691/1785/497 9692/1812/5
f 9673/1793/500 9672/1794/104 9670/1792/500
f 9675/1795/104 9674/1796/64 9672/1794/104
f 9677/1797/64 9676/1798/3 9674/1796/64
f 9679/1799/3 9678/1800/501 9676/1798/3
f 9681/1801/501 9680/1802/178 9678/1800/501
f 9683/1803/178 9682/1804/502 9680/1802/178
f 9685/1805/502 9684/1806/6 9682/1804/502
f 9687/1807/6 9686/1808/103 9684/1806/6
f 9689/1809/103 9688/1810/70 9686/1808/103
f 9690/1811/70 9664/1812/5 9688/1810/70
f 9664/1812/5 9690/1811/70 9665/1786/5
f 9688/1810/70 9689/1809/103 9690/1811/70
f 9686/1808/103 9687/1807/6 9689/1809/103
f 9684/1806/6 9685/1805/502 9687/1807/6
f 9671/1791/499 9670/1792/500 9668/1790/498
f 9680/1802/178 9681/1801/501 9683/1803/178
f 9678/1800/501 9679/1799/3 9681/1801/501
f 9676/1798/3 9677/1797/64 9679/1799/3
f 9674/1796/64 9675/1795/104 9677/1797/64
f 9672/1794/104 9673/1793/500 9675/1795/104
f 9670/1792/500 9671/1791/499 9673/1793/500
f 9668/1790/498 9669/1789/169 9671/1791/499
f 9666/1788/169 9667/1787/497 9669/1789/169
f 9663/1785/497 9665/1786/5 9667/1787/497
f 9682/1804/502 9683/1803/178 9685/1805/502
f 9665/1786/5 9663/1785/497 9664/1812/5
f 9667/1787/497 9666/1788/169 9663/1785/497
f 9669/1789/169 9668/1790/498 9666/1788/169
f 9635/1785/497 9637/1786/5 9639/1787/497
f 9638/1788/169 9639/1787/497 9641/1789/169
f 9640/1790/499 9641/1789/169 9643/1791/499
f 9642/1792/500 9643/1791/499 9645/1793/500
f 9644/1794/104 9645/1793/500 9647/1795/104
f 9646/1796/64 9647/1795/104 9649/1797/64
f 9648/1798/3 9649/1797/64 9651/1799/3
f 9650/1800/501 9651/1799/3 9653/1801/501
f 9652/1802/178 9653/1801/501 9655/1803/178
f 9654/1804/502 9655/1803/178 9657/1805/502
f 9656/1806/6 9657/1805/502 9659/1807/6
f 9658/1808/103 9659/1807/6 9661/1809/103
f 9660/1810/503 9661/1809/103 9662/1811/70
f 9636/1812/5 9662/1811/70 9637/1786/5
f 9662/1811/70 9636/1812/5 9660/1810/503
f 9661/1809/103 9660/1810/503 9658/1808/103
f 9659/1807/6 9658/1808/103 9656/1806/6
f 9657/1805/502 9656/1806/6 9654/1804/502
f 9655/1803/178 9654/1804/502 9652/1802/178
f 9653/1801/501 9652/1802/178 9650/1800/501
f 9651/1799/3 9650/1800/501 9648/1798/3
f 9649/1797/64 9648/1798/3 9646/1796/64
f 9647/1795/104 9646/1796/64 9644/1794/104
f 9645/1793/500 9644/1794/104 9642/1792/500
f 9643/1791/499 9642/1792/500 9640/1790/499
f 9641/1789/169 9640/1790/499 9638/1788/169
f 9639/1787/497 9638/1788/169 9635/1785/497
f 9637/1786/5 9635/1785/497 9636/1812/5
f 9607/1785/497 9609/1786/5 9611/1787/497
f 9610/1788/169 9611/1787/497 9613/1789/169
f 9612/1790/498 9613/1789/169 9615/1791/498
f 9614/1792/500 9615/1791/498 9617/1793/500
f 9616/1794/104 9617/1793/500 9619/1795/104
f 9618/1796/64 9619/1795/104 9621/1797/64
f 9620/1798/3 9621/1797/64 9623/1799/3
f 9622/1800/501 9623/1799/3 9625/1801/501
f 9624/1802/178 9625/1801/501 9627/1803/178
f 9626/1804/502 9627/1803/178 9629/1805/502
f 9628/1806/6 9629/1805/502 9631/1807/6
f 9630/1808/103 9631/1807/6 9633/1809/504
f 9632/1810/70 9633/1809/504 9634/1811/70
f 9608/1812/5 9634/1811/70 9609/1786/5
f 9634/1811/70 9608/1812/5 9632/1810/70
f 9633/1809/504 9632/1810/70 9630/1808/103
f 9631/1807/6 9630/1808/103 9628/1806/6
f 9629/1805/502 9628/1806/6 9626/1804/502
f 9627/1803/178 9626/1804/502 9624/1802/178
f 9625/1801/501 9624/1802/178 9622/1800/501
f 9623/1799/3 9622/1800/501 9620/1798/3
f 9621/1797/64 9620/1798/3 9618/1796/64
f 9619/1795/104 9618/1796/64 9616/1794/104
f 9617/1793/500 9616/1794/104 9614/1792/500
f 9615/1791/498 9614/1792/500 9612/1790/498
f 9613/1789/169 9612/1790/498 9610/1788/169
f 9611/1787/497 9610/1788/169 9607/1785/497
f 9609/1786/5 9607/1785/497 9608/1812/5
f 9579/1785/497 9581/1786/5 9583/1787/497
f 9582/1788/169 9583/1787/497 9585/1789/169
f 9584/1790/498 9585/1789/169 9587/1791/498
f 9586/1792/500 9587/1791/498 9589/1793/500
f 9588/1794/104 9589/1793/500 9591/1795/104
f 9590/1796/64 9591/1795/104 9593/1797/64
f 9592/1798/3 9593/1797/64 9595/1799/3
f 9594/1800/501 9595/1799/3 9597/1801/501
f 9596/1802/178 9597/1801/501 9599/1803/178
f 9598/1804/502 9599/1803/178 9601/1805/502
f 9600/1806/6 9601/1805/502 9603/1807/6
f 9602/1808/103 9603/1807/6 9605/1809/103
f 9604/1810/70 9605/1809/103 9606/1811/70
f 9580/1812/5 9606/1811/70 9581/1786/5
f 9606/1811/70 9580/1812/5 9604/1810/70
f 9605/1809/103 9604/1810/70 9602/1808/103
f 9603/1807/6 9602/1808/103 9600/1806/6
f 9601/1805/502 9600/1806/6 9598/1804/502
f 9599/1803/178 9598/1804/502 9596/1802/178
f 9597/1801/501 9596/1802/178 9594/1800/501
f 9595/1799/3 9594/1800/501 9592/1798/3
f 9593/1797/64 9592/1798/3 9590/1796/64
f 9591/1795/104 9590/1796/64 9588/1794/104
f 9589/1793/500 9588/1794/104 9586/1792/500
f 9587/1791/498 9586/1792/500 9584/1790/498
f 9585/1789/169 9584/1790/498 9582/1788/169
f 9583/1787/497 9582/1788/169 9579/1785/497
f 9581/1786/5 9579/1785/497 9580/1812/5
f 9551/1785/497 9553/1786/5 9555/1787/497
f 9554/1788/169 9555/1787/497 9557/1789/169
f 9556/1790/499 9557/1789/169 9559/1791/499
f 9558/1792/500 9559/1791/499 9561/1793/500
f 9560/1794/104 9561/1793/500 9563/1795/104
f 9562/1796/64 9563/1795/104 9565/1797/64
f 9564/1798/3 9565/1797/64 9567/1799/3
f 9566/1800/501 9567/1799/3 9569/1801/501
f 9568/1802/178 9569/1801/501 9571/1803/178
f 9570/1804/502 9571/1803/178 9573/1805/502
f 9572/1806/6 9573/1805/502 9575/1807/6
f 9574/1808/103 9575/1807/6 9577/1809/103
f 9576/1810/503 9577/1809/103 9578/1811/507
f 9552/1812/5 9578/1811/507 9553/1786/5
f 9578/1811/507 9552/1812/5 9576/1810/503
f 9577/1809/103 9576/1810/503 9574/1808/103
f 9575/1807/6 9574/1808/103 9572/1806/6
f 9573/1805/502 9572/1806/6 9570/1804/502
f 9571/1803/178 9570/1804/502 9568/1802/178
f 9569/1801/501 9568/1802/178 9566/1800/501
f 9567/1799/3 9566/1800/501 9564/1798/3
f 9565/1797/64 9564/1798/3 9562/1796/64
f 9563/1795/104 9562/1796/64 9560/1794/104
f 9561/1793/500 9560/1794/104 9558/1792/500
f 9559/1791/499 9558/1792/500 9556/1790/499
f 9557/1789/169 9556/1790/499 9554/1788/169
f 9555/1787/497 9554/1788/169 9551/1785/497
f 9553/1786/5 9551/1785/497 9552/1812/5
f 9523/1785/497 9525/1786/5 9527/1787/497
f 9526/1788/169 9527/1787/497 9529/1789/169
f 9528/1790/498 9529/1789/169 9531/1791/499
f 9530/1792/500 9531/1791/499 9533/1793/500
f 9532/1794/104 9533/1793/500 9535/1795/104
f 9534/1796/64 9535/1795/104 9537/1797/64
f 9536/1798/3 9537/1797/64 9539/1799/3
f 9538/1800/501 9539/1799/3 9541/1801/501
f 9540/1802/178 9541/1801/501 9543/1803/178
f 9542/1804/502 9543/1803/178 9545/1805/502
f 9544/1806/6 9545/1805/502 9547/1807/6
f 9546/1808/103 9547/1807/6 9549/1809/103
f 9548/1810/70 9549/1809/103 9550/1811/70
f 9524/1812/5 9550/1811/70 9525/1786/5
f 9550/1811/70 9524/1812/5 9548/1810/70
f 9549/1809/103 9548/1810/70 9546/1808/103
f 9547/1807/6 9546/1808/103 9544/1806/6
f 9545/1805/502 9544/1806/6 9542/1804/502
f 9543/1803/178 9542/1804/502 9540/1802/178
f 9541/1801/501 9540/1802/178 9538/1800/501
f 9539/1799/3 9538/1800/501 9536/1798/3
f 9537/1797/64 9536/1798/3 9534/1796/64
f 9535/1795/104 9534/1796/64 9532/1794/104
f 9533/1793/500 9532/1794/104 9530/1792/500
f 9531/1791/499 9530/1792/500 9528/1790/498
f 9529/1789/169 9528/1790/498 9526/1788/169
f 9527/1787/497 9526/1788/169 9523/1785/497
f 9525/1786/5 9523/1785/497 9524/1812/5
f 10109/1948/1 10111/1855/1 10112/1947/1
f 10113/88/1 10112/1947/1 10111/1855/1
f 10111/1855/1 10109/1948/1 10110/1949/1
f 10112/1947/1 10113/88/1 10114/1668/1
f 10103/1777/4 10102/1568/4 10101/1774/4
f 10105/1778/4 10104/1560/4 10103/1777/4
f 10107/1779/4 10106/1561/4 10105/1778/4
f 10106/1561/4 10107/1779/4 10108/88/4
f 10101/1774/4 10100/1775/4 10099/1776/4
f 10102/1568/4 10103/1777/4 10104/1560/4
f 10100/1775/4 10101/1774/4 10102/1568/4
f 10098/1780/4 10099/1776/4 10100/1775/4
f 10095/1678/4 10097/1772/4 10098/1780/4
f 10099/1776/4 10098/1780/4 10097/1772/4
f 10097/1772/4 10095/1678/4 10096/1773/4
f 10104/1560/4 10105/1778/4 10106/1561/4
f 10089/1949/2 10091/1950/2 10092/1855/2
f 10093/1779/2 10092/1855/2 10091/1950/2
f 10091/1950/2 10089/1949/2 10090/1951/2
f 10092/1855/2 10093/1779/2 10094/88/2
f 10081/1568/6 10080/1673/6 10079/1775/6
f 10079/1775/6 10078/1677/6 10077/1780/6
f 10077/1780/6 10075/1669/6 10076/1678/6
f 10083/1560/6 10082/1952/6 10081/1568/6
f 10080/1673/6 10081/1568/6 10082/1952/6
f 10078/1677/6 10079/1775/6 10080/1673/6
f 10075/1669/6 10077/1780/6 10078/1677/6
f 10085/1561/6 10084/1660/6 10083/1560/6
f 10087/88/6 10086/1663/6 10085/1561/6
f 10082/1952/6 10083/1560/6 10084/1660/6
f 10084/1660/6 10085/1561/6 10086/1663/6
f 10086/1663/6 10087/88/6 10088/1668/6
f 10054/1953/5 10056/1545/5 10067/1556/5
f 10055/1954/5 10058/1555/5 10056/1545/5
f 10057/1955/5 10060/88/5 10058/1555/5
f 10059/1855/5 10062/1529/5 10060/88/5
f 10061/1956/5 10064/1531/5 10062/1529/5
f 10063/1957/5 10066/1526/5 10064/1531/5
f 10067/1556/5 10068/1958/5 10074/1959/5
f 10058/1555/5 10070/1916/5 10069/1960/5
f 10060/88/5 10071/1961/5 10070/1916/5
f 10062/1529/5 10072/1962/5 10071/1961/5
f 10064/1531/5 10073/1963/5 10072/1962/5
f 10073/1963/5 10064/1531/5 10066/1526/5
f 10072/1962/5 10062/1529/5 10064/1531/5
f 10071/1961/5 10060/88/5 10062/1529/5
f 10070/1916/5 10058/1555/5 10060/88/5
f 10069/1960/5 10056/1545/5 10058/1555/5
f 10068/1958/5 10067/1556/5 10056/1545/5
f 10066/1526/5 10063/1957/5 10065/1964/5
f 10064/1531/5 10061/1956/5 10063/1957/5
f 10062/1529/5 10059/1855/5 10061/1956/5
f 10060/88/5 10057/1955/5 10059/1855/5
f 10058/1555/5 10055/1954/5 10057/1955/5
f 10056/1545/5 10054/1953/5 10055/1954/5
f 10056/1545/5 10069/1960/5 10068/1958/5
f 10038/1555/3 10047/1954/3 10036/1545/3
f 10036/1545/3 10046/1953/3 10033/1556/3
f 10045/1963/3 10044/1531/3 10043/1962/3
f 10040/88/3 10048/1955/3 10038/1555/3
f 10041/1961/3 10040/88/3 10039/1916/3
f 10039/1916/3 10038/1555/3 10037/1960/3
f 10037/1960/3 10036/1545/3 10035/1958/3
f 10042/1529/3 10049/1855/3 10040/88/3
f 10035/1958/3 10033/1556/3 10034/1959/3
f 10044/1531/3 10050/1956/3 10042/1529/3
f 10052/1526/3 10051/1957/3 10044/1531/3
f 10051/1957/3 10052/1526/3 10053/1964/3
f 10050/1956/3 10044/1531/3 10051/1957/3
f 10049/1855/3 10042/1529/3 10050/1956/3
f 10048/1955/3 10040/88/3 10049/1855/3
f 10033/1556/3 10035/1958/3 10036/1545/3
f 10036/1545/3 10037/1960/3 10038/1555/3
f 10038/1555/3 10039/1916/3 10040/88/3
f 10040/88/3 10041/1961/3 10042/1529/3
f 10042/1529/3 10043/1962/3 10044/1531/3
f 10044/1531/3 10045/1963/3 10052/1526/3
f 10046/1953/3 10036/1545/3 10047/1954/3
f 10043/1962/3 10042/1529/3 10041/1961/3
f 10047/1954/3 10038/1555/3 10048/1955/3
f 10675/1948/2 10677/1855/2 10678/1947/2
f 10679/88/2 10678/1947/2 10677/1855/2
f 10677/1855/2 10675/1948/2 10676/1949/2
f 10678/1947/2 10679/88/2 10680/1668/2
f 10669/1777/4 10668/1568/4 10667/1774/4
f 10671/1778/4 10670/1560/4 10669/1777/4
f 10673/1779/4 10672/1561/4 10671/1778/4
f 10672/1561/4 10673/1779/4 10674/88/4
f 10667/1774/4 10666/1775/4 10665/1776/4
f 10668/1568/4 10669/1777/4 10670/1560/4
f 10666/1775/4 10667/1774/4 10668/1568/4
f 10664/1780/4 10665/1776/4 10666/1775/4
f 10661/1678/4 10663/1772/4 10664/1780/4
f 10665/1776/4 10664/1780/4 10663/1772/4
f 10663/1772/4 10661/1678/4 10662/1773/4
f 10670/1560/4 10671/1778/4 10672/1561/4
f 10655/1949/1 10657/1950/1 10658/1855/1
f 10659/1779/1 10658/1855/1 10657/1950/1
f 10657/1950/1 10655/1949/1 10656/1951/1
f 10658/1855/1 10659/1779/1 10660/88/1
f 10647/1568/6 10646/1673/6 10645/1775/6
f 10645/1775/6 10644/1677/6 10643/1780/6
f 10643/1780/6 10641/1669/6 10642/1678/6
f 10649/1560/6 10648/1952/6 10647/1568/6
f 10646/1673/6 10647/1568/6 10648/1952/6
f 10644/1677/6 10645/1775/6 10646/1673/6
f 10641/1669/6 10643/1780/6 10644/1677/6
f 10651/1561/6 10650/1660/6 10649/1560/6
f 10653/88/6 10652/1663/6 10651/1561/6
f 10648/1952/6 10649/1560/6 10650/1660/6
f 10650/1660/6 10651/1561/6 10652/1663/6
f 10652/1663/6 10653/88/6 10654/1668/6
f 10620/1953/3 10622/1545/3 10633/1556/3
f 10621/1954/3 10624/1555/3 10622/1545/3
f 10623/1955/3 10626/88/3 10624/1555/3
f 10625/1855/3 10628/1529/3 10626/88/3
f 10627/1956/3 10630/1531/3 10628/1529/3
f 10629/1957/3 10632/1526/3 10630/1531/3
f 10633/1556/3 10634/1958/3 10640/1959/3
f 10624/1555/3 10636/1916/3 10635/1960/3
f 10626/88/3 10637/1961/3 10636/1916/3
f 10628/1529/3 10638/1962/3 10637/1961/3
f 10630/1531/3 10639/1963/3 10638/1962/3
f 10639/1963/3 10630/1531/3 10632/1526/3
f 10638/1962/3 10628/1529/3 10630/1531/3
f 10637/1961/3 10626/88/3 10628/1529/3
f 10636/1916/3 10624/1555/3 10626/88/3
f 10635/1960/3 10622/1545/3 10624/1555/3
f 10634/1958/3 10633/1556/3 10622/1545/3
f 10632/1526/3 10629/1957/3 10631/1964/3
f 10630/1531/3 10627/1956/3 10629/1957/3
f 10628/1529/3 10625/1855/3 10627/1956/3
f 10626/88/3 10623/1955/3 10625/1855/3
f 10624/1555/3 10621/1954/3 10623/1955/3
f 10622/1545/3 10620/1953/3 10621/1954/3
f 10622/1545/3 10635/1960/3 10634/1958/3
f 10604/1555/5 10613/1954/5 10602/1545/5
f 10602/1545/5 10612/1953/5 10599/1556/5
f 10611/1963/5 10610/1531/5 10609/1962/5
f 10606/88/5 10614/1955/5 10604/1555/5
f 10607/1961/5 10606/88/5 10605/1916/5
f 10605/1916/5 10604/1555/5 10603/1960/5
f 10603/1960/5 10602/1545/5 10601/1958/5
f 10608/1529/5 10615/1855/5 10606/88/5
f 10601/1958/5 10599/1556/5 10600/1959/5
f 10610/1531/5 10616/1956/5 10608/1529/5
f 10618/1526/5 10617/1957/5 10610/1531/5
f 10617/1957/5 10618/1526/5 10619/1964/5
f 10616/1956/5 10610/1531/5 10617/1957/5
f 10615/1855/5 10608/1529/5 10616/1956/5
f 10614/1955/5 10606/88/5 10615/1855/5
f 10599/1556/5 10601/1958/5 10602/1545/5
f 10602/1545/5 10603/1960/5 10604/1555/5
f 10604/1555/5 10605/1916/5 10606/88/5
f 10606/88/5 10607/1961/5 10608/1529/5
f 10608/1529/5 10609/1962/5 10610/1531/5
f 10610/1531/5 10611/1963/5 10618/1526/5
f 10612/1953/5 10602/1545/5 10613/1954/5
f 10609/1962/5 10608/1529/5 10607/1961/5
f 10613/1954/5 10604/1555/5 10614/1955/5
